n,ccr,shape,P,outdeg,rep,algo,makespan,energy,cost,reliability,load_balance
10,0.1,0.8,8,-1,0,HEFT,33507.459719194,3216740.9010554375,3.2000016555280632e-06,0.9999994239998675,0.058194568432885285
10,0.1,0.8,8,-1,0,GA,33508.393033743,3216829.216281266,3.03424314447006e-06,0.9999994538363831,0.05451872754029413
10,0.1,0.8,8,-1,1,HEFT,33508.636148841,3216852.1730718105,2.9848556944165873e-06,0.9999994627261194,0.04964611715346723
10,0.1,0.8,8,-1,1,GA,33509.57862101,3216943.3445159253,3.074534750056854e-06,0.999999446583898,0.048723083158859426
10,0.1,0.8,8,-1,2,HEFT,33509.87580229,3216977.6723858584,3.823690700058554e-06,0.9999993117359107,0.08419346419424198
10,0.1,0.8,8,-1,2,GA,33510.747405278,3217061.9162011994,3.89732487229695e-06,0.999999298481769,0.08113786149403414
10,0.1,1,8,-1,0,HEFT,33511.059113896,3217084.9012649055,3.0008179444040356e-06,0.9999994598529154,0.07814987961442593
10,0.1,1,8,-1,0,GA,33511.957093572,3217170.8431528048,2.966688616692813e-06,0.9999994659961914,0.06967184262190364
10,0.1,1,8,-1,1,HEFT,33512.252142048,3217204.3304107096,3.6336917444310125e-06,0.9999993459356998,0.07790319614661602
10,0.1,1,8,-1,1,GA,33513.12836726,3217286.0639212593,3.3256672221695126e-06,0.9999994013800791,0.0436005222429333
10,0.1,1,8,-1,2,HEFT,33513.411769543,3217313.308895569,3.3306226667466237e-06,0.9999994004880994,0.07883232725800873
10,0.1,1,8,-1,2,GA,33514.320337736,3217400.407120968,3.3145605054920048e-06,0.9999994033792869,0.06705363311801485
10,0.1,2,8,-1,0,HEFT,33514.560333082,3217445.878194967,6.2126898055187975e-06,0.9999988817164601,0.045710623470186396
10,0.1,2,8,-1,0,GA,33515.360593598,3217514.3548994996,5.134097427799134e-06,0.9999990758628898,0.08419296277947093
10,0.1,2,8,-1,1,HEFT,33515.530021045,3217518.8241490414,3.6100941500383974e-06,0.999999350183264,0.03783989351478649
10,0.1,2,8,-1,1,GA,33516.350271147,3217615.3948402735,5.913282966624441e-06,0.9999989356096325,0.08302488423502219
10,0.1,2,8,-1,2,HEFT,33516.571081642,3217623.437027973,4.213590483333165e-06,0.9999992415540003,0.05848814744471023
10,0.1,2,8,-1,2,GA,33517.343418703,3217693.992660052,3.7499308222726943e-06,0.9999993250126796,0.04937487656740564
10,0.1,4,8,-1,0,HEFT,33517.574464605,3217725.982813164,5.0173399333693345e-06,0.9999990968792195,0.10501610916445113
10,0.1,4,8,-1,0,GA,33518.359093822,3217792.76330582,3.913475311128423e-06,0.9999992955746918,0.06713593526386698
10,0.1,4,8,-1,1,HEFT,33518.592089919,3217820.285091776,4.5793875389386405e-06,0.9999991757105828,0.05615212084873853
10,0.1,4,8,-1,1,GA,33519.366143405,3217890.7106721858,4.077636344421383e-06,0.9999992660257272,0.06056171428663936
10,0.1,4,8,-1,2,HEFT,33519.605193408,3217912.4215429374,3.917697127811456e-06,0.9999992948147657,0.03585914085016552
10,0.1,4,8,-1,2,GA,33520.394498485,3217994.977721107,4.794039605581525e-06,0.9999991370732431,0.06833830724280823
10,0.5,0.5,8,-1,2,HEFT,33520.753794813,3218010.692764291,2.3680183776984148e-06,0.999999573756783,0.06998978338982662
10,0.5,0.5,8,-1,2,GA,33521.740748012,3218104.3261570055,2.224075950087152e-06,0.9999995996664091,0.05157308745033727
10,0.5,0.8,8,-1,0,HEFT,33522.036161139,3218140.379975027,3.2181531889364123e-06,0.9999994207325935,0.07903582390207958
10,0.5,0.8,8,-1,0,GA,33522.936148776,3218227.4567404985,3.305743927881445e-06,0.9999994049662697,0.06284910651176924
10,0.5,0.8,8,-1,1,HEFT,33523.187842141,3218250.135296911,3.1140118055191127e-06,0.9999994394780319,0.06296175385789173
10,0.5,0.8,8,-1,1,GA,33524.084042597,3218337.4338289574,3.2772273443697488e-06,0.999999410099252,0.08584316442101457
10,0.5,0.8,8,-1,2,HEFT,33524.357496001,3218363.507478416,3.2542457777809534e-06,0.9999994142359311,0.0902729780452014
10,0.5,0.8,8,-1,2,GA,33525.268106007,3218447.206279359,2.7736566778104234e-06,0.9999995007419227,0.03226911388634804
10,0.5,1,8,-1,0,HEFT,33525.547035046,3218480.023501318,3.5540228555166526e-06,0.9999993602760905,0.06833304965784465
10,0.5,1,8,-1,0,GA,33526.382597377,3218559.523402584,3.4617641332766247e-06,0.9999993768826498,0.06150001440665222
10,0.5,1,8,-1,1,HEFT,33526.670115067,3218585.6183701605,3.2670960889744392e-06,0.9999994119228769,0.061592533141959456
10,0.5,1,8,-1,1,GA,33527.596228729,3218673.838527895,3.1783682055700207e-06,0.9999994278938864,0.06343676959148906
10,0.5,1,8,-1,2,HEFT,33527.890029318,3218700.3755095974,2.962880499964942e-06,0.9999994666816524,0.07714959280216023
10,0.5,1,8,-1,2,GA,33528.852343699,3218794.023233666,3.126387411127022e-06,0.9999994372504241,0.05550242737317023
10,0.5,2,8,-1,0,HEFT,33529.079154475,3218821.209355225,3.825649305508705e-06,0.9999993113833618,0.06170074176386497
10,0.5,2,8,-1,0,GA,33529.933594822,3218912.100536918,4.9709863056503105e-06,0.9999991052228653,0.08779540450521174
10,0.5,2,8,-1,1,HEFT,33530.190167198,3218934.0643689483,4.626397666652338e-06,0.9999991672487665,0.07577110859389188
10,0.5,2,8,-1,1,GA,33531.027432972,3219014.7154581957,4.6617432666001455e-06,0.999999160886564,0.09530591073355549
10,0.5,2,8,-1,2,HEFT,33531.289830079,3219042.7928723563,5.034778394433993e-06,0.9999990937402993,0.06106332788468835
10,0.5,2,8,-1,2,GA,33532.113547607,3219117.021776203,4.4084245389563475e-06,0.9999992064838976,0.08895260505691813
10,0.5,4,8,-1,0,HEFT,33532.309297908,3219134.7669684226,4.273174322305648e-06,0.9999992308289177,0.06205564439083041
10,0.5,4,8,-1,0,GA,33533.121095177,3219215.500104759,4.635008755455298e-06,0.9999991656987718,0.09080149390432987
10,0.5,4,8,-1,1,HEFT,33533.379529706,3219239.876644595,4.579042999911407e-06,0.9999991757725997,0.05832512802908581
10,0.5,4,8,-1,1,GA,33534.211039734,3219319.309878058,4.528431988849965e-06,0.9999991848825742,0.08048111478334743
10,0.5,4,8,-1,2,HEFT,33534.38233225,3219333.081027478,4.183091922216894e-06,0.9999992470437373,0.05818468327171155
10,0.5,4,8,-1,2,GA,33535.161992922,3219406.780996604,4.0348418722310775e-06,0.9999992737287264,0.07293254814051453
10,0.8,0.8,8,-1,0,HEFT,33535.432115428,3219428.5509900525,3.49714586106226e-06,0.9999993705139429,0.06501500784422737
10,0.8,0.8,8,-1,0,GA,33536.349931577,3219520.8271245863,4.035360877807964e-06,0.9999992736353056,0.06638706230312141
10,0.8,0.8,8,-1,2,HEFT,33536.641773069,3219543.075596364,3.29010100006902e-06,0.999999407781995,0.07800490941864463
10,0.8,0.8,8,-1,2,GA,33537.536039934,3219628.2886083587,3.2078520277637937e-06,0.9999994225868016,0.054808926153631504
10,0.8,1,8,-1,0,HEFT,33537.825086351,3219652.9080413366,2.803585483262497e-06,0.9999994953547401,0.06993889960293351
10,0.8,1,8,-1,0,GA,33538.756245611,3219742.8563880296,2.8755567666343672e-06,0.9999994823999157,0.029326741359940064
10,0.8,1,8,-1,1,HEFT,33539.065128196,3219778.3332280554,3.6280259999330155e-06,0.9999993469555328,0.09253491187684591
10,0.8,1,8,-1,1,GA,33539.993265744,3219862.008828286,2.9270435222214375e-06,0.9999994731323048,0.04327320669050861
10,0.8,2,8,-1,0,HEFT,33540.215090575,3219897.313775584,4.737090488924878e-06,0.9999991473240756,0.06461095275959317
10,0.8,2,8,-1,0,GA,33541.000725949,3219970.1245454983,4.399851988920192e-06,0.9999992080269555,0.056476707445094816
10,0.8,2,8,-1,1,HEFT,33541.269388239,3220005.3442404945,5.617954722280653e-06,0.9999989887686612,0.07216684697894972
10,0.8,2,8,-1,1,GA,33542.094083049,3220075.8549784096,4.499096344443387e-06,0.9999991901629858,0.1384559752061905
10,0.8,2,8,-1,2,HEFT,33542.342030145,3220099.2794908118,4.4502063166874e-06,0.9999991989631838,0.06631199832774448
10,0.8,2,8,-1,2,GA,33543.227438209,3220185.7294983715,4.637652494420763e-06,0.9999991652228993,0.08327652381119355
10,0.8,4,8,-1,0,HEFT,33543.473634091,3220210.4361464563,4.776133555545433e-06,0.9999991402963295,0.05637203437728237
10,0.8,4,8,-1,0,GA,33544.320147099,3220293.446200849,5.001560638872131e-06,0.9999990997194903,0.08594233196100874
10,0.8,4,8,-1,1,HEFT,33544.526145289,3220306.1809796616,4.091864588877393e-06,0.9999992634646451,0.03246024455539083
10,0.8,4,8,-1,1,GA,33545.337475292,3220385.48820089,4.275267811115353e-06,0.9999992304520902,0.06646457233827556
10,0.8,4,8,-1,2,HEFT,33545.571455185,3220408.471548653,4.342616394488788e-06,0.9999992183293543,0.0778633222693592
10,0.8,4,8,-1,2,GA,33546.42676802,3220489.46547148,4.198416222182762e-06,0.9999992442853655,0.048640572481717916
10,1,0.8,8,-1,0,HEFT,33546.744166851,3220510.308103933,2.9545331056093953e-06,0.9999994681841823,0.08420380605149895
10,1,0.8,8,-1,0,GA,33547.634379682,3220596.6108036274,3.063353250036016e-06,0.9999994485965669,0.05153962539080545
10,1,0.8,8,-1,1,HEFT,33547.971333724,3220634.747112849,3.8112500445196122e-06,0.9999993139752273,0.08923758361887751
10,1,0.8,8,-1,1,GA,33548.880682594,3220718.469404068,3.349337861032432e-06,0.9999993971193665,0.05255411271185416
10,1,1,8,-1,0,HEFT,33549.157464452,3220743.7402351014,3.1813498332566173e-06,0.9999994273571937,0.07906212749077539
10,1,1,8,-1,0,GA,33550.033600699,3220827.234693324,3.1019413721676554e-06,0.9999994416507085,0.06560061489257507
10,1,1,8,-1,1,HEFT,33550.261749126,3220853.2801114703,3.6372345444154536e-06,0.9999993452979963,0.07011734254338457
10,1,1,8,-1,1,GA,33551.127274794,3220932.151935985,3.092190666737022e-06,0.9999994434058349,0.0458171582000753
10,1,2,8,-1,0,HEFT,33551.377720937,3220964.755573577,4.198238194415656e-06,0.9999992443174105,0.06728719219589284
10,1,2,8,-1,0,GA,33552.202397124,3221042.333053616,3.992626577746705e-06,0.9999992813274738,0.07628895766164562
10,1,2,8,-1,1,HEFT,33552.410296866,3221064.5956636555,4.2903313333226834e-06,0.9999992277406581,0.054857624650936083
10,1,2,8,-1,1,GA,33553.264605186,3221156.653094016,5.587983999996343e-06,0.9999989941633859,0.11173338717107624
10,1,2,8,-1,2,HEFT,33553.504457162,3221179.2251593657,5.529363283373337e-06,0.9999990047151043,0.03991697990464377
10,1,2,8,-1,2,GA,33554.282217993,3221251.2884667693,5.193222150006073e-06,0.9999990652204498,0.0929160326876258
10,1,4,8,-1,0,HEFT,33554.495177215,3221266.4485952077,4.510540383368304e-06,0.9999991881030604,0.06100754949450046
10,1,4,8,-1,0,GA,33555.296343058,3221343.6040753154,4.5420079777815974e-06,0.9999991824388983,0.059631114510462255
10,1,4,8,-1,1,HEFT,33555.511772742,3221359.773095212,3.959032555576414e-06,0.9999992873743936,0.062439627029622365
10,1,4,8,-1,1,GA,33556.268530794,3221428.754562463,3.4852204443773694e-06,0.9999993726605169,0.06503132407659619
10,1,4,8,-1,2,HEFT,33556.485613349,3221456.8195008244,4.418684666678826e-06,0.9999992046370761,0.045239415946283376
10,1,4,8,-1,2,GA,33557.302112835,3221539.026823011,4.912660316687026e-06,0.9999991157215339,0.06822495306425028
10,2,0.8,8,-1,0,HEFT,33557.620756878,3221559.1793178134,3.564167638897844e-06,0.9999993584500309,0.11242735359563509
10,2,0.8,8,-1,0,GA,33558.504987722,3221637.411461725,2.704475505541066e-06,0.9999995131945273,0.040223221818745394
10,2,0.8,8,-1,1,HEFT,33558.830098576,3221673.5780143137,3.344774033313216e-06,0.9999993979408551,0.09056987960246349
10,2,0.8,8,-1,1,GA,33559.751138683,3221762.9674021415,3.470037283356457e-06,0.999999375393484,0.04863852197089536
10,2,0.8,8,-1,2,HEFT,33560.066559633,3221793.506107375,3.5034086056031e-06,0.9999993693866499,0.10449302989227273
10,2,0.8,8,-1,2,GA,33560.929926749,3221872.407125155,2.988909205547922e-06,0.9999994619964874,0.05525119668586902
10,2,1,8,-1,0,HEFT,33561.24514471,3221905.0572351054,3.297589527776129e-06,0.999999406434061,0.07275017115526984
10,2,1,8,-1,0,GA,33562.142996376,3221992.7833455354,3.4955676278413096e-06,0.9999993707980248,0.0602479190007884
10,2,1,8,-1,1,HEFT,33562.40382396,3222013.3497682204,2.9176573721391226e-06,0.9999994748218107,0.10165353686929682
10,2,1,8,-1,1,GA,33563.324037143,3222105.321293754,3.386786566665655e-06,0.9999993903786036,0.08362174938702685
10,2,1,8,-1,2,HEFT,33563.619247535,3222133.048416866,3.3075779722922666e-06,0.9999994046361425,0.08224703941332724
10,2,1,8,-1,2,GA,33564.536342383,3222217.642239793,2.862192638915278e-06,0.9999994848054574,0.059052243653792046
10,2,2,8,-1,0,HEFT,33564.756641875,3222248.797113944,4.154973377808347e-06,0.9999992521050717,0.07768089262808357
10,2,2,8,-1,0,GA,33565.595108876,3222329.7510224404,4.214543972193496e-06,0.9999992413823725,0.09418673333373347
10,2,2,8,-1,1,HEFT,33565.816831503,3222351.732426215,4.304470533275485e-06,0.9999992251956041,0.09680792883712533
10,2,2,8,-1,1,GA,33566.631090963,3222428.678977073,4.146543233259258e-06,0.9999992536224964,0.08755527488626494
10,2,2,8,-1,2,HEFT,33566.857431545,3222454.815855055,4.716075805521945e-06,0.999999151106715,0.04976833611468968
10,2,2,8,-1,2,GA,33567.727412657,3222550.2522536805,6.255896461071745e-06,0.9999988739392708,0.09311467194365361
10,2,4,8,-1,0,HEFT,33567.965097396,3222561.746314746,4.792889499933355e-06,0.9999991372802619,0.09117878477974733
10,2,4,8,-1,0,GA,33568.824174921,3222641.2739786077,4.4125563555199834e-06,0.9999992057401712,0.08246153506385319
10,2,4,8,-1,1,HEFT,33569.003402797,3222654.7130858367,3.925893711170324e-06,0.9999992933393818,0.06946550594452933
10,2,4,8,-1,1,GA,33569.829026465,3222732.5863975515,3.746751538953201e-06,0.9999993255849503,0.06347187823235893
10,2,4,8,-1,2,HEFT,33570.071092505,3222757.547560986,3.969338566700268e-06,0.9999992855193128,0.061892942587989205
10,2,4,8,-1,2,GA,33570.919973577,3222839.858839904,4.075113244430718e-06,0.9999992664798847,0.05056884097223132
10,5,0.8,8,-1,1,HEFT,33571.242172625,3222862.1663762997,2.9609566278344977e-06,0.9999994670279492,0.06722663343268935
10,5,0.8,8,-1,1,GA,33572.198212986,3222952.644005715,2.7927078887943125e-06,0.9999994973127063,0.03623476117532128
10,5,0.8,8,-1,2,HEFT,33572.503270485,3222985.1683315868,3.2111582721780807e-06,0.9999994219916778,0.075574257972077
10,5,0.8,8,-1,2,GA,33573.418336022,3223072.2735224385,3.115408827781923e-06,0.9999994392265683,0.049858275016695985
10,5,1,8,-1,0,HEFT,33573.769581999,3223103.2941161436,2.7666982221691997e-06,0.9999995019944441,0.11780650390041901
10,5,1,8,-1,0,GA,33574.736035108,3223193.268939995,2.4043371611494675e-06,0.9999995672194044,0.04385155134941895
10,5,1,8,-1,1,HEFT,33575.036283895,3223228.7196533503,3.2605167222451807e-06,0.9999994131071624,0.10420842751502146
10,5,1,8,-1,1,GA,33575.909634233,3223309.920470382,2.919326099961634e-06,0.9999994745214402,0.07874550987379393
10,5,2,8,-1,0,HEFT,33576.15383119,3223342.774351847,4.135214161093852e-06,0.999999255661728,0.07407536338152032
10,5,2,8,-1,0,GA,33576.994284827,3223424.11718332,4.220392755531874e-06,0.9999992403295926,0.06653718979057657
10,5,2,8,-1,1,HEFT,33577.235515903,3223449.627130226,4.524238183269821e-06,0.9999991856374584,0.06035430928303876
10,5,2,8,-1,1,GA,33578.066326682,3223534.4179449882,5.174493994369793e-06,0.9999990685915146,0.0806738968822369
10,5,2,8,-1,2,HEFT,33578.311400373,3223556.1337037077,4.940473888887532e-06,0.9999991107150952,0.10298213047300941
10,5,2,8,-1,2,GA,33579.133106732,3223626.8966376726,3.891265038813193e-06,0.9999992995725381,0.06972296526558419
10,5,4,8,-1,0,HEFT,33579.366630449,3223648.5995605714,3.7988420500268046e-06,0.9999993162086647,0.061162613694496194
10,5,4,8,-1,0,GA,33580.157688543,3223725.7459704177,3.9545052054664764e-06,0.9999992881893162,0.08488865546053714
10,5,4,8,-1,1,HEFT,33580.41108514,3223750.4346985486,4.001359833192611e-06,0.9999992797554893,0.08158587426711116
10,5,4,8,-1,1,GA,33581.272220226,3223833.8400697988,4.096502338830356e-06,0.9999992626298508,0.07426705185587265
10,5,4,8,-1,2,HEFT,33581.523237518,3223861.317929387,4.53322062781404e-06,0.9999991840206202,0.10135345404300593
10,5,4,8,-1,2,GA,33582.37525855,3223941.619248394,4.340365322221057e-06,0.999999218734547,0.11653474544390942
10,8,0.8,8,-1,0,HEFT,33582.690936694,3223964.789515233,3.4185520166728467e-06,0.9999993846608264,0.06342797376379924
10,8,0.8,8,-1,0,GA,33583.620089202,3224053.7433580756,3.386924377708864e-06,0.9999993903537976,0.09219358959074382
10,8,0.8,8,-1,2,HEFT,33583.936088704,3224080.1914578723,2.8846178667057153e-06,0.9999994807689183,0.06936811376494341
10,8,0.8,8,-1,2,GA,33584.917270899,3224174.4932955205,2.898616177804393e-06,0.999999478249224,0.06668098477108146
10,8,1,8,-1,1,HEFT,33585.230933777,3224207.5215657786,3.275442272206419e-06,0.9999994104205645,0.14439215802897382
10,8,1,8,-1,1,GA,33586.142345444,3224291.7877285345,2.8582126499612867e-06,0.999999485521855,0.09335472378983173
10,8,1,8,-1,2,HEFT,33586.511111288,3224326.588805084,2.7806358444649962e-06,0.9999994994856732,0.14354091932053745
10,8,1,8,-1,2,GA,33587.519180894,3224424.299195553,2.9015283888131514e-06,0.9999994777250265,0.08862021750041293
10,8,2,8,-1,0,HEFT,33587.794142882,3224461.890274074,4.347875633377246e-06,0.9999992173826922,0.06586521167325535
10,8,2,8,-1,0,GA,33588.698161925,3224544.243350968,3.775168755601044e-06,0.9999993204698546,0.06726025524254482
10,8,2,8,-1,1,HEFT,33588.97514002,3224573.7842257284,4.156432016679901e-06,0.9999992518425167,0.0657474547872868
10,8,2,8,-1,1,GA,33589.84008652,3224652.633878788,3.6157070889102117e-06,0.9999993491729355,0.06997654165022979
10,8,2,8,-1,2,HEFT,33590.099022724,3224681.0037922724,4.069458755556197e-06,0.9999992674976923,0.08112672193800183
10,8,2,8,-1,2,GA,33590.983030731,3224765.4650430526,4.017324661092264e-06,0.9999992768818223,0.04930200153278284
10,8,4,8,-1,0,HEFT,33591.28614874,3224795.7557092337,4.171244211061599e-06,0.9999992491763238,0.12501645594003702
10,8,4,8,-1,0,GA,33592.272132688,3224902.829016732,5.7757466000314004e-06,0.9999989603661523,0.17193647042038324
10,8,4,8,-1,1,HEFT,33592.51195369,3224917.419121758,4.686249033289238e-06,0.9999991564755296,0.05799706695247079
10,8,4,8,-1,1,GA,33593.345094161,3224997.6685906276,4.720872244433849e-06,0.9999991502433568,0.07798500725863194
10,8,4,8,-1,2,HEFT,33593.536470154,3225008.077849121,3.692081955604307e-06,0.9999993354254686,0.10718407076409571
10,8,4,8,-1,2,GA,33594.358881283,3225097.387350573,5.0303291220997274e-06,0.9999990945411679,0.11563269984697115
10,10,0.8,8,-1,0,HEFT,33594.708386301,3225114.2784754997,2.8776990444182754e-06,0.9999994820143061,0.08563836932767213
10,10,0.8,8,-1,0,GA,33595.696920694,3225209.781593591,2.9557114944812684e-06,0.9999994679720724,0.07765182651193657
10,10,1,8,-1,2,HEFT,33595.977741291,3225236.4934805976,2.9238135221627697e-06,0.9999994737137042,0.09792126361977677
10,10,1,8,-1,2,GA,33596.872684101,3225323.3303893777,3.042986522187776e-06,0.9999994522625757,0.05478175663713779
10,10,2,8,-1,0,HEFT,33597.139329743,3225355.975629184,3.9534849943366786e-06,0.999999288372954,0.08780116327611118
10,10,2,8,-1,0,GA,33598.030109924,3225441.5817676163,3.965273244466516e-06,0.9999992862510704,0.10083602177254321
10,10,2,8,-1,1,HEFT,33598.327033826,3225476.0182376886,4.731652505547067e-06,0.9999991483029115,0.06932487566000613
10,10,2,8,-1,1,GA,33599.202132506,3225557.7673874595,4.439621044406926e-06,0.9999992008685311,0.05366105430128877
10,10,2,8,-1,2,HEFT,33599.434139548,3225576.217381423,3.945734472209652e-06,0.9999992897680473,0.09311127268191514
10,10,2,8,-1,2,GA,33600.23402957,3225649.870721391,3.540553316674454e-06,0.9999993627006061,0.093504609949799
10,10,4,8,-1,0,HEFT,33600.488340925,3225673.342726142,3.4188627056816283e-06,0.9999993846049021,0.06577153682583406
10,10,4,8,-1,0,GA,33601.36114441,3225761.7851617727,4.020064394393962e-06,0.9999992763886705,0.06241722128593349
10,10,4,8,-1,1,HEFT,33601.634172012,3225791.076354957,4.418067416675816e-06,0.9999992047481812,0.060196931113695194
10,10,4,8,-1,1,GA,33602.496119374,3225876.7877201186,4.801067211196318e-06,0.9999991358082754,0.10555415545133365
10,10,4,8,-1,2,HEFT,33602.806153091,3225904.0806562277,4.48190691107205e-06,0.9999991932570812,0.06597258496824515
10,10,4,8,-1,2,GA,33603.658056398,3225977.189986976,3.361314311081919e-06,0.999999394963607,0.05167754012129441
20,0.1,0.8,8,-1,0,HEFT,33604.098865357,3226052.831269837,7.666691933465901e-06,0.9999986199964036,0.06469228079334216
20,0.1,0.8,8,-1,0,GA,33605.639670713,3226205.2264606073,8.245228961176407e-06,0.9999985158598879,0.10575883066837104
20,0.1,0.8,8,-1,1,HEFT,33606.150238763,3226250.866255668,7.809216333326833e-06,0.9999985943420477,0.11093557825937715
20,0.1,0.8,8,-1,1,GA,33607.707353007,3226404.4705934385,8.341693122282676e-06,0.9999984984963651,0.11357802486684197
20,0.1,0.8,8,-1,2,HEFT,33608.208715865,3226443.0974683897,7.113791388797432e-06,0.9999987195183699,0.10730705388919376
20,0.1,0.8,8,-1,2,GA,33609.690217035,3226594.710594589,8.326842277690756e-06,0.999998501169513,0.05779492452668593
20,0.1,1,8,-1,0,HEFT,33610.108700734,3226639.201323771,8.884503011197214e-06,0.9999984007907365,0.11035392743941198
20,0.1,1,8,-1,0,GA,33611.642470484,3226790.746206379,9.4404444334537e-06,0.999998300721445,0.10301150847813367
20,0.1,1,8,-1,1,HEFT,33612.135149035,3226830.9227167787,8.520466333195348e-06,0.9999984663172357,0.115738036111603
20,0.1,1,8,-1,1,GA,33613.657604096,3226979.034914934,8.773245699962394e-06,0.9999984208170207,0.1246761703758666
20,0.1,1,8,-1,2,HEFT,33614.102323915,3227011.9380560266,7.508392788925752e-06,0.9999986484902111,0.11099325325902337
20,0.1,1,8,-1,2,GA,33615.678819741,3227166.711598525,7.951537905561661e-06,0.999998568724201,0.056899147955952134
20,0.1,2,8,-1,0,HEFT,33616.103826744,3227250.1968419487,1.3466340377837897e-05,0.9999975760616692,0.12103134343898504
20,0.1,2,8,-1,0,GA,33617.411437205,3227357.4901420255,1.1110099527811852e-05,0.9999980001840844,0.18448576460677202
20,0.1,2,8,-1,1,HEFT,33617.786215258,3227397.6737938905,1.1653375855611456e-05,0.9999979023945454,0.07773531413205759
20,0.1,2,8,-1,1,GA,33619.175483145,3227528.145734248,1.1278986088897607e-05,0.9999979697845647,0.0940114456270384
20,0.1,2,8,-1,2,HEFT,33619.591139371,3227565.0043002525,1.0885648661052175e-05,0.9999980405851606,0.06462990605599948
20,0.1,2,8,-1,2,GA,33621.014138353,3227698.980145435,1.054558960555975e-05,0.9999981017956726,0.07641037368429054
20,0.1,4,8,-1,0,HEFT,33621.36215784,3227746.6352337776,1.2386056994526167e-05,0.9999977705122263,0.06228662857433559
20,0.1,4,8,-1,0,GA,33622.574025674,3227864.4399153646,1.2575381222308755e-05,0.9999977364339416,0.1390815868260903
20,0.1,4,8,-1,1,HEFT,33622.930360571,3227891.9809481995,1.1713996561148735e-05,0.9999978914828416,0.10345866520923053
20,0.1,4,8,-1,1,GA,33624.238354982,3228015.48217888,1.1447041422232158e-05,0.9999979395346669,0.1353313875968868
20,0.1,4,8,-1,2,HEFT,33624.606144539,3228056.805942178,1.222429798884453e-05,0.9999977996287828,0.039988084177373685
20,0.1,4,8,-1,2,GA,33625.917654942,3228183.068138942,1.2270447611121604e-05,0.9999977913218691,0.12329167717499417
20,0.5,0.8,8,-1,0,HEFT,33626.40581486,3228190.077616643,7.121368227793331e-06,0.9999987181545409,0.10108044256490897
20,0.5,0.8,8,-1,0,GA,33628.036570347,3228353.5063105472,8.009761916683702e-06,0.9999985582438946,0.09198122344753014
20,0.5,0.8,8,-1,2,HEFT,33628.523901321,3228399.162526441,7.864082638843684e-06,0.9999985844661269,0.08446531232718058
20,0.5,0.8,8,-1,2,GA,33630.076158057,3228546.5130517534,7.648821483356491e-06,0.9999986232130802,0.12097147111085217
20,0.5,1,8,-1,0,HEFT,33630.534634285,3228600.1008108016,8.885777705654618e-06,0.9999984005612916,0.09962840328428887
20,0.5,1,8,-1,0,GA,33632.070206211,3228755.3154872023,9.893500122295035e-06,0.9999982191715634,0.16025677662274246
20,0.5,1,8,-1,2,HEFT,33632.533586573,3228787.887719565,8.3544455500588e-06,0.9999984962009315,0.12865856726180905
20,0.5,1,8,-1,2,GA,33634.118163282,3228936.78871367,7.938635477775178e-06,0.999998571046635,0.11242828411615276
20,0.5,2,8,-1,0,HEFT,33634.538166331,3228993.6092862515,1.0070454583304432e-05,0.9999981873198172,0.08508001807628095
20,0.5,2,8,-1,0,GA,33635.873483496,3229127.2270289706,1.0771655472207286e-05,0.9999980611038942,0.11052841983365674
20,0.5,2,8,-1,1,HEFT,33636.211734219,3229157.534008261,1.0491928066767288e-05,0.999998111454731,0.047476508037720584
20,0.5,2,8,-1,1,GA,33637.623788575,3229287.134040579,9.722265811231207e-06,0.999998249993685,0.1344294871028395
20,0.5,2,8,-1,2,HEFT,33637.974489289,3229325.2554961992,1.0297742177701567e-05,0.9999981464081256,0.07542780471735569
20,0.5,2,8,-1,2,GA,33639.426190772,3229460.4740428114,9.76223885008949e-06,0.9999982427985508,0.12504897945574248
20,0.5,4,8,-1,0,HEFT,33639.778036214,3229510.3625142584,1.1843803322295167e-05,0.9999978681176744,0.04864241146386323
20,0.5,4,8,-1,0,GA,33641.115029364,3229633.7618618915,1.1204010716715453e-05,0.9999979832801045,0.0503095193191791
20,0.5,4,8,-1,1,HEFT,33641.48730206,3229685.9080184177,1.332390447771306e-05,0.9999976017000701,0.09623789536773786
20,0.5,4,8,-1,1,GA,33642.728148956,3229806.0289276307,1.3453052694401575e-05,0.999997578453447,0.12649597378327895
20,0.5,4,8,-1,2,HEFT,33643.064927069,3229828.409940243,1.2167563516696748e-05,0.9999978098409655,0.08095316787617612
20,0.5,4,8,-1,2,GA,33644.331699617,3229949.367116742,1.208319812790756e-05,0.9999978250267022,0.12386410004621098
20,0.8,0.8,8,-1,0,HEFT,33644.866408323,3229966.3771133674,7.648826144537048e-06,0.9999986232122412,0.14205625521538026
20,0.8,0.8,8,-1,0,GA,33646.43910034,3230112.604409145,7.0349840445689754e-06,0.9999987337036734,0.08367478681054248
20,0.8,0.8,8,-1,1,HEFT,33646.92008216,3230174.4896639497,9.064829016683184e-06,0.9999983683321078,0.07165540025705584
20,0.8,0.8,8,-1,1,GA,33648.497148517,3230326.819061406,9.185116766659322e-06,0.9999983466803486,0.09754488362009019
20,0.8,0.8,8,-1,2,HEFT,33649.021366993,3230366.0499784723,7.751776116735225e-06,0.9999986046812723,0.13611814427589905
20,0.8,0.8,8,-1,2,GA,33650.595083343,3230515.0717968205,7.486278538999614e-06,0.9999986524707706,0.08414817684970419
20,0.8,1,8,-1,1,HEFT,33651.070123583,3230568.9873011275,8.560133999991295e-06,0.9999984591770669,0.12473012035898122
20,0.8,1,8,-1,1,GA,33652.612604083,3230712.549313751,7.976656561166035e-06,0.9999985642028494,0.12520168584008498
20,0.8,1,8,-1,2,HEFT,33653.076301643,3230756.9739870364,7.964990866740765e-06,0.9999985663026715,0.10785542786806712
20,0.8,1,8,-1,2,GA,33654.558143836,3230899.5250390065,8.003001388957879e-06,0.9999985594607873,0.06665975059614632
20,0.8,2,8,-1,0,HEFT,33654.948375555,3230956.0681873215,1.0468234372213677e-05,0.9999981157195884,0.0765240663332086
20,0.8,2,8,-1,0,GA,33656.339423353,3231095.1962849395,1.1190134761192087e-05,0.9999979857777714,0.12472047002639666
20,0.8,2,8,-1,1,HEFT,33656.756671807,3231158.9022726184,1.4245707900004667e-05,0.9999974357758656,0.08427264138146133
20,0.8,2,8,-1,1,GA,33658.142820645,3231271.0368929356,1.154084121650764e-05,0.9999979226507385,0.15536416834711336
20,0.8,2,8,-1,2,HEFT,33658.524185299,3231291.623326394,9.470482905615224e-06,0.9999982953145297,0.0711972848079394
20,0.8,2,8,-1,2,GA,33659.972438535,3231431.3874685816,9.56503478317043e-06,0.999998278295221,0.09920950706860246
20,0.8,4,8,-1,0,HEFT,33660.313226638,3231485.9496996766,1.2387589461084441e-05,0.9999977702363831,0.09509188836378858
20,0.8,4,8,-1,0,GA,33661.615755273,3231610.2578579662,1.229268110570653e-05,0.9999977873198488,0.14930298912348522
20,0.8,4,8,-1,1,HEFT,33661.958102214,3231640.271486001,1.1924247216746963e-05,0.9999978536378044,0.09460024450597608
20,0.8,4,8,-1,1,GA,33663.218561569,3231759.7272313097,1.1724201638935483e-05,0.9999978896459313,0.08310816864991849
20,0.8,4,8,-1,2,HEFT,33663.567027934,3231794.638599157,1.191265083891469e-05,0.9999978557251479,0.0795254158917142
20,0.8,4,8,-1,2,GA,33664.824157623,3231921.751459431,1.2743194783373233e-05,0.9999977062275696,0.14058599933872817
20,1,0.8,8,-1,0,HEFT,33665.356931133,3231942.0892329114,8.762770561184476e-06,0.9999984227025426,0.1409258099897191
20,1,0.8,8,-1,0,GA,33666.924327519,3232081.9686297774,7.394468727822338e-06,0.9999986689965145,0.1350203448700196
20,1,0.8,8,-1,1,HEFT,33667.442876156,3232139.489546265,8.394500683385154e-06,0.9999984889910183,0.10383449078679732
20,1,0.8,8,-1,1,GA,33669.075211233,3232290.724067346,7.68782803336055e-06,0.9999986161919112,0.12197177594149491
20,1,1,8,-1,0,HEFT,33669.579653119,3232337.073475569,7.419480122148848e-06,0.9999986644944695,0.10016053762849264
20,1,1,8,-1,0,GA,33671.183902099,3232497.715750213,8.27663420010746e-06,0.9999985102069533,0.09895015915552076
20,1,1,8,-1,1,HEFT,33671.698467808,3232551.6362963794,8.860902688845979e-06,0.9999984050387882,0.12744000278852755
20,1,1,8,-1,1,GA,33673.268648419,3232697.035578399,8.171231288805657e-06,0.9999985291794495,0.11303262931431624
20,1,1,8,-1,2,HEFT,33673.705565806,3232733.7578555625,7.496581161063255e-06,0.9999986506163013,0.15228175159031104
20,1,1,8,-1,2,GA,33675.310118882,3232892.7577225436,8.137766133263035e-06,0.9999985352031684,0.09699440776694926
20,1,2,8,-1,0,HEFT,33675.714471304,3232949.8949026773,1.0504606911288446e-05,0.9999981091725433,0.07471971470200059
20,1,2,8,-1,0,GA,33677.155045434,3233087.8086211537,1.0455330683342053e-05,0.9999981180422478,0.09048169651540465
20,1,2,8,-1,1,HEFT,33677.494189581,3233114.7611875576,9.731135372365113e-06,0.9999982483971668,0.0633644509128104
20,1,2,8,-1,1,GA,33678.912354958,3233260.740770702,1.1001898544337665e-05,0.9999980196602228,0.17920167526237568
20,1,2,8,-1,2,HEFT,33679.28618831,3233283.0877710637,9.252415155505231e-06,0.9999983345666585,0.06817483929570688
20,1,2,8,-1,2,GA,33680.77002027,3233434.2564260946,1.0379131805530052e-05,0.99999813175802,0.15584909809451158
20,1,4,8,-1,0,HEFT,33681.080748436,3233460.445156336,9.908695927677198e-06,0.9999982164363234,0.07717014250481656
20,1,4,8,-1,0,GA,33682.278533018,3233593.9042148404,1.2295225466732519e-05,0.9999977868618647,0.13165750726631884
20,1,4,8,-1,1,HEFT,33682.617080321,3233617.826122799,1.1186874933264335e-05,0.9999979863645391,0.08009489027770078
20,1,4,8,-1,1,GA,33683.875987197,3233745.091268662,1.2015051388799394e-05,0.9999978372930886,0.12297695085475228
20,1,4,8,-1,2,HEFT,33684.205473699,3233778.4554573977,1.223901580015081e-05,0.9999977969795826,0.11098626156656557
20,1,4,8,-1,2,GA,33685.457160952,3233915.4294097684,1.4411105733395543e-05,0.9999974060043321,0.11532003074931559
20,2,0.8,8,-1,0,HEFT,33686.046044996,3233920.818780612,7.803418733318621e-06,0.9999985953856145,0.17274180562702707
20,2,0.8,8,-1,0,GA,33687.630604444,3234068.9851101623,7.292904849924122e-06,0.9999986872779887,0.13391665976830489
20,2,0.8,8,-1,1,HEFT,33688.176759423,3234127.700797196,8.1048956832496e-06,0.9999985411198407,0.07757301452933799
20,2,0.8,8,-1,1,GA,33689.779530978,3234287.1135121146,8.821516566765948e-06,0.9999984121282781,0.10801622778235494
20,2,1,8,-1,0,HEFT,33690.249651069,3234325.940619457,8.006991838879508e-06,0.9999985587425075,0.13003952613908304
20,2,1,8,-1,0,GA,33691.809421125,3234469.424108145,7.198925083301017e-06,0.9999987041943247,0.07219513185669477
20,2,1,8,-1,1,HEFT,33692.28595598,3234515.545671314,7.247273544473703e-06,0.9999986954916127,0.17716070453336358
20,2,1,8,-1,1,GA,33693.886365409,3234667.0889938716,6.976474755477588e-06,0.9999987442353325,0.12762159164191741
20,2,1,8,-1,2,HEFT,33694.348168963,3234724.273857193,8.636903972243695e-06,0.9999984453584929,0.0718656094346495
20,2,1,8,-1,2,GA,33695.779272014,3234868.6020007585,9.533835583271059e-06,0.999998283911067,0.09505047063816668
20,2,2,8,-1,0,HEFT,33696.188986885,3234918.7512370087,1.0931330238882866e-05,0.9999980323624924,0.08965825545101004
20,2,2,8,-1,0,GA,33697.587107683,3235048.6990860784,1.0379424872169492e-05,0.9999981317052681,0.1254096388465819
20,2,2,8,-1,1,HEFT,33697.927090799,3235067.063823034,8.535285055566217e-06,0.9999984636498698,0.09417846750437313
20,2,2,8,-1,1,GA,33699.336863175,3235208.296815889,9.296892905573865e-06,0.9999983265606771,0.1361551255095214
20,2,2,8,-1,2,HEFT,33699.734267798,3235251.9367636796,1.0006079466620577e-05,0.9999981989073177,0.11364476850281802
20,2,2,8,-1,2,GA,33701.089449285,3235374.9987789276,9.097112088865187e-06,0.9999983625211641,0.16228999711000242
20,2,4,8,-1,0,HEFT,33701.445232773,3235425.530010619,1.1212876538856008e-05,0.9999979816842596,0.10184910963624125
20,2,4,8,-1,0,GA,33702.796170623,3235552.6466306145,1.0880394161116177e-05,0.9999980415309684,0.164883879724693
20,2,4,8,-1,1,HEFT,33703.192422846,3235596.9694028404,1.1692094266699213e-05,0.9999978954252461,0.05827480950522625
20,2,4,8,-1,1,GA,33704.49423955,3235715.1339850896,1.0812272388890658e-05,0.9999980537928638,0.04928253129330457
20,2,4,8,-1,2,HEFT,33704.839875618,3235753.0478888433,1.1423750583303949e-05,0.9999979437270092,0.0827588719794967
20,2,4,8,-1,2,GA,33706.079151995,3235872.6200482687,1.1501480200038511e-05,0.9999979297357066,0.1328074935518698
20,5,0.8,8,-1,1,HEFT,33706.666343187,3235888.8231328353,6.311910450070476e-06,0.9999988638567642,0.2062051498742026
20,5,0.8,8,-1,1,GA,33708.481453574,3236073.8976312056,7.710347299992766e-06,0.9999986121384485,0.07252564964034851
20,5,0.8,8,-1,2,HEFT,33709.049418856,3236123.009920571,7.011073694431818e-06,0.9999987380075309,0.21308579488881083
20,5,0.8,8,-1,2,GA,33710.748431162,3236284.8921724865,6.853072472181844e-06,0.9999987664477151,0.10513817746572575
20,5,1,8,-1,0,HEFT,33711.233414693,3236334.928985347,7.302477366748564e-06,0.9999986855549379,0.1558389377092685
20,5,1,8,-1,0,GA,33712.833272817,3236495.0053675477,8.140978955553792e-06,0.9999985346248614,0.10866783869954987
20,5,1,8,-1,1,HEFT,33713.405570992,3236550.2556506973,8.180986494294808e-06,0.9999985274235149,0.13546525575222274
20,5,1,8,-1,1,GA,33715.000156826,3236696.6651201206,7.3191298223213795e-06,0.9999986825574994,0.1095907184247776
20,5,1,8,-1,2,HEFT,33715.538095633,3236749.5614313213,7.481169322191919e-06,0.9999986533904283,0.19099934618042572
20,5,1,8,-1,2,GA,33717.188017901,3236903.541607771,6.911096805601523e-06,0.9999987560033484,0.04928022604211333
20,5,2,8,-1,0,HEFT,33717.590244542,3236962.762794054,9.573555300044569e-06,0.9999982767615305,0.13027702681982922
20,5,2,8,-1,0,GA,33718.968872275,3237098.788616716,1.0048692288869967e-05,0.9999981912370237,0.13637062188054191
20,5,2,8,-1,1,HEFT,33719.399226651,3237135.334855594,9.432699883432685e-06,0.999998302115462,0.19496535083161612
20,5,2,8,-1,1,GA,33720.796500303,3237268.2112355432,9.26966491671111e-06,0.9999983314617069,0.13490275111592087
20,5,2,8,-1,2,HEFT,33721.260091447,3237321.851778784,1.0449999983393355e-05,0.9999981190017718,0.10455838864066673
20,5,2,8,-1,2,GA,33722.75348439,3237465.306745058,1.0461530183238209e-05,0.9999981169263399,0.15882849197944804
20,5,4,8,-1,0,HEFT,33723.146043706,3237508.4240531945,1.116328907212139e-05,0.9999979906099855,0.06164534716487668
20,5,4,8,-1,0,GA,33724.487232607,3237642.067588132,1.1794994555505884e-05,0.9999978769032335,0.10898330893854966
20,5,4,8,-1,1,HEFT,33724.865635156,3237674.240444231,1.1258329361064371e-05,0.9999979735027681,0.09430642520168919
20,5,4,8,-1,1,GA,33726.180709653,3237804.0607758006,1.171998050546487e-05,0.9999978904057338,0.1199188722973034
20,5,4,8,-1,2,HEFT,33726.56289826,3237838.294375021,1.140260233340895e-05,0.9999979475336861,0.09236151324508352
20,5,4,8,-1,2,GA,33727.926862572,3237971.9458921426,1.175285338896275e-05,0.9999978844886277,0.14919894754578403
20,8,0.8,8,-1,1,HEFT,33728.556083292,3237997.8693844434,7.297853799900623e-06,0.9999986863871787,0.30112440371723437
20,8,0.8,8,-1,1,GA,33730.368446512,3238181.0989104086,8.491995511172312e-06,0.999998471441976,0.24162123841899627
20,8,0.8,8,-1,2,HEFT,33730.934667286,3238218.4040705506,6.2888903223615165e-06,0.9999988680003824,0.14019394764828522
20,8,0.8,8,-1,2,GA,33732.5879304,3238379.9318717914,6.652526278008332e-06,0.9999988025459865,0.10643648371102334
20,8,1,8,-1,0,HEFT,33733.22452127,3238456.130928418,8.601664922268053e-06,0.9999984517015127,0.19948255390768163
20,8,1,8,-1,0,GA,33734.917990735,3238627.890843427,9.78859597768557e-06,0.9999982380542762,0.09786081637760552
20,8,1,8,-1,1,HEFT,33735.448704015,3238658.608835816,7.174838549892432e-06,0.9999987085298946,0.22747236879850988
20,8,1,8,-1,1,GA,33737.148364849,3238826.727751295,7.814564055620899e-06,0.999998593379459,0.13309148996022596
20,8,1,8,-1,2,HEFT,33737.785472136,3238888.8969577225,7.94465538330971e-06,0.9999985699630535,0.1790164425232348
20,8,1,8,-1,2,GA,33739.525490881,3239052.1857645437,7.459772605620351e-06,0.9999986572418323,0.0864437461129056
20,8,2,8,-1,0,HEFT,33740.034175976,3239120.6082024113,9.990608361193962e-06,0.9999982016921117,0.2352299034555174
20,8,2,8,-1,0,GA,33741.544901081,3239259.299301643,9.171679311030959e-06,0.9999983490990866,0.15960327290830809
20,8,2,8,-1,1,HEFT,33742.005515064,3239305.1661969097,9.384593122215139e-06,0.9999983107746651,0.23238940898518057
20,8,2,8,-1,1,GA,33743.499140783,3239455.9633312263,1.034183670001059e-05,0.9999981384711265,0.16551209811929246
20,8,2,8,-1,2,HEFT,33744.012024575,3239492.0314213894,8.640447311255331e-06,0.9999984447206931,0.11219223225639477
20,8,2,8,-1,2,GA,33745.546900867,3239649.5270946505,9.95150018332222e-06,0.9999982087315712,0.11209060244893485
20,8,4,8,-1,0,HEFT,33746.012100288,3239720.786959567,1.3388285777748226e-05,0.9999975901114636,0.12004002450968415
20,8,4,8,-1,0,GA,33747.444582877,3239872.2693985766,1.5192434416692575e-05,0.9999972653655438,0.3094495167161527
20,8,4,8,-1,1,HEFT,33747.790412282,3239873.18251695,1.1021051405502173e-05,0.9999980162127143,0.1262016068486354
20,8,4,8,-1,1,GA,33749.086055631,3240009.000021901,1.2498537638910218e-05,0.9999977502657555,0.20949436637006938
20,8,4,8,-1,2,HEFT,33749.404971874,3240028.8238054966,1.110419968895763e-05,0.9999980012460532,0.15959625031324542
20,8,4,8,-1,2,GA,33750.63872467,3240149.4972049524,1.1392717911156879e-05,0.9999979493128784,0.1488342202968846
20,10,0.8,8,-1,0,HEFT,33751.306682324,3240186.161560542,7.844968661245528e-06,0.9999985879066378,0.24108205429128532
20,10,0.8,8,-1,0,GA,33753.021353138,3240357.75761413,8.747766522234694e-06,0.9999984254032657,0.17450629085351993
20,10,0.8,8,-1,2,HEFT,33753.686772553,3240410.686948989,7.332917816650782e-06,0.9999986800756641,0.13273645449079605
20,10,0.8,8,-1,2,GA,33755.379096655,3240572.8231957024,7.2906869279298305e-06,0.9999986876772142,0.1186483908099291
20,10,1,8,-1,0,HEFT,33755.930868446,3240626.1192861157,7.3328055943016395e-06,0.9999986800958639,0.16882865162993763
20,10,1,8,-1,0,GA,33757.552460854,3240784.6338343443,7.699947333336847e-06,0.9999986140104404,0.13735734581305298
20,10,1,8,-1,1,HEFT,33758.172600219,3240841.079626334,7.3010342777706685e-06,0.9999986858146935,0.16776041953756535
20,10,1,8,-1,1,GA,33759.859646264,3240997.2231593793,6.550015250023636e-06,0.9999988209979498,0.07037193836345887
20,10,1,8,-1,2,HEFT,33760.638058847,3241085.7982271537,8.339092744427034e-06,0.9999984989644322,0.17633860463155906
20,10,1,8,-1,2,GA,33762.552088156,3241275.739606198,9.139424188874222e-06,0.9999983549049987,0.10414430538135735
20,10,2,8,-1,0,HEFT,33763.07267908,3241328.054099734,9.441460988819017e-06,0.999998300538466,0.1976030217662875
20,10,2,8,-1,0,GA,33764.646632679,3241482.452397248,9.867656338934062e-06,0.9999982238234361,0.06848322147384756
20,10,2,8,-1,1,HEFT,33765.160450066,3241521.3277918203,8.517388305457038e-06,0.9999984668712801,0.22108638519000298
20,10,2,8,-1,1,GA,33766.776572118,3241690.1627578437,1.0285766733351111e-05,0.9999981485637021,0.15259587040425024
20,10,2,8,-1,2,HEFT,33767.271331813,3241736.8650006615,1.018309387776147e-05,0.9999981670447817,0.21709356480505432
20,10,2,8,-1,2,GA,33768.876334409,3241888.4556069393,9.861434583379177e-06,0.9999982249433501,0.17223740902496984
20,10,4,8,-1,0,HEFT,33769.472682967,3241996.5824108087,1.6434734622250996e-05,0.9999970417521431,0.22989637370717406
20,10,4,8,-1,0,GA,33770.868039948,3242134.9458125327,1.7004389861095764e-05,0.999996939214509,0.20314609834761702
20,10,4,8,-1,1,HEFT,33771.388239265,3242161.8097604285,1.4023099610939325e-05,0.9999974758452556,0.12998105340379676
20,10,4,8,-1,1,GA,33772.883107321,3242305.1959785856,1.4007451649861955e-05,0.9999974786618816,0.2804740692230161
20,10,4,8,-1,2,HEFT,33773.368034482,3242346.7339470834,1.3359513799918608e-05,0.9999975952904071,0.10673457299417197
20,10,4,8,-1,2,GA,33774.810027675,3242492.2577843047,1.4275856266774807e-05,0.9999974303491733,0.2885352028760775
30,0.1,0.8,8,-1,1,HEFT,33775.482040244,3242551.2646583077,1.3564443783373767e-05,0.9999975584030998,0.10294020370470065
30,0.1,0.8,8,-1,1,GA,33777.748796882,3242778.394399588,1.4794560583444157e-05,0.9999973369826404,0.15229681157920233
30,0.1,0.8,8,-1,2,HEFT,33778.391433744,3242818.7645649095,1.2039654455495313e-05,0.999997832864546,0.11044779279484573
30,0.1,0.8,8,-1,2,GA,33780.841300863,3243067.57583025,1.3799864005462344e-05,0.9999975160275636,0.1698853913492384
30,0.1,1,8,-1,0,HEFT,33781.412207473,3243140.016951616,1.607816979432957e-05,0.9999971059336247,0.1293421403621583
30,0.1,1,8,-1,0,GA,33783.511123625,3243343.6169183096,1.6350006499932433e-05,0.9999970570031603,0.2087154686374085
30,0.1,1,8,-1,1,HEFT,33784.115811614,3243391.6026659585,1.5049709433393825e-05,0.9999972910559711,0.08507796724446384
30,0.1,1,8,-1,1,GA,33786.277378442,3243597.302982771,1.4815846555413575e-05,0.999997333151176,0.1315208806576678
30,0.1,1,8,-1,2,HEFT,33786.898308874,3243674.271699868,1.7058662527738812e-05,0.9999969294454586,0.06815583378116422
30,0.1,1,8,-1,2,GA,33789.23559066,3243879.747394303,1.461636833886991e-05,0.9999973690571594,0.16296936774992435
30,0.1,2,8,-1,0,HEFT,33789.767983516,3243951.5967660085,1.7295910655310664e-05,0.9999968867409279,0.05375040018329964
30,0.1,2,8,-1,0,GA,33791.774174984,3244167.999918976,2.0371979394339075e-05,0.9999963330504323,0.19260797303105254
30,0.1,2,8,-1,1,HEFT,33792.247159474,3244206.51053726,1.9481037177845592e-05,0.9999964934194555,0.07738540162183559
30,0.1,2,8,-1,1,GA,33794.156211354,3244381.360166801,1.8393265738713025e-05,0.9999966892176474,0.21347460492492354
30,0.1,2,8,-1,2,HEFT,33794.636466395,3244431.170115798,1.8872007994529367e-05,0.9999966030443304,0.08867520379584379
30,0.1,2,8,-1,2,GA,33796.600557292,3244617.532778809,1.8589054105541436e-05,0.9999966539758589,0.1936541796040694
30,0.1,4,8,-1,0,HEFT,33797.066144348,3244704.9493320026,2.410845925001518e-05,0.9999956604867504,0.13073650742108764
30,0.1,4,8,-1,0,GA,33798.806040941,3244879.2656946452,2.5049840349998298e-05,0.9999954910389022,0.3143929074994602
30,0.1,4,8,-1,1,HEFT,33799.211377018,3244876.2795535806,1.9636609800080704e-05,0.999996465416482,0.1518400524843541
30,0.1,4,8,-1,1,GA,33800.976833517,3245054.770703541,2.0800347016686122e-05,0.9999962559445458,0.18728017530144242
30,0.1,4,8,-1,2,HEFT,33801.454246759,3245110.5583429215,2.208664781101106e-05,0.9999960244112968,0.08539180076797333
30,0.1,4,8,-1,2,GA,33803.216046578,3245305.6758143725,2.5443842749923026e-05,0.9999954201187924,0.18462092175690284
30,0.5,0.8,8,-1,1,HEFT,33803.893135519,3245281.727449991,1.395173645562156e-05,0.9999974886905911,0.11189080428197397
30,0.5,0.8,8,-1,1,GA,33806.302086978,3245515.3716327474,1.4259855666589121e-05,0.999997433229274,0.1878859618047607
30,0.5,0.8,8,-1,2,HEFT,33806.955032117,3245563.651524649,1.2399023438855592e-05,0.9999977681782711,0.15586751580165936
30,0.5,0.8,8,-1,2,GA,33809.433419579,3245796.773075718,1.1778397433348194e-05,0.9999978798907092,0.12076225876894395
30,0.5,1,8,-1,0,HEFT,33810.067536546,3245875.8878448587,1.4134927188974365e-05,0.9999974557163424,0.1586655752653716
30,0.5,1,8,-1,0,GA,33812.328086752,3246089.9553873306,1.3754400405499232e-05,0.9999975242109916,0.08288622290569611
30,0.5,1,8,-1,1,HEFT,33812.955182714,3246150.571290781,1.3807978066769365e-05,0.9999975145670363,0.1380139599773844
30,0.5,1,8,-1,1,GA,33815.291240448,3246383.729446513,1.4957411305537486e-05,0.9999973076695892,0.15116822856298148
30,0.5,1,8,-1,2,HEFT,33815.933335043,3246428.3381329896,1.2756843522139309e-05,0.9999977037708021,0.15220649743918585
30,0.5,1,8,-1,2,GA,33818.284084173,3246672.684035032,1.5169503155549238e-05,0.9999972694931595,0.19721208467566956
30,0.5,2,8,-1,0,HEFT,33818.71121558,3246725.0849619913,1.6641894872292243e-05,0.9999970044634096,0.10919944244589867
30,0.5,2,8,-1,0,GA,33820.627476629,3246908.9575768122,1.6630467755587435e-05,0.9999970065202842,0.21083777277037674
30,0.5,2,8,-1,1,HEFT,33821.111265751,3246961.105962012,1.7367499989106566e-05,0.9999968738548878,0.10184539002333473
30,0.5,2,8,-1,1,GA,33823.032087393,3247139.769874345,1.6626548400098627e-05,0.9999970072257663,0.18811284924472793
30,0.5,2,8,-1,2,HEFT,33823.530537179,3247198.6104856282,1.8046371633560436e-05,0.9999967516583813,0.10348729124539821
30,0.5,2,8,-1,2,GA,33825.423093647,3247378.058328325,1.775727883889178e-05,0.9999968036949171,0.14669814830863462
30,0.5,4,8,-1,0,HEFT,33825.843145104,3247444.992281807,2.119513589447403e-05,0.9999961848828163,0.09454899479391386
30,0.5,4,8,-1,0,GA,33827.55513147,3247622.050988909,2.2836998422321306e-05,0.9999958893487325,0.21478407255345608
30,0.5,4,8,-1,1,HEFT,33827.994169747,3247653.881806886,2.15040712110446e-05,0.9999961292746725,0.12013210410878444
30,0.5,4,8,-1,1,GA,33829.752635034,3247813.516126029,2.0318238083362098e-05,0.9999963427238323,0.313023031600536
30,0.5,4,8,-1,2,HEFT,33830.211281903,3247872.9026882164,2.2302277200045257e-05,0.9999959855981613,0.12953054625610586
30,0.5,4,8,-1,2,GA,33832.064168182,3248061.826464334,2.3729498561038376e-05,0.9999957286993809,0.10654986041950384
30,0.8,0.8,8,-1,0,HEFT,33832.737521411,3248042.996015067,1.2944956022086749e-05,0.9999976699106302,0.12059369439929618
30,0.8,0.8,8,-1,0,GA,33835.245403908,3248279.729003201,1.2425094061109122e-05,0.9999977634855693,0.09493430021348886
30,0.8,0.8,8,-1,1,HEFT,33835.957102494,3248345.69313063,1.2120321861220875e-05,0.9999978183444446,0.15191676741786425
30,0.8,0.8,8,-1,1,GA,33838.46853629,3248592.6673551234,1.2879569933284074e-05,0.9999976816800984,0.15760600447966147
30,0.8,0.8,8,-1,2,HEFT,33839.152435332,3248658.5375130074,1.2907457511068464e-05,0.9999976766603464,0.09741858985639985
30,0.8,0.8,8,-1,2,GA,33841.509255226,3248886.5435198653,1.3133723277658444e-05,0.9999976359326042,0.11057555118511919
30,0.8,1,8,-1,1,HEFT,33842.166236327,3248951.206199727,1.3339471877851693e-05,0.9999975988979448,0.1393547039901629
30,0.8,1,8,-1,1,GA,33844.691603551,3249201.566409175,1.4363367994681337e-05,0.9999974145971029,0.16805685619173694
30,0.8,1,8,-1,2,HEFT,33845.266831574,3249247.915809069,1.3217051416682404e-05,0.9999976209335741,0.10975916025713646
30,0.8,1,8,-1,2,GA,33847.470034651,3249461.242606381,1.3452103344308044e-05,0.9999975786243294,0.11781873659915909
30,0.8,2,8,-1,0,HEFT,33847.95303197,3249529.851938959,1.6325693777657255e-05,0.9999970613794373,0.04986346310346497
30,0.8,2,8,-1,0,GA,33849.971026814,3249722.6817734023,1.6209715666466058e-05,0.9999970822554365,0.22809164282831337
30,0.8,2,8,-1,1,HEFT,33850.448912934,3249775.2228053557,1.707069298338158e-05,0.999996927279983,0.1285149213347962
30,0.8,2,8,-1,1,GA,33852.374387472,3249966.006935343,1.7837950650007565e-05,0.9999967891740371,0.1831984236399468
30,0.8,2,8,-1,2,HEFT,33852.882493418,3250013.656229525,1.769210095569886e-05,0.9999968154268982,0.09048998403761004
30,0.8,2,8,-1,2,GA,33854.975180136,3250211.9111888222,1.7350632527894857e-05,0.9999968768910212,0.12955044833037477
30,0.8,4,8,-1,0,HEFT,33855.434797361,3250287.9156423863,2.1469650611147196e-05,0.9999961354703574,0.11520657415890702
30,0.8,4,8,-1,0,GA,33857.25419512,3250464.6131703733,2.1732614838927273e-05,0.9999960881369802,0.17702573888103595
30,0.8,4,8,-1,1,HEFT,33857.719009973,3250516.8881409196,2.2721341538959273e-05,0.9999959101668859,0.11985939267754843
30,0.8,4,8,-1,1,GA,33859.413362164,3250682.2077240543,2.3065239833360667e-05,0.9999958482654483,0.25305617678935427
30,0.8,4,8,-1,2,HEFT,33859.893172961,3250727.8172381036,2.300680023872701e-05,0.9999958587845317,0.09793210483888992
30,0.8,4,8,-1,2,GA,33861.683890419,3250896.5166303213,2.259213825547906e-05,0.999995933423382,0.21627682682305985
30,1,0.8,8,-1,0,HEFT,33862.394317824,3250904.9278129605,1.486735166100617e-05,0.9999973238802818,0.13625498187336302
30,1,0.8,8,-1,0,GA,33864.728263513,3251136.846162283,1.5882799100048337e-05,0.9999971411002482,0.1680531543233884
30,1,0.8,8,-1,1,HEFT,33865.427911915,3251177.406110241,1.2445292816644523e-05,0.9999977598498015,0.1436685554342311
30,1,0.8,8,-1,1,GA,33867.895148074,3251417.7310521286,1.2893648194383585e-05,0.9999976791460182,0.17905027282084898
30,1,0.8,8,-1,2,HEFT,33868.522961237,3251476.257036208,1.2668314916785069e-05,0.9999977197059148,0.1725531341957127
30,1,0.8,8,-1,2,GA,33870.857342933,3251702.5382770924,1.2950045933393995e-05,0.9999976689944488,0.12423615636999366
30,1,1,8,-1,0,HEFT,33871.528043779,3251791.770667972,1.616000842223002e-05,0.9999970912027134,0.12340358350277325
30,1,1,8,-1,0,GA,33873.996705344,3252018.826615971,1.487634405000588e-05,0.9999973222616557,0.14501077767572254
30,1,1,8,-1,1,HEFT,33874.696240162,3252094.2571573104,1.5945491183326038e-05,0.9999971298157053,0.1662200073416715
30,1,1,8,-1,1,GA,33876.987223596,3252301.503413828,1.430619491111429e-05,0.9999974248882315,0.08287966786267857
30,1,1,8,-1,2,HEFT,33877.65903212,3252364.703021651,1.4139010094448975e-05,0.999997454981421,0.16413295440878517
30,1,1,8,-1,2,GA,33880.16315267,3252606.3457166147,1.4300136988984176e-05,0.9999974259786543,0.13452418008344913
30,1,2,8,-1,0,HEFT,33880.662124328,3252669.811327426,1.6311032550098996e-05,0.9999970640184509,0.10871966664352227
30,1,2,8,-1,0,GA,33882.727169019,3252877.1256253044,1.748286814989923e-05,0.9999968530886839,0.2605278670543064
30,1,2,8,-1,1,HEFT,33883.252123626,3252920.907006888,1.6628312505458276e-05,0.999997006908228,0.05641468017925889
30,1,2,8,-1,1,GA,33885.316229436,3253125.461454885,1.745522338880821e-05,0.9999968580647253,0.15591002272290239
30,1,2,8,-1,2,HEFT,33885.782451411,3253167.719694614,1.7132346144393928e-05,0.9999969161824489,0.1093222292127894
30,1,2,8,-1,2,GA,33887.603052123,3253344.5748463473,1.7400754850071585e-05,0.9999968678690316,0.12485901081440205
30,1,4,8,-1,0,HEFT,33888.088281472,3253432.3837634954,2.2727227672253826e-05,0.9999959091073861,0.17486539307623386
30,1,4,8,-1,0,GA,33889.817742913,3253592.4533106433,2.1957363177716616e-05,0.9999960476824385,0.34455875474116726
30,1,4,8,-1,1,HEFT,33890.24323706,3253629.7587281596,2.1499737777695475e-05,0.999996130054688,0.1353832366479629
30,1,4,8,-1,1,GA,33891.998681602,3253799.7804284384,2.1693410160959403e-05,0.9999960951937942,0.18710861297389939
30,1,4,8,-1,2,HEFT,33892.49367098,3253875.7920483463,2.5374629750068483e-05,0.9999954325770756,0.11159025626314957
30,1,4,8,-1,2,GA,33894.366339657,3254046.509471842,2.4204246094329086e-05,0.999995643245194,0.2739769865546424
30,2,0.8,8,-1,0,HEFT,33895.105194269,3254034.9344701,1.354467962220143e-05,0.9999975619606399,0.10456926901402692
30,2,0.8,8,-1,0,GA,33897.421584218,3254256.595514873,1.3452639527814528e-05,0.9999975785278167,0.16410417595272553
30,2,0.8,8,-1,1,HEFT,33898.17443369,3254320.7272598012,1.2400726816688096e-05,0.9999977678716632,0.13350776902756414
30,2,0.8,8,-1,1,GA,33900.635418446,3254553.6014777967,1.1963993149967993e-05,0.9999978464835514,0.11502082569549886
30,2,0.8,8,-1,2,HEFT,33901.350403763,3254646.525340639,1.510162524439996e-05,0.99999728171115,0.09767587386178889
30,2,0.8,8,-1,2,GA,33903.701669216,3254873.673101148,1.528589876118834e-05,0.9999972485420081,0.1320443993311956
30,2,1,8,-1,1,HEFT,33904.353108077,3254922.7424312434,1.3545743650077688e-05,0.9999975617691153,0.12518361612556997
30,2,1,8,-1,1,GA,33906.346958988,3255109.3982799724,1.2931552600073499e-05,0.9999976723232405,0.22601236847292472
30,2,1,8,-1,2,HEFT,33906.949931041,3255167.6096787024,1.297368201109445e-05,0.999997664739964,0.2006417781988885
30,2,1,8,-1,2,GA,33909.257109859,3255385.985154858,1.2571396433365104e-05,0.9999977371512021,0.09879902758129583
30,2,2,8,-1,0,HEFT,33909.795157673,3255488.924237076,1.9197558200014304e-05,0.9999965444454936,0.11073428929207424
30,2,2,8,-1,0,GA,33911.790157593,3255672.1359739047,1.812414017784047e-05,0.999996737660089,0.13520088707944306
30,2,2,8,-1,1,HEFT,33912.321212925,3255717.2153272256,1.7361613233232574e-05,0.9999968749145006,0.1351330192530472
30,2,2,8,-1,1,GA,33914.284143773,3255897.3822909547,1.629256960550265e-05,0.9999970673417711,0.22332347982974726
30,2,2,8,-1,2,HEFT,33914.883093601,3255967.4350283886,1.791447580007015e-05,0.9999967753995547,0.11799866598284064
30,2,2,8,-1,2,GA,33916.933443084,3256159.5589815686,1.7306000711121466e-05,0.9999968849247235,0.1384874407482385
30,2,4,8,-1,0,HEFT,33917.386865912,3256225.43732048,2.019356497779275e-05,0.9999963651649095,0.13865717142144035
30,2,4,8,-1,0,GA,33919.151359572,3256398.310626477,2.064342474999042e-05,0.999996284190448,0.2743208382028551
30,2,4,8,-1,1,HEFT,33919.629338655,3256451.1282647997,2.153898629448021e-05,0.9999961229899826,0.10404062973693044
30,2,4,8,-1,1,GA,33921.590467408,3256657.8039983506,2.3917199894397833e-05,0.9999956949132854,0.339657125622085
30,2,4,8,-1,2,HEFT,33922.065290232,3256668.712966106,1.9437351916551256e-05,0.9999965012827751,0.08187390990211228
30,2,4,8,-1,2,GA,33923.864451787,3256851.2111268006,2.070074357220114e-05,0.9999962738730985,0.20704791607995196
30,5,0.8,8,-1,0,HEFT,33924.72362773,3256874.1270750845,1.3005014600033368e-05,0.9999976591001116,0.17464220684539686
30,5,0.8,8,-1,0,GA,33927.259525286,3257114.691861028,1.2632743355546457e-05,0.999997726108781,0.12070738707055377
30,5,0.8,8,-1,1,HEFT,33928.128207038,3257203.745398445,1.3364021033299247e-05,0.9999975944791064,0.2629628080024581
30,5,0.8,8,-1,1,GA,33930.722088169,3257446.9555003718,1.2614345755557428e-05,0.9999977294203417,0.14731547297527306
30,5,0.8,8,-1,2,HEFT,33931.526148105,3257524.6858697496,1.2684192722210556e-05,0.9999977168479155,0.1623886445985802
30,5,0.8,8,-1,2,GA,33934.123370765,3257771.048456639,1.2300369922336863e-05,0.9999977859358646,0.150353447591941
30,5,1,8,-1,0,HEFT,33934.845393908,3257845.4696529172,1.2960185755744331e-05,0.9999976671692848,0.28830749417771384
30,5,1,8,-1,0,GA,33937.287401196,3258085.630634458,1.3700273855566693e-05,0.9999975339537464,0.22185693274207569
30,5,1,8,-1,1,HEFT,33938.14734313,3258172.113322284,1.4207801266699486e-05,0.9999974425990417,0.14112229751609728
30,5,1,8,-1,1,GA,33940.467174517,3258384.3808092554,1.2859438711044884e-05,0.9999976853037106,0.2072212985267003
30,5,1,8,-1,2,HEFT,33941.238443378,3258464.0348043432,1.3584527138906804e-05,0.9999975547881048,0.1581353884294663
30,5,1,8,-1,2,GA,33943.65902836,3258701.04236998,1.418290018344932e-05,0.9999974470812254,0.1694413557647492
30,5,2,8,-1,0,HEFT,33944.36621244,3258808.453692194,1.9289056583188033e-05,0.9999965279758425,0.15731726510898114
30,5,2,8,-1,0,GA,33946.610509918,3259031.351766002,2.0251009544436882e-05,0.9999963548249257,0.3103399276035599
30,5,2,8,-1,1,HEFT,33947.208685211,3259065.8834752264,1.72932422442601e-05,0.99999688722124,0.11102851513127174
30,5,2,8,-1,1,GA,33949.318051446,3259282.395598917,1.910370285545974e-05,0.9999965613393981,0.22593476153458655
30,5,2,8,-1,2,HEFT,33949.966203019,3259334.5519690355,1.7803162688829214e-05,0.9999967954358504,0.19004263329829657
30,5,2,8,-1,2,GA,33952.133420784,3259540.5358414105,1.753584575538601e-05,0.9999968435527458,0.324052408597872
30,5,4,8,-1,0,HEFT,33952.660805864,3259627.0315683754,2.2169793983347416e-05,0.999996009445045,0.160373459113471
30,5,4,8,-1,0,GA,33954.492613839,3259799.4290636703,2.1723273272194395e-05,0.9999960898184554,0.24259566707728525
30,5,4,8,-1,1,HEFT,33955.024029493,3259863.396479724,2.339659540003696e-05,0.9999957886216957,0.1574898656218981
30,5,4,8,-1,1,GA,33956.898087187,3260044.0485443273,2.3492528989016946e-05,0.9999957713537219,0.2555759079228962
30,5,4,8,-1,2,HEFT,33957.443277203,3260097.538338461,2.3641308394467664e-05,0.9999957445735429,0.11334615307413055
30,5,4,8,-1,2,GA,33959.346783947,3260285.009199412,2.4252963888890617e-05,0.9999956344760282,0.20268055698184997
30,8,0.8,8,-1,0,HEFT,33960.306946123,3260290.9730731593,1.3114501983404304e-05,0.9999976393924291,0.23951574543013002
30,8,0.8,8,-1,0,GA,33963.017728566,3260538.403239359,1.1460115894442425e-05,0.9999979371812663,0.11880151225952464
30,8,0.8,8,-1,1,HEFT,33963.96944913,3260635.189453818,1.2160508699970606e-05,0.9999978111108299,0.16820085386566214
30,8,0.8,8,-1,1,GA,33966.736268399,3260897.350293503,1.1714279999917683e-05,0.9999978914318228,0.12973776314966237
30,8,0.8,8,-1,2,HEFT,33967.688823767,3261001.864591522,1.3402779055629962e-05,0.9999975875026798,0.31950230429723153
30,8,0.8,8,-1,2,GA,33970.727084475,3261329.9402037505,1.8105955316544472e-05,0.9999967409333538,0.16737335150130192
30,8,1,8,-1,0,HEFT,33971.744721384,3261432.789153181,1.8772080144359888e-05,0.9999966210312821,0.2904654875473265
30,8,1,8,-1,0,GA,33974.530792974,3261692.705466698,1.779707250562852e-05,0.9999967965320803,0.2387105695564967
30,8,1,8,-1,1,HEFT,33975.453439845,3261753.827244056,1.425026084442733e-05,0.9999974349563376,0.28246524105528337
30,8,1,8,-1,1,GA,33978.19285485,3262008.7545158705,1.3209360500049016e-05,0.9999976223179364,0.19414762700457328
30,8,2,8,-1,0,HEFT,33979.032613707,3262158.438272044,2.2132733355586728e-05,0.9999960161159316,0.23752490635183016
30,8,2,8,-1,0,GA,33981.37914881,3262385.545531651,2.2370445205484028e-05,0.99999597332797,0.27978312614270945
30,8,2,8,-1,1,HEFT,33982.051475757,3262429.0898446543,1.9657386561044e-05,0.9999964616766783,0.27117887662806106
30,8,2,8,-1,1,GA,33984.378279382,3262641.6167572783,1.8256064161081063e-05,0.9999967139138496,0.18732894488376303
30,8,2,8,-1,2,HEFT,33985.202152032,3262765.5188681846,2.4045513322117686e-05,0.9999956718169687,0.4239960090188412
30,8,2,8,-1,2,GA,33987.600032279,3262959.4448502692,1.9359399416741023e-05,0.9999965153141762,0.24567104312121688
30,8,4,8,-1,0,HEFT,33988.313662292,3263112.738145626,3.03135097666705e-05,0.9999945435831283,0.3159740833921231
30,8,4,8,-1,0,GA,33990.486610297,3263323.999119514,3.0656916150150615e-05,0.9999944817703185,0.22575250206165498
30,8,4,8,-1,1,HEFT,33991.176862899,3263385.237001652,3.0007514644360828e-05,0.9999945986619511,0.27840583159709953
30,8,4,8,-1,1,GA,33993.252752322,3263615.68923935,3.4034239849966575e-05,0.9999938738555915,0.28976168907642025
30,8,4,8,-1,2,HEFT,33993.865180995,3263608.676050283,2.5532128522334257e-05,0.999995404227426,0.290416518283779
30,8,4,8,-1,2,GA,33995.831959327,3263839.2881117417,3.09328186498735e-05,0.9999944321081433,0.3899018344018692
30,10,0.8,8,-1,0,HEFT,33996.733025581,3263790.2736492236,1.3424185199942764e-05,0.9999975836495827,0.21813927633147967
30,10,0.8,8,-1,0,GA,33999.380155074,3264062.035958152,1.5702980755506562e-05,0.9999971734674581,0.2942990129711641
30,10,1,8,-1,0,HEFT,34000.287816442,3264142.713564312,1.486862866663109e-05,0.9999973236504213,0.2332830365127486
30,10,1,8,-1,0,GA,34003.076794027,3264422.420033387,1.6414445322314146e-05,0.9999970454042063,0.17045187488814
30,10,1,8,-1,1,HEFT,34003.955676583,3264497.580026778,1.5224169872089989e-05,0.9999972596531779,0.38363072115795244
30,10,1,8,-1,1,GA,34006.516409918,3264744.5681576477,1.5373747483237013e-05,0.9999972327292818,0.17001231964536487
30,10,1,8,-1,2,HEFT,34007.44724026,3264829.192878482,1.4761991411069174e-05,0.9999973428450761,0.23325143999787862
30,10,1,8,-1,2,GA,34009.897702616,3265065.2561069066,1.4867784983289311e-05,0.999997323802284,0.1865131094369952
30,10,2,8,-1,0,HEFT,34010.724899892,3265211.394312576,2.3488878933373297e-05,0.9999957720107292,0.42993097981873135
30,10,2,8,-1,0,GA,34013.236165775,3265472.2140320134,2.6039033283369566e-05,0.9999953129849927,0.1793468638276995
30,10,2,8,-1,1,HEFT,34014.167275381,3265532.747810684,2.2311288644495004e-05,0.9999959839761082,0.27562522147144414
30,10,2,8,-1,1,GA,34016.683050548,3265790.543567408,2.441482103349699e-05,0.9999956053418706,0.13706630962608524
30,10,2,8,-1,2,HEFT,34017.410819565,3265836.490729125,2.1324554377942045e-05,0.9999961615875776,0.15720932213279865
30,10,2,8,-1,2,GA,34019.728967282,3266085.5495810215,2.47504808720502e-05,0.9999955449233664,0.2995914798224398
30,10,4,8,-1,0,HEFT,34020.404558848,3266149.4225732842,2.4623375177826446e-05,0.99999556780229,0.1841535125626172
30,10,4,8,-1,0,GA,34022.528151951,3266374.5938298423,2.737612952789479e-05,0.999995072308826,0.24930178018976978
30,10,4,8,-1,1,HEFT,34023.23863977,3266461.7761270683,2.98277401999965e-05,0.9999946310211768,0.351702825449452
30,10,4,8,-1,1,GA,34025.333200538,3266642.1292997734,2.715013541674125e-05,0.9999951129875664,0.48959350642116295
30,10,4,8,-1,2,HEFT,34025.994737197,3266742.0412596497,3.185355151650179e-05,0.9999942663771642,0.2578658878757309
30,10,4,8,-1,2,GA,34027.954239624,3266882.0516438214,2.5638842366606696e-05,0.9999953850190227,0.2665638779828286
40,0.1,0.8,8,-1,0,HEFT,34028.797055659,3266950.831448014,2.4071589760973842e-05,0.9999956671232297,0.1662610128673151
40,0.1,0.8,8,-1,0,GA,34031.990652302,3267262.7767464356,2.4764098894471922e-05,0.9999955424721327,0.23625873712443238
40,0.1,0.8,8,-1,1,HEFT,34032.829821426,3267301.602400099,1.9372034005532948e-05,0.9999965130399578,0.15624510950621812
40,0.1,0.8,8,-1,1,GA,34036.173950063,3267619.496746903,1.89660905497375e-05,0.9999965861095281,0.20770306031078867
40,0.1,0.8,8,-1,2,HEFT,34037.012034402,3267708.563422267,2.0078568433382314e-05,0.9999963858642128,0.08147387221415227
40,0.1,0.8,8,-1,2,GA,34040.306357643,3268019.2293652184,1.9356464016810705e-05,0.9999965158425467,0.11644923852826161
40,0.1,1,8,-1,0,HEFT,34041.130034868,3268097.2180479467,1.921636958900813e-05,0.9999965410594558,0.09054847353107236
40,0.1,1,8,-1,0,GA,34044.29648517,3268398.3099853937,1.8843334505638472e-05,0.9999966082055407,0.19350413822091359
40,0.1,1,8,-1,1,HEFT,34045.172192055,3268508.679249831,2.2241448650028257e-05,0.9999959965472561,0.14750309367841138
40,0.1,1,8,-1,1,GA,34048.366148008,3268790.7245513326,1.9066452527759893e-05,0.9999965680444335,0.16006960357011552
40,0.1,1,8,-1,2,HEFT,34049.152095024,3268863.882966568,1.8770264116796574e-05,0.9999966213581662,0.11809145052531557
40,0.1,1,8,-1,2,GA,34052.251245881,3269153.1836725697,1.770853591652768e-05,0.9999968124686147,0.11674845524910489
40,0.1,2,8,-1,0,HEFT,34052.866039439,3269246.9185050484,2.219363293334027e-05,0.999996005154051,0.05667805503701406
40,0.1,2,8,-1,0,GA,34055.791124054,3269559.4003389897,2.6285843644210318e-05,0.999995268559337,0.21246522816312524
40,0.1,2,8,-1,1,HEFT,34056.410036475,3269595.3983071493,2.3260310794446725e-05,0.9999958131528214,0.08786591292476946
40,0.1,2,8,-1,1,GA,34059.230035845,3269885.153153636,2.5719601100273495e-05,0.9999953704825174,0.3091018040305878
40,0.1,2,8,-1,2,HEFT,34059.884293987,3269940.381301093,2.4740191000132147e-05,0.9999955467755354,0.0885895877528865
40,0.1,2,8,-1,2,GA,34062.765032455,3270215.5769081516,2.4565089466664684e-05,0.9999955782936711,0.2191597048775797
40,0.1,4,8,-1,0,HEFT,34063.391138493,3270362.8353204876,3.582506785007556e-05,0.9999935515085782,0.20077202755423854
40,0.1,4,8,-1,0,GA,34065.852604127,3270626.9266283927,3.941558555561641e-05,0.9999929052197675,0.26260279116282437
40,0.1,4,8,-1,1,HEFT,34066.387359358,3270619.600847547,3.183647922204627e-05,0.9999942694501588,0.09041972527328344
40,0.1,4,8,-1,1,GA,34068.829599886,3270913.791664698,3.95542733388235e-05,0.999992880256144,0.35880094499193405
40,0.1,4,8,-1,2,HEFT,34069.447717135,3270969.6670256755,3.910674169451845e-05,0.9999929608112694,0.15857626898038835
40,0.1,4,8,-1,2,GA,34071.936354395,3271166.44438661,3.3663354611053364e-05,0.999993940614527,0.23143636327870118
40,0.5,0.8,8,-1,0,HEFT,34072.84502658,3271147.4865913633,1.994367437768637e-05,0.9999964101450549,0.11005113360467134
40,0.5,0.8,8,-1,0,GA,34075.981216641,3271439.615659108,1.8787966611368273e-05,0.999996618171728,0.10332748362012982
40,0.5,0.8,8,-1,1,HEFT,34076.798685281,3271529.197996161,2.0222766044591686e-05,0.9999963599087368,0.08969404814348446
40,0.5,0.8,8,-1,1,GA,34079.973307562,3271831.0869316068,1.9851344399851062e-05,0.9999964267643914,0.12470901936021711
40,0.5,0.8,8,-1,2,HEFT,34080.894340648,3271932.286748981,2.15025900223231e-05,0.9999961295412857,0.15607752677925774
40,0.5,0.8,8,-1,2,GA,34084.241235528,3272254.374542015,2.1604125494438146e-05,0.9999961112649713,0.19863807484545254
40,0.5,1,8,-1,0,HEFT,34085.062639367,3272318.832840297,1.9744116416647253e-05,0.9999964460653595,0.13087535414750445
40,0.5,1,8,-1,0,GA,34088.373587033,3272652.158036086,2.174336962764048e-05,0.9999960862011255,0.18255413966519501
40,0.5,1,8,-1,1,HEFT,34089.129006468,3272693.6357492856,1.77327039221887e-05,0.9999968081183875,0.14107622627647062
40,0.5,1,8,-1,1,GA,34092.524276477,3273017.485264965,1.746185053913602e-05,0.9999968568718424,0.13088543539074024
40,0.5,1,8,-1,2,HEFT,34093.375045013,3273110.7203641627,1.895556110001861e-05,0.9999965880048229,0.11769699043294789
40,0.5,1,8,-1,2,GA,34096.921032908,3273446.402380509,1.834408544455073e-05,0.9999966980700712,0.1541015130694337
40,0.5,2,8,-1,0,HEFT,34097.537316164,3273544.435928204,2.336609514988797e-05,0.9999957941117176,0.10181584106773674
40,0.5,2,8,-1,0,GA,34100.33415347,3273812.5245454833,2.331341245003892e-05,0.9999958035945632,0.14160468241590535
40,0.5,2,8,-1,1,HEFT,34100.918150272,3273863.262847919,2.2625377494437596e-05,0.9999959274403434,0.16818990752920632
40,0.5,2,8,-1,1,GA,34103.884372117,3274165.939454673,2.49405337778929e-05,0.9999955107139964,0.28479567256529303
40,0.5,2,8,-1,2,HEFT,34104.540227691,3274248.6013760716,2.7485725805551435e-05,0.9999950525815932,0.1249127877905009
40,0.5,2,8,-1,2,GA,34107.117048903,3274494.414500109,2.7283954188775776e-05,0.999995088900305,0.2581623095257111
40,0.5,4,8,-1,0,HEFT,34107.659163695,3274594.8718099743,3.353903039452335e-05,0.9999939629927519,0.11788926147117018
40,0.5,4,8,-1,0,GA,34109.960027719,3274848.88293943,3.781915741678353e-05,0.9999931925748354,0.2845272841705889
40,0.5,4,8,-1,1,HEFT,34110.543608098,3274910.7795568127,3.857793015566939e-05,0.999993055996681,0.13380928132318232
40,0.5,4,8,-1,1,GA,34112.816234537,3275126.238118681,3.822733890564349e-05,0.9999931191026705,0.28478343414354296
40,0.5,4,8,-1,2,HEFT,34113.405037566,3275150.6816261886,3.408243150552153e-05,0.9999938651811465,0.07934520247002977
40,0.5,4,8,-1,2,GA,34115.906537191,3275389.953460792,3.3969753288895135e-05,0.9999938854631011,0.28487527481066033
40,0.8,0.8,8,-1,0,HEFT,34116.878389594,3275371.710951108,1.955885659998684e-05,0.9999964794120088,0.12126184161425091
40,0.8,0.8,8,-1,0,GA,34120.195904939,3275676.8538136063,1.783552189436806e-05,0.9999967896112114,0.15402815303367168
40,0.8,0.8,8,-1,1,HEFT,34121.053913444,3275777.4912123797,2.0195803844439477e-05,0.9999963647619152,0.10790685760745337
40,0.8,0.8,8,-1,1,GA,34124.379660018,3276098.5322685544,2.042440656667976e-05,0.9999963236135754,0.1865678522592363
40,0.8,1,8,-1,0,HEFT,34125.185042792,3276158.311130792,1.815853007230746e-05,0.9999967314699283,0.15124762072954162
40,0.8,1,8,-1,0,GA,34128.65449619,3276490.6156087546,1.805994502776432e-05,0.999996749215178,0.13207056754427685
40,0.8,1,8,-1,1,HEFT,34129.472121802,3276586.6380814845,2.0324856394371536e-05,0.9999963415325407,0.08716401614440834
40,0.8,1,8,-1,1,GA,34133.002177658,3276923.4388027154,2.0055522938855572e-05,0.9999963900123865,0.257650195169047
40,0.8,1,8,-1,2,HEFT,34133.806168137,3276998.132004185,1.9733832433202124e-05,0.9999964479164698,0.18524811736822794
40,0.8,1,8,-1,2,GA,34137.024897123,3277296.1283247843,1.8312429066726407e-05,0.9999967037682003,0.10598533831001979
40,0.8,2,8,-1,0,HEFT,34137.665099286,3277392.2578767515,2.279177587790602e-05,0.999995897488757,0.07073575878000737
40,0.8,2,8,-1,0,GA,34140.747374203,3277696.3147339886,2.3845841149927258e-05,0.9999957077578046,0.21107309061456905
40,0.8,2,8,-1,1,HEFT,34141.4213383,3277758.5514994874,2.352752231102689e-05,0.9999957650549512,0.11305152837731933
40,0.8,2,8,-1,1,GA,34144.447745628,3278029.831348015,2.103976327222578e-05,0.9999962128497819,0.22402867270077045
40,0.8,2,8,-1,2,HEFT,34145.069213444,3278097.3922668556,2.2060436205598913e-05,0.9999960291293661,0.157982810590909
40,0.8,2,8,-1,2,GA,34148.021375131,3278400.5812690817,2.4616183011029436e-05,0.9999955690968741,0.31456390033092296
40,0.8,4,8,-1,0,HEFT,34148.590366652,3278519.243079331,3.2889907072118754e-05,0.9999940798342508,0.1926556206592203
40,0.8,4,8,-1,0,GA,34150.913731904,3278727.870916875,3.102747468870398e-05,0.9999944150701514,0.24838196266370477
40,0.8,4,8,-1,1,HEFT,34151.540691272,3278821.579123717,3.5358237933420846e-05,0.9999936355374248,0.27012506090284466
40,0.8,4,8,-1,1,GA,34153.909135282,3279022.739974114,3.197196215005533e-05,0.999994245063372,0.27640361517530687
40,0.8,4,8,-1,2,HEFT,34154.484037421,3279121.911475159,3.765424841638176e-05,0.9999932222582534,0.20685062700838533
40,0.8,4,8,-1,2,GA,34156.946235775,3279363.7161697038,3.835627071105895e-05,0.9999930958951051,0.2839715328881426
40,1,0.8,8,-1,1,HEFT,34157.917708243,3279311.1135275573,1.9510792794446592e-05,0.9999964880634638,0.13593400691604077
40,1,0.8,8,-1,1,GA,34161.567791338,3279661.1322663976,1.9460503611076598e-05,0.9999964971154851,0.21120772657741407
40,1,0.8,8,-1,2,HEFT,34162.482964005,3279793.74457384,2.524289785012823e-05,0.9999954562887089,0.17391100720558178
40,1,0.8,8,-1,2,GA,34166.019224882,3280102.282394181,2.1245065311248052e-05,0.9999961758955557,0.1093526416145328
40,1,1,8,-1,0,HEFT,34166.742160789,3280160.5132321245,1.9801782478114345e-05,0.9999964356855059,0.10725207888071871
40,1,1,8,-1,0,GA,34169.843785216,3280459.764702278,1.9995002783212436e-05,0.9999964009059752,0.19946996010333043
40,1,1,8,-1,1,HEFT,34170.647271562,3280538.7288405565,2.023136571119216e-05,0.9999963583608024,0.07152212447374952
40,1,1,8,-1,1,GA,34174.041425008,3280861.9557786766,1.9893924794410448e-05,0.999996419099948,0.1329165072252056
40,1,1,8,-1,2,HEFT,34174.901016042,3280937.0465864697,1.893398532782966e-05,0.9999965918884481,0.1952511495177859
40,1,1,8,-1,2,GA,34178.257217368,3281250.2619413845,1.7773782177795915e-05,0.9999968007243246,0.1895448660808985
40,1,2,8,-1,0,HEFT,34178.933564905,3281355.4478937555,2.2974891844407668e-05,0.9999958645280184,0.1175252288465465
40,1,2,8,-1,0,GA,34181.915646725,3281641.6475715796,2.296453307232393e-05,0.9999958663925894,0.20809044078264954
40,1,2,8,-1,1,HEFT,34182.557555527,3281706.3479345404,2.3362093533392505e-05,0.9999957948320053,0.12321394183956594
40,1,2,8,-1,1,GA,34185.263115074,3281994.5512181595,2.704033217770403e-05,0.9999951327520529,0.2861000426194768
40,1,2,8,-1,2,HEFT,34185.914039855,3282024.405433045,2.2823980227985886e-05,0.999995891691997,0.10224935145224924
40,1,2,8,-1,2,GA,34188.975343698,3282327.8716777586,2.406184531658558e-05,0.9999956688772216,0.2568522858350699
40,1,4,8,-1,0,HEFT,34189.551458658,3282450.939031583,3.2816408322267103e-05,0.9999940930639476,0.09239345258126684
40,1,4,8,-1,0,GA,34191.957225683,3282663.0225631827,3.0378410544573045e-05,0.9999945319010516,0.168773778118502
40,1,4,8,-1,1,HEFT,34192.59274384,3282747.073724588,3.335533797774891e-05,0.9999939960571872,0.10735445809402895
40,1,4,8,-1,1,GA,34194.986433093,3282974.1392141404,3.300279550547e-05,0.9999940595144539,0.26153659239809424
40,1,4,8,-1,2,HEFT,34195.534251187,3283051.9774955427,3.6264777983322143e-05,0.9999934723612677,0.2167203480938241
40,1,4,8,-1,2,GA,34197.969038469,3283281.6819490655,3.574344393305688e-05,0.9999935662007887,0.27447729105226215
40,2,0.5,8,-1,1,HEFT,34199.08727594,3283254.873422331,1.841019794458892e-05,0.9999966861698603,0.24936092872997537
40,2,0.5,8,-1,1,GA,34202.84289716,3283609.238872716,1.7612499400032297e-05,0.9999968297551324,0.19827511214997665
40,2,0.8,8,-1,2,HEFT,34203.750114358,3283694.7313886387,1.740573776102489e-05,0.9999968669721104,0.11013899671327684
40,2,0.8,8,-1,2,GA,34207.08341485,3284019.971140989,1.808311568339478e-05,0.999996745044474,0.13429613652945432
40,2,1,8,-1,0,HEFT,34208.005315229,3284130.1567546646,2.0884559777914545e-05,0.9999962407863054,0.15224690324889073
40,2,1,8,-1,0,GA,34211.602880868,3284462.2859782777,1.9174343016776322e-05,0.9999965486242122,0.15858872323256415
40,2,1,8,-1,1,HEFT,34212.525675819,3284554.6827976825,1.9666397811144836e-05,0.9999964600546589,0.11204806076891441
40,2,1,8,-1,1,GA,34216.108735452,3284893.317781169,1.897663795571134e-05,0.9999965842110013,0.1533620558151423
40,2,1,8,-1,2,HEFT,34217.040176351,3284980.158487521,1.864361212210497e-05,0.9999966441554486,0.21354808685906784
40,2,1,8,-1,2,GA,34220.62316331,3285321.5183318625,1.83068028555782e-05,0.9999967047809152,0.17758306121145837
40,2,2,8,-1,0,HEFT,34221.282208281,3285431.557021131,2.434948658329732e-05,0.9999956171020192,0.11344318688386767
40,2,2,8,-1,0,GA,34224.05123588,3285678.6141685285,2.1924486311238274e-05,0.9999960536002508,0.15875212352732807
40,2,2,8,-1,1,HEFT,34224.735962529,3285791.277867457,2.7987786133477737e-05,0.9999949622111856,0.16547620864035925
40,2,2,8,-1,1,GA,34227.580161574,3286050.3090202417,2.6177455960916834e-05,0.9999952880690282,0.16542301865664008
40,2,2,8,-1,2,HEFT,34228.274337146,3286151.9567097314,3.070030280553813e-05,0.999994473960763,0.25593885004206834
40,2,2,8,-1,2,GA,34230.934485524,3286381.879019539,2.7411939177666984e-05,0.9999950658631198,0.2156637482598997
40,2,4,8,-1,0,HEFT,34231.561035563,3286492.868009586,3.398043870001857e-05,0.9999938835397391,0.19379871128123766
40,2,4,8,-1,0,GA,34234.070457143,3286750.4641906945,3.6136990305628084e-05,0.9999934953628997,0.44997198163422863
40,2,4,8,-1,1,HEFT,34234.603842034,3286759.743555773,3.0720248127828306e-05,0.999994470370625,0.14011012369794137
40,2,4,8,-1,1,GA,34237.093383462,3287029.262639057,3.466380189986214e-05,0.9999937605351233,0.2910908569786476
40,2,4,8,-1,2,HEFT,34237.717780866,3287072.0250948723,3.244420306679482e-05,0.9999941600604999,0.1495720565778214
40,2,4,8,-1,2,GA,34240.16219044,3287338.4882507166,3.655270910551028e-05,0.9999934205340053,0.1941973162053843
40,5,0.8,8,-1,0,HEFT,34241.211161732,3287305.0255545303,1.921886670008664e-05,0.999996540609977,0.21328118895755036
40,5,0.8,8,-1,0,GA,34245.036354531,3287671.9752094336,1.9184131066787006e-05,0.9999965468623695,0.17954017366303623
40,5,0.8,8,-1,1,HEFT,34246.266989513,3287794.709187032,1.977754441650177e-05,0.9999964400483413,0.29738638564183323
40,5,0.8,8,-1,1,GA,34250.277342034,3288189.9284020443,2.109865203876527e-05,0.9999962022498441,0.2300102390674675
40,5,0.8,8,-1,2,HEFT,34251.269032734,3288273.2939680954,1.9569357316666152e-05,0.9999964775218866,0.19917507217247835
40,5,0.8,8,-1,2,GA,34254.785332821,3288615.5894307764,2.0180552966525688e-05,0.9999963675070631,0.2591619568266882
40,5,1,8,-1,0,HEFT,34255.803450255,3288705.814538076,1.920973043876681e-05,0.9999965422544987,0.241462448830834
40,5,1,8,-1,0,GA,34259.270860745,3289027.4869441474,1.776283108887987e-05,0.9999968026955147,0.18075703649287378
40,5,1,8,-1,1,HEFT,34260.232029728,3289122.8515257062,1.816236069999933e-05,0.9999967307804181,0.2883616856207743
40,5,1,8,-1,1,GA,34263.900314526,3289487.437865485,1.9768432944329107e-05,0.9999964416884006,0.19529579198114852
40,5,1,8,-1,2,HEFT,34264.995979109,3289593.536728846,1.988665818882712e-05,0.9999964204079326,0.32998788663017975
40,5,1,8,-1,2,GA,34268.474770875,3289906.735298738,1.7203784849819688e-05,0.999996903323521,0.1698337448469673
40,5,2,8,-1,0,HEFT,34269.410690268,3290069.536458973,2.6629223933478997e-05,0.9999952067511791,0.36842456983094063
40,5,2,8,-1,0,GA,34272.575670311,3290389.882521439,2.876203767215581e-05,0.9999948228466199,0.3006126766221054
40,5,2,8,-1,1,HEFT,34273.500340509,3290467.4052073164,2.7309110911098996e-05,0.9999950843721175,0.2508378362814653
40,5,2,8,-1,1,GA,34276.753107408,3290776.845787799,2.694411842769316e-05,0.9999951500704437,0.29202358012519275
40,5,2,8,-1,2,HEFT,34277.639157962,3290842.067925689,2.438097691685673e-05,0.9999956114337842,0.33188458776931995
40,5,2,8,-1,2,GA,34280.660590265,3291148.078341375,2.6442076994296964e-05,0.9999952404374676,0.19908222041157012
40,5,4,8,-1,0,HEFT,34281.439168566,3291348.227222749,4.264432046681274e-05,0.9999923240517756,0.2433484666592699
40,5,4,8,-1,0,GA,34284.128552108,3291587.299904964,4.0175568810890486e-05,0.9999927684237615,0.2618292875939294
40,5,4,8,-1,1,HEFT,34284.947144341,3291658.433350308,3.9212854466677525e-05,0.9999929417111053,0.29736464985463174
40,5,4,8,-1,1,GA,34287.491090842,3291873.2537797433,3.5414607094490846e-05,0.9999936253910403,0.44198325290194584
40,5,4,8,-1,2,HEFT,34288.272446455,3292053.380221932,4.899552483879637e-05,0.9999911808444177,0.27253876853026626
40,5,4,8,-1,2,GA,34291.037459707,3292354.2500647465,5.3572859544551144e-05,0.9999903569317765,0.4124013884371163
40,8,0.8,8,-1,0,HEFT,34292.214830064,3292230.480570202,2.2978925588944952e-05,0.9999958638019474,0.3640519619760701
40,8,0.8,8,-1,0,GA,34295.873303926,3292599.7383188675,2.5310225060942078e-05,0.9999954441698662,0.29071605394805716
40,8,1,8,-1,0,HEFT,34297.137275664,3292692.7669736445,2.1652262261058138e-05,0.9999961026003878,0.4772482287046901
40,8,1,8,-1,0,GA,34301.052720047,3293069.6088449163,2.1776191266649728e-05,0.9999960802932533,0.277491013778515
40,8,1,8,-1,1,HEFT,34302.20253138,3293168.2338441536,2.0257213394587678e-05,0.9999963537082361,0.4059537477062174
40,8,1,8,-1,1,GA,34305.865199991,3293537.5351718594,2.2542115338971296e-05,0.999995942427471,0.16937210199083086
40,8,1,8,-1,2,HEFT,34307.141846165,3293637.2372978614,1.958915581668003e-05,0.999996473958169,0.28500117070703196
40,8,1,8,-1,2,GA,34310.912077719,3294014.5307974303,2.1572524083522798e-05,0.9999961169532037,0.16430143530366154
40,8,2,8,-1,0,HEFT,34311.991685498,3294209.4176060613,3.336121424464283e-05,0.9999939949994656,0.14737400745868373
40,8,2,8,-1,0,GA,34315.419181094,3294596.553176548,4.086715652758559e-05,0.9999926439388808,0.4821874020219186
40,8,2,8,-1,1,HEFT,34316.468809096,3294609.937097058,2.9577703338832686e-05,0.9999946760275714,0.4424609331958007
40,8,2,8,-1,1,GA,34319.802346625,3294954.673768062,3.277112300549763e-05,0.9999941012152568,0.2673668083898799
40,8,2,8,-1,2,HEFT,34320.726826983,3295013.8443630757,2.8949479677976342e-05,0.9999947891072343,0.4183191645984322
40,8,2,8,-1,2,GA,34323.900662487,3295328.006690681,3.0173526088967465e-05,0.9999945687800528,0.35794273820227496
40,8,4,8,-1,0,HEFT,34324.834798902,3295528.049055615,4.443260478336823e-05,0.9999920021631215,0.4808190872009273
40,8,4,8,-1,0,GA,34327.521153716,3295809.3987783445,4.746356868329005e-05,0.9999914565941318,0.39230345668520056
40,8,4,8,-1,1,HEFT,34328.390956446,3295951.7307074377,5.506445589433295e-05,0.999990088447058,0.30907977429427014
40,8,4,8,-1,1,GA,34331.026718868,3296225.8154215603,5.778429072771461e-05,0.9999895988817602,0.5064009691191723
40,8,4,8,-1,2,HEFT,34332.05716414,3296323.3297230974,5.7602321144359954e-05,0.9999896316359453,0.6141957982361789
40,8,4,8,-1,2,GA,34335.048156893,3296693.2149243294,6.829352229999334e-05,0.9999877072415418,0.6123580126452794
40,10,0.8,8,-1,1,HEFT,34336.378951328,3296442.199829964,1.935665406664258e-05,0.9999965158083373,0.3957038544128486
40,10,0.8,8,-1,1,GA,34340.474473977,3296849.755347592,2.1215225555473204e-05,0.9999961812666915,0.13277985515292628
40,10,0.8,8,-1,2,HEFT,34341.85618439,3296993.179394658,2.2607970700038198e-05,0.9999959305735538,0.3260379670784154
40,10,0.8,8,-1,2,GA,34345.726799801,3297396.51342638,2.6710677711121712e-05,0.9999951920895697,0.1845758439670912
40,10,1,8,-1,0,HEFT,34346.897093715,3297496.1135758734,2.506364072780545e-05,0.9999954885548453,0.625154178116429
40,10,1,8,-1,0,GA,34350.622208771,3297871.4542391775,2.7354289039026806e-05,0.9999950762400939,0.3920684013814047
40,10,1,8,-1,1,HEFT,34352.04115319,3297962.060521177,2.1461216400065395e-05,0.9999961369885085,0.503605164597502
40,10,1,8,-1,1,GA,34356.467739113,3298392.170801201,2.2127628727725502e-05,0.9999960170347607,0.2412932244715379
40,10,1,8,-1,2,HEFT,34357.834417706,3298529.5035871584,2.2919830411168128e-05,0.9999958744390359,0.4882858415802227
40,10,1,8,-1,2,GA,34361.866554735,3298907.087802416,2.1692318844402e-05,0.9999960953902312,0.30639012467063975
40,10,2,8,-1,0,HEFT,34363.148480793,3299106.570860603,3.1565465694398476e-05,0.9999943182323163,0.5017448011933917
40,10,2,8,-1,0,GA,34366.986110234,3299543.284270049,4.038988211690998e-05,0.999992729847646,0.4783748460976939
40,10,2,8,-1,1,HEFT,34368.241653019,3299596.682406603,3.171624247786692e-05,0.9999942910926493,0.6034058877162749
40,10,2,8,-1,1,GA,34371.797583166,3299950.37103525,3.33078877666493e-05,0.999994004598174,0.42436888314639826
40,10,2,8,-1,2,HEFT,34372.963134445,3300056.1256437916,3.2514823911050266e-05,0.9999941473488221,0.5144297045188645
40,10,2,8,-1,2,GA,34376.504283438,3300420.694684832,3.5695539377775276e-05,0.9999935748235532,0.38866704142508474
40,10,4,8,-1,0,HEFT,34377.510034879,3300604.8138286085,4.700910597219061e-05,0.9999915383967245,0.26202220677200405
40,10,4,8,-1,0,GA,34380.446408598,3300869.734135266,4.481639662246582e-05,0.9999919330811455,0.6994061740388547
40,10,4,8,-1,1,HEFT,34381.380481474,3300978.728448011,4.731294916111639e-05,0.9999914837054142,0.4487637489047424
40,10,4,8,-1,1,GA,34384.195160943,3301273.576210829,5.049622226106293e-05,0.9999909107213003,0.6998690745417439
40,10,4,8,-1,2,HEFT,34385.308432475,3301482.083887145,6.362717952777328e-05,0.9999885471732685,0.43927646409933274
40,10,4,8,-1,2,GA,34388.419275416,3301736.748979435,5.794554773884658e-05,0.9999895698558008,0.5062783752264819
50,0.1,0.8,8,-1,0,HEFT,34389.465210667,3301564.7486438644,2.275044183887884e-05,0.999995904928854,0.11935806530489797
50,0.1,0.8,8,-1,0,GA,34394.183991883,3302033.736461247,2.481566414458535e-05,0.9999955331904298,0.2740585144669233
50,0.1,0.8,8,-1,1,HEFT,34395.205163944,3302114.5774865663,2.25945410777058e-05,0.9999959329908756,0.11373448820817389
50,0.1,0.8,8,-1,1,GA,34399.841395688,3302581.997336396,2.5481053016523624e-05,0.9999954134209746,0.09842273251290896
50,0.1,0.8,8,-1,2,HEFT,34400.828210467,3302675.579078341,2.5332154200158482e-05,0.9999954402226392,0.13438009505679838
50,0.1,0.8,8,-1,2,GA,34405.175273118,3303101.339363246,2.6422886811067453e-05,0.9999952438916839,0.21811644480117562
50,0.1,1,8,-1,0,HEFT,34406.107027943,3303176.8000097806,2.461567535566347e-05,0.9999955691882519,0.08846644397171773
50,0.1,1,8,-1,0,GA,34410.608090827,3303619.53749228,2.5989763938964135e-05,0.9999953218534331,0.18714226590945707
50,0.1,1,8,-1,1,HEFT,34411.619540907,3303716.981864571,2.603435885001899e-05,0.9999953138263862,0.16505209397650927
50,0.1,1,8,-1,1,GA,34416.506214364,3304180.324169993,2.528780246110627e-05,0.9999954482059158,0.19228269178085733
50,0.1,1,8,-1,2,HEFT,34417.447345488,3304266.476189751,2.4745610194238705e-05,0.9999955458000848,0.14882771756606242
50,0.1,1,8,-1,2,GA,34421.835024922,3304683.1835549925,2.4162940888911382e-05,0.9999956506800978,0.21584276981464123
50,0.1,2,8,-1,0,HEFT,34422.594371798,3304825.0799227273,3.3077549111072186e-05,0.9999940460588845,0.13837680388802612
50,0.1,2,8,-1,0,GA,34426.226557865,3305180.0742178606,3.389207529984964e-05,0.9999938994450533,0.22821531844535906
50,0.1,2,8,-1,1,HEFT,34427.001031448,3305312.414529656,4.138443290022325e-05,0.9999925508298226,0.17235454271057665
50,0.1,2,8,-1,1,GA,34430.502214132,3305604.0003378643,3.563149627803392e-05,0.9999935863512368,0.2703091809828778
50,0.1,2,8,-1,2,HEFT,34431.243191769,3305637.9528257977,3.0827702322252054e-05,0.9999944510289771,0.19309585191018375
50,0.1,2,8,-1,2,GA,34435.108455956,3306017.278852089,3.1894971616687446e-05,0.9999942589215888,0.22641899212034494
50,0.1,4,8,-1,0,HEFT,34435.809465798,3306254.637678087,5.386679088882779e-05,0.9999903040246461,0.27200444423887704
50,0.1,4,8,-1,0,GA,34439.003683477,3306562.2540337644,5.399230232198736e-05,0.9999902814328073,0.4092621301281778
50,0.1,4,8,-1,1,HEFT,34439.691422617,3306638.169385789,5.527038947770457e-05,0.9999900513793815,0.22791204980194796
50,0.1,4,8,-1,1,GA,34442.760131154,3306867.4192333254,4.682773159450638e-05,0.9999915710438361,0.4433536992858881
50,0.1,4,8,-1,2,HEFT,34443.444447367,3306960.193869493,5.032647574427958e-05,0.999990941275396,0.1612177394006203
50,0.1,4,8,-1,2,GA,34446.679205105,3307261.4667693544,4.912959680550558e-05,0.9999911567116765,0.3929850502167839
50,0.5,0.8,8,-1,0,HEFT,34447.720839186,3307195.178835457,2.7645771783095874e-05,0.9999950237734597,0.20744230128406232
50,0.5,0.8,8,-1,0,GA,34452.342022797,3307637.964484915,2.753621400556262e-05,0.9999950434937618,0.24968395893808626
50,0.5,0.8,8,-1,1,HEFT,34453.274624734,3307716.179817136,2.6074398278069566e-05,0.9999953066193238,0.14814885826983354
50,0.5,0.8,8,-1,1,GA,34457.623150641,3308135.474865811,2.6311680138921172e-05,0.9999952639087905,0.21105095147833164
50,0.5,1,8,-1,0,HEFT,34458.563700274,3308197.575334996,2.2669264688900307e-05,0.9999959195406799,0.18892785785700958
50,0.5,1,8,-1,0,GA,34462.803086312,3308616.316620131,2.418867366654417e-05,0.9999956460482181,0.17375978306340775
50,0.5,1,8,-1,1,HEFT,34463.834134815,3308706.7257068586,2.3081235738815548e-05,0.999995845386197,0.15957356609419557
50,0.5,1,8,-1,1,GA,34468.493043947,3309161.5465703714,2.4058701738977107e-05,0.9999956694430635,0.18541145480840143
50,0.5,1,8,-1,2,HEFT,34469.462988122,3309269.392043499,2.5961910049914473e-05,0.9999953268671091,0.19588793077052863
50,0.5,1,8,-1,2,GA,34474.132159972,3309712.254934181,2.5267128794399063e-05,0.9999954519271588,0.22580361143295183
50,0.5,2,8,-1,0,HEFT,34474.895981477,3309839.375775663,3.2217255022139094e-05,0.99999420091091,0.08698438854425282
50,0.5,2,8,-1,0,GA,34478.454476087,3310187.2773660882,3.302941366103672e-05,0.9999940547232138,0.28479160098977213
50,0.5,2,8,-1,1,HEFT,34479.206592118,3310291.2038825178,3.7128041239055974e-05,0.9999933169749081,0.10597398353988842
50,0.5,2,8,-1,1,GA,34482.881091543,3310629.8494146736,3.530550730562633e-05,0.999993645028877,0.34067926398061577
50,0.5,2,8,-1,2,HEFT,34483.633451851,3310659.008166581,2.9741187194465765e-05,0.9999946466006343,0.10480644355456754
50,0.5,2,8,-1,2,GA,34487.550265873,3311051.3668431723,3.185288363884966e-05,0.9999942664973811,0.29148185612180955
50,0.5,4,8,-1,0,HEFT,34488.23508471,3311251.7801453676,4.9252198088854336e-05,0.9999911346436408,0.13785311665652258
50,0.5,4,8,-1,0,GA,34491.054497649,3311514.3829176417,4.8210742033350266e-05,0.9999913221040867,0.38401149660319095
50,0.5,4,8,-1,1,HEFT,34491.753213647,3311607.6669538356,5.159669815548114e-05,0.9999907126374598,0.12454303826121627
50,0.5,4,8,-1,1,GA,34494.813232581,3311873.948156318,4.8046231077791566e-05,0.9999913517158018,0.3450404964982438
50,0.5,4,8,-1,2,HEFT,34495.545198685,3312032.4284614045,5.9443073339005225e-05,0.9999893003040402,0.2446892882877073
50,0.5,4,8,-1,2,GA,34498.475335349,3312278.9188627135,5.494659808904948e-05,0.9999901096612531,0.43766112766136145
50,0.8,0.8,8,-1,1,HEFT,34499.53018999,3312133.98861611,2.3138291611111426e-05,0.9999958351161828,0.17979152732986667
50,0.8,0.8,8,-1,1,GA,34504.074782981,3312586.058808361,2.517824834439024e-05,0.9999954679255675,0.22637830990273514
50,0.8,1,8,-1,0,HEFT,34505.130696881,3312679.856727562,2.4200236044634948e-05,0.9999956439669987,0.21268825015261655
50,0.8,1,8,-1,0,GA,34509.488401236,3313107.6219611624,2.5418015827744968e-05,0.9999954247676165,0.27156103981394175
50,0.8,1,8,-1,1,HEFT,34510.441611865,3313192.312616729,2.4537193499943694e-05,0.9999955833149227,0.19840433554557868
50,0.8,1,8,-1,1,GA,34514.975702487,3313613.7535213185,2.2750139866467282e-05,0.9999959049832087,0.22622566312273618
50,0.8,1,8,-1,2,HEFT,34515.992630686,3313750.579972906,2.7814913055610504e-05,0.9999949933281828,0.09290445505039953
50,0.8,1,8,-1,2,GA,34520.652478281,3314194.935735034,2.74286589221851e-05,0.999995062853581,0.21341647703080452
50,0.8,2,8,-1,0,HEFT,34521.468303768,3314307.737158224,3.188372047754658e-05,0.9999942609467823,0.17397179680273703
50,0.8,2,8,-1,0,GA,34525.238154561,3314665.7403781246,3.137952716654884e-05,0.9999943517010615,0.2668198162684707
50,0.8,2,8,-1,1,HEFT,34525.952043662,3314726.4984957725,3.0374974705450264e-05,0.9999945325194994,0.08470195956460053
50,0.8,2,8,-1,1,GA,34529.551049154,3315071.243350045,3.0276825744375755e-05,0.9999945501862154,0.16391895100567866
50,0.8,2,8,-1,2,HEFT,34530.27455221,3315135.9560800204,2.9663962255856153e-05,0.9999946605010489,0.18597312756100523
50,0.8,2,8,-1,2,GA,34533.844497706,3315484.5265303142,3.0420510405464384e-05,0.999994524323118,0.14914133619085473
50,0.8,4,8,-1,0,HEFT,34534.480470567,3315684.757002258,4.8402044938767275e-05,0.9999912876698627,0.22863443631196914
50,0.8,4,8,-1,0,GA,34537.495052022,3316001.2953835167,5.1908319044539694e-05,0.9999906565462218,0.5581794873166649
50,0.8,4,8,-1,1,HEFT,34538.178648967,3316032.7683584103,4.7495873072208874e-05,0.9999914507793914,0.2327011568502896
50,0.8,4,8,-1,1,GA,34541.519234457,3316360.3686264018,4.83878706110166e-05,0.99999129022122,0.49388883954473284
50,0.8,4,8,-1,2,HEFT,34542.187102189,3316407.2647148976,4.6163165988845226e-05,0.9999916906646441,0.12585442072185482
50,0.8,4,8,-1,2,GA,34545.336951247,3316718.9423772343,4.7363702522205936e-05,0.9999914745698868,0.5425748904440126
50,1,0.8,8,-1,0,HEFT,34546.418412633,3316626.9108175403,2.205984557779933e-05,0.9999960292356785,0.19163601008467324
50,1,0.8,8,-1,0,GA,34551.525601336,3317132.655246162,2.4056526861224686e-05,0.9999956698345397,0.2545796129574469
50,1,0.8,8,-1,1,HEFT,34552.546152442,3317254.370656862,2.7124033905662752e-05,0.9999951176858154,0.27317007160865525
50,1,0.8,8,-1,1,GA,34557.156887491,3317688.144517327,2.5979756872281242e-05,0.9999953236546963,0.16842381976666762
50,1,0.8,8,-1,2,HEFT,34558.217038311,3317781.4942910075,2.4891293688819537e-05,0.9999955195771727,0.1892659256699248
50,1,0.8,8,-1,2,GA,34563.237412791,3318261.6715277284,2.466148576131673e-05,0.9999955609424147,0.13357153421117585
50,1,1,8,-1,0,HEFT,34564.292051856,3318368.2173774582,2.53463048168568e-05,0.9999954376755397,0.14870333890206502
50,1,1,8,-1,0,GA,34568.936035811,3318807.8584421417,2.454767497236187e-05,0.9999955814282664,0.24548204851199953
50,1,1,8,-1,1,HEFT,34569.978739425,3318908.2983109504,2.45916442054699e-05,0.9999955735138389,0.19006939963465624
50,1,1,8,-1,1,GA,34574.623090151,3319343.474329318,2.3211585894346675e-05,0.9999958219232672,0.21649426671044156
50,1,1,8,-1,2,HEFT,34575.668421056,3319471.800324808,2.682582731678041e-05,0.9999951713627397,0.20225490289480694
50,1,1,8,-1,2,GA,34580.347146267,3319915.6134585496,2.613532518318809e-05,0.9999952956525323,0.20913044886711085
50,1,2,8,-1,0,HEFT,34581.172932822,3320052.4348023348,3.357018752228921e-05,0.9999939573845019,0.1645719473377303
50,1,2,8,-1,0,GA,34585.019417247,3320422.386592404,3.3659242466658016e-05,0.9999939413547088,0.32782935772787675
50,1,2,8,-1,1,HEFT,34585.922151049,3320538.967438765,3.752466900004947e-05,0.9999932455823901,0.16057695107437966
50,1,2,8,-1,1,GA,34589.519535121,3320836.848047193,3.139181855007741e-05,0.9999943494886251,0.2517166462775722
50,1,2,8,-1,2,HEFT,34590.303087443,3320894.4442697945,2.9114712566782448e-05,0.9999947593654697,0.0824215678889178
50,1,2,8,-1,2,GA,34594.127205323,3321270.180880907,3.0228574922390788e-05,0.9999945588713169,0.2984344786778266
50,1,4,8,-1,0,HEFT,34594.816807149,3321473.685370369,4.796794367757684e-05,0.9999913658074127,0.2440319239697503
50,1,4,8,-1,0,GA,34598.091032164,3321743.552062734,4.22238985775847e-05,0.9999923997271379,0.35475045630471874
50,1,4,8,-1,1,HEFT,34598.785295752,3321870.2897204785,4.9987251716649756e-05,0.9999910023351691,0.21426980077198787
50,1,4,8,-1,1,GA,34601.796090449,3322141.6233610846,4.7700087594421355e-05,0.9999914140210926,0.3148281170947719
50,1,4,8,-1,2,HEFT,34602.494288493,3322267.681451118,5.532684183336743e-05,0.999990041218058,0.30813677318079963
50,1,4,8,-1,2,GA,34605.474807347,3322525.757987658,5.1702387900028654e-05,0.9999906936134827,0.4994929344581025
50,2,0.8,8,-1,1,HEFT,34606.732790195,3322459.135261728,2.7491912533352862e-05,0.9999950514679874,0.161281365804698
50,2,0.8,8,-1,1,GA,34611.123390183,3322880.0428315178,2.741568138889205e-05,0.9999950651895254,0.2151278998807498
50,2,0.8,8,-1,2,HEFT,34612.259409042,3322982.03923586,2.6503355016514735e-05,0.9999952294074754,0.21944709125441098
50,2,0.8,8,-1,2,GA,34616.763289569,3323420.9734248538,2.7351114499995473e-05,0.9999950768115085,0.21789467260531395
50,2,1,8,-1,0,HEFT,34617.77919063,3323529.4970227275,2.87719279389421e-05,0.999994821066381,0.21700584362092323
50,2,1,8,-1,0,GA,34622.182141042,3323923.3672862914,2.504932122210448e-05,0.9999954911323445,0.2134208337704937
50,2,1,8,-1,1,HEFT,34623.277211791,3324026.5189892114,2.479414176684966e-05,0.9999955370644401,0.14539869145097348
50,2,1,8,-1,1,GA,34627.850028996,3324462.1176918764,2.4355931299821047e-05,0.999995615941975,0.1853745701450731
50,2,1,8,-1,2,HEFT,34628.885133825,3324602.173467082,2.9612483188813915e-05,0.9999946697672311,0.3458677321832217
50,2,1,8,-1,2,GA,34633.719491473,3325070.920299047,3.02130642944879e-05,0.9999945616632142,0.26366679838047696
50,2,2,8,-1,0,HEFT,34634.513027436,3325179.3871488096,3.438456265551698e-05,0.9999938107978753,0.30621014464900337
50,2,2,8,-1,0,GA,34638.199274507,3325546.023438934,3.603269848337934e-05,0.9999935141353061,0.3614820331623439
50,2,2,8,-1,1,HEFT,34639.025241395,3325603.094008745,3.316160656658111e-05,0.9999940309286323,0.20944891220540046
50,2,2,8,-1,1,GA,34642.695095109,3325944.7084640367,3.178027565546573e-05,0.9999942795667438,0.3290724572873737
50,2,2,8,-1,2,HEFT,34643.574183143,3326088.4134176606,3.9443389655409394e-05,0.9999929002150652,0.2797836438252973
50,2,2,8,-1,2,GA,34647.485212445,3326425.4048627187,3.4473445477932625e-05,0.9999937947990661,0.2571760254460249
50,2,4,8,-1,0,HEFT,34648.253034942,3326638.826715178,5.2523948416758985e-05,0.9999905457339759,0.37578605922859165
50,2,4,8,-1,0,GA,34651.449037791,3326935.407885646,5.120158368344063e-05,0.999990783757406,0.31123271219444626
50,2,4,8,-1,1,HEFT,34652.086054719,3326961.5825712904,4.668234086129815e-05,0.9999915972139476,0.2931834091801754
50,2,4,8,-1,1,GA,34655.242098263,3327268.9286003793,4.724640402212875e-05,0.9999914956834378,0.44710362897027583
50,2,4,8,-1,2,HEFT,34656.021402165,3327393.9388614874,5.3731815716754584e-05,0.9999903283199416,0.3185391131947741
50,2,4,8,-1,2,GA,34659.185047492,3327679.716640571,5.1414997589058147e-05,0.9999907453432575,0.3927460180147339
50,5,0.8,8,-1,1,HEFT,34660.738157413,3327608.8814334003,2.2999783172175133e-05,0.9999958600475986,0.33507848796408896
50,5,0.8,8,-1,1,GA,34665.988838103,3328105.206195789,2.1999707739127592e-05,0.9999960400604472,0.2543754935417573
50,5,0.8,8,-1,2,HEFT,34667.234500035,3328249.2136151846,2.5155247005710006e-05,0.9999954720657895,0.27142751506349666
50,5,0.8,8,-1,2,GA,34671.883088247,3328696.4047860387,2.5274976011173244e-05,0.9999954505146664,0.25837503479075
50,5,1,8,-1,0,HEFT,34673.134024962,3328916.1059173476,3.814464095553881e-05,0.9999931339881989,0.28352846774304513
50,5,1,8,-1,0,GA,34677.620810078,3329316.7376252604,3.425579557782233e-05,0.9999938339758053,0.29203626065761995
50,5,1,8,-1,1,HEFT,34678.961220279,3329384.915142534,2.643901753872342e-05,0.999995240988166,0.34361941220138936
50,5,1,8,-1,1,GA,34683.936088639,3329860.275166671,2.6151247716592885e-05,0.9999952927864895,0.17433470115172736
50,5,1,8,-1,2,HEFT,34685.238046421,3329977.9846593174,2.5210878927828163e-05,0.9999954620520893,0.31890070648715846
50,5,1,8,-1,2,GA,34690.12610662,3330455.6672365875,2.6299870938964886e-05,0.999995266034436,0.18289732541570164
50,5,2,8,-1,0,HEFT,34691.377096454,3330684.6447993163,4.036738239430835e-05,0.9999927338975666,0.37264540706411253
50,5,2,8,-1,0,GA,34696.133608821,3331152.838662861,4.186204341664658e-05,0.9999924648605738,0.3176723193394949
50,5,2,8,-1,1,HEFT,34697.228032758,3331247.841447373,4.056205460013492e-05,0.9999926988568245,0.2504098670317455
50,5,2,8,-1,1,GA,34701.272725245,3331638.4295153683,4.085890075564546e-05,0.9999926454249082,0.4410871723509239
50,5,2,8,-1,2,HEFT,34702.446351807,3331736.24404318,3.8939828127695366e-05,0.9999929908555006,0.2548108442977829
50,5,2,8,-1,2,GA,34706.684168826,3332258.2945409575,5.382614129990139e-05,0.9999903113415007,0.4033953978101005
50,5,4,8,-1,0,HEFT,34707.711132319,3332565.443490103,8.07719363668083e-05,0.9999854611571435,0.3082845206679292
50,5,4,8,-1,0,GA,34710.990831745,3332909.6068415437,8.455904315548349e-05,0.9999847794880644,0.6279092028402379
50,5,4,8,-1,1,HEFT,34711.988026668,3332952.38449018,7.771756202220987e-05,0.9999860109366832,0.3564251929044815
50,5,4,8,-1,1,GA,34715.173455743,3333211.2717803996,7.16563345053146e-05,0.999987101942969,0.5730321464210559
50,5,4,8,-1,2,HEFT,34715.995441035,3333094.3802401954,4.6358901916755716e-05,0.9999916554324708,0.21523429223254245
50,5,4,8,-1,2,GA,34719.107379457,3333496.0607912377,5.9657928083470327e-05,0.9999892616306013,0.644586740047441
50,8,0.8,8,-1,0,HEFT,34720.82772481,3333418.52817918,2.8303177961263123e-05,0.999994905440944,0.31230189227807337
50,8,0.8,8,-1,0,GA,34726.344089893,3333933.8157321615,2.645776517225992e-05,0.9999952376136091,0.27307477044702283
50,8,0.8,8,-1,2,HEFT,34727.875688317,3334098.96413293,2.8798198255632693e-05,0.9999948163377488,0.33031469094813565
50,8,0.8,8,-1,2,GA,34733.002989859,3334613.7340174997,3.171149754986497e-05,0.9999942919467314,0.39308731350767107
50,8,1,8,-1,0,HEFT,34734.64321467,3334761.9292658083,3.0514296833118557e-05,0.999994507441654,0.43217475189116
50,8,1,8,-1,0,GA,34739.334343626,3335214.140785359,3.075501256632075e-05,0.9999944641130601,0.344538574969882
50,8,1,8,-1,1,HEFT,34740.918407875,3335346.6851471197,2.8232298594310932e-05,0.9999949181991653,0.4616830281623691
50,8,1,8,-1,1,GA,34746.42922607,3335917.8437871644,3.3674171116823954e-05,0.9999939386675679,0.21414312961374268
50,8,1,8,-1,2,HEFT,34747.761221034,3336049.9385475456,3.4219809855534954e-05,0.9999938404531955,0.3397457656019699
50,8,1,8,-1,2,GA,34752.716441702,3336558.6747077266,3.8487894616789875e-05,0.9999930722029656,0.2498207690920468
50,8,2,8,-1,0,HEFT,34754.22902742,3336800.4470675206,5.096388051683284e-05,0.999990826543583,0.5168862190820609
50,8,2,8,-1,0,GA,34758.972823919,3337303.425222896,5.71103522831739e-05,0.9999897201894261,0.6733851885900498
50,8,2,8,-1,1,HEFT,34760.535643629,3337405.4540862134,5.090856561101747e-05,0.9999908365001752,0.8035230108367681
50,8,2,8,-1,1,GA,34765.335806362,3337935.938801363,5.99097403889674e-05,0.9999892163048741,1.1188179880141491
50,8,2,8,-1,2,HEFT,34766.834446648,3337979.351882398,4.693087909432102e-05,0.9999915524774426,0.20884996090058225
50,8,2,8,-1,2,GA,34771.507730451,3338432.7378628165,4.75446691887353e-05,0.9999914419961653,0.20930070074710833
50,8,4,8,-1,0,HEFT,34772.895637239,3339072.607568659,0.00011300082606127641,0.9999796600581682,0.6377057346953033
50,8,4,8,-1,0,GA,34776.587145834,3339289.7449815646,9.526860226109825e-05,0.9999828517986248,1.513252553649492
50,8,4,8,-1,1,HEFT,34777.717026864,3339240.581047546,7.490264452228278e-05,0.9999865176148739,0.6976629921814863
50,8,4,8,-1,1,GA,34781.162024027,3339506.7993335323,6.656912492774913e-05,0.9999880176293019,0.7001865306837903
50,8,4,8,-1,2,HEFT,34782.224436677,3339682.856093985,7.613826524458192e-05,0.9999862952061669,0.4820381221352697
50,8,4,8,-1,2,GA,34785.625233686,3339872.3845651066,5.844471979988965e-05,0.9999894800057711,0.6456612922766187
50,10,0.8,8,-1,1,HEFT,34787.510334944,3339878.2695846856,3.5823957372283784e-05,0.9999935517084628,0.5051773040767364
50,10,0.8,8,-1,1,GA,34792.808214948,3340419.243620271,4.000710403912914e-05,0.9999927987472018,0.6197062608705928
50,10,0.8,8,-1,2,HEFT,34794.701012216,3340565.992137608,3.549030553905241e-05,0.9999936117654075,0.7828786846193718
50,10,0.8,8,-1,2,GA,34800.746915142,3341159.7514797193,3.7215455566830416e-05,0.9999933012404344,0.43766866505505325
50,10,1,8,-1,0,HEFT,34802.378545299,3341255.758163131,2.9382146566786107e-05,0.9999947112276034,0.5988388884798308
50,10,1,8,-1,0,GA,34807.905516321,3341825.2517534494,3.440855124463269e-05,0.9999938064799551,0.35603284826634524
50,10,1,8,-1,1,HEFT,34809.644560463,3342006.612011774,3.6270569421968605e-05,0.9999934713188154,0.443434966104965
50,10,1,8,-1,1,GA,34814.858343565,3342527.523652125,3.8904737711264816e-05,0.9999929971717311,0.5670483659514137
50,10,1,8,-1,2,HEFT,34816.552228075,3342621.0160854813,2.9974443188823193e-05,0.9999946046147803,0.3453471642657165
50,10,1,8,-1,2,GA,34821.576792518,3343114.7899528164,3.1449337349962055e-05,0.9999943391352992,0.29430177667065666
50,10,2,8,-1,0,HEFT,34823.430549923,3343544.0909649106,6.39222444835064e-05,0.9999884940621867,1.0339164325178813
50,10,2,8,-1,0,GA,34828.67185718,3344111.3671576837,7.220528015552392e-05,0.9999870031340313,0.5928007046330868
50,10,2,8,-1,1,HEFT,34830.200482907,3344200.3890863196,6.474712238337411e-05,0.9999883455858838,0.6130926372937263
50,10,2,8,-1,1,GA,34834.590794746,3344538.474272113,5.3973898772245674e-05,0.9999902847454138,0.6184262980538172
50,10,2,8,-1,2,HEFT,34836.260872937,3344818.4512121156,6.943248193335119e-05,0.9999875022313489,0.6883056410234423
50,10,2,8,-1,2,GA,34840.811030157,3345156.567092532,5.66806456666705e-05,0.999989797535825,0.42942760753954246
50,10,4,8,-1,0,HEFT,34842.02876088,3345437.5416026674,7.787862508881113e-05,0.9999859819457377,0.5883778057726061
50,10,4,8,-1,0,GA,34845.53135322,3345789.318312592,7.988480665007956e-05,0.9999856208381832,0.456766278160786
50,10,4,8,-1,1,HEFT,34846.685088805,3345823.843746263,7.003555826651993e-05,0.9999873936789714,0.29011493643731506
50,10,4,8,-1,1,GA,34850.126231377,3346211.3241733285,7.741679084449263e-05,0.9999860650747393,0.8302486700548178
50,10,4,8,-1,2,HEFT,34851.360403345,3346218.732583204,6.306639045008827e-05,0.9999886481141514,0.6833713916934253
50,10,4,8,-1,2,GA,34855.240374702,3346813.219119382,9.174976072224834e-05,0.9999834851794407,0.8266797611156153
60,0.1,0.8,8,-1,0,HEFT,34856.504304074,3346458.373777042,3.022746588346005e-05,0.9999945590709424,0.13885836459905723
60,0.1,0.8,8,-1,0,GA,34862.637279467,3347047.8055147836,3.0313525316685428e-05,0.9999945435803285,0.3025714971734936
60,0.1,0.8,8,-1,1,HEFT,34863.850646475,3347228.379442807,3.859397690005911e-05,0.999993053108287,0.2128134101280427
60,0.1,0.8,8,-1,1,GA,34869.83437201,3347763.9669404035,3.3574577189049e-05,0.9999939565943665,0.26099342743765297
60,0.1,0.8,8,-1,2,HEFT,34871.07715638,3347858.03222181,3.0313334538772727e-05,0.9999945436146688,0.15616570772179772
60,0.1,0.8,8,-1,2,GA,34877.625499479,3348489.8929225607,3.072932462233035e-05,0.9999944687368647,0.20653374347307898
60,0.1,1,8,-1,0,HEFT,34878.726726859,3348592.340114453,3.0306761755612874e-05,0.9999945447977636,0.1556397903055417
60,0.1,1,8,-1,0,GA,34884.855139058,3349195.0139277764,3.216028142216803e-05,0.9999942111660989,0.3498975610116408
60,0.1,1,8,-1,1,HEFT,34885.893210386,3349292.516876426,3.188225831658605e-05,0.9999942612099696,0.16390909666248998
60,0.1,1,8,-1,1,GA,34891.438796879,3349823.6479486907,3.172137575012231e-05,0.9999942901686649,0.27002755167588127
60,0.1,1,8,-1,2,HEFT,34892.511622608,3349973.0318609234,3.771525717768074e-05,0.9999932112767516,0.12977027460790472
60,0.1,1,8,-1,2,GA,34898.489526467,3350505.8664317336,3.2412389005346795e-05,0.999994165786997,0.24821789137896638
60,0.1,2,8,-1,0,HEFT,34899.382246176,3350651.159123852,4.0111562139039354e-05,0.9999927799448789,0.19106095209754909
60,0.1,2,8,-1,0,GA,34903.706180844,3351045.1197395585,3.7380669061369395e-05,0.999993271502205,0.3700012665431851
60,0.1,2,8,-1,1,HEFT,34904.523770073,3351165.132564204,4.2745560361193683e-05,0.9999923058287351,0.20181916962762222
60,0.1,2,8,-1,1,GA,34908.972344709,3351601.0068273963,4.38839451333883e-05,0.9999921009210737,0.3447782341611111
60,0.1,2,8,-1,2,HEFT,34909.832842466,3351673.4665879468,4.257283090575785e-05,0.9999923369197976,0.10583889549951146
60,0.1,2,8,-1,2,GA,34914.887414245,3352149.6127605634,4.139806111674665e-05,0.9999925483767612,0.28344610810963666
60,0.1,4,8,-1,0,HEFT,34915.716272161,3352435.224317707,6.80183708334678e-05,0.9999877567681982,0.3013437568335218
60,0.1,4,8,-1,0,GA,34919.583131608,3352847.4306465397,7.331395506092425e-05,0.9999868035751623,0.7784184738826915
60,0.1,4,8,-1,1,HEFT,34920.373022303,3352856.5033539906,6.468904559470603e-05,0.9999883560395839,0.1449711147296757
60,0.1,4,8,-1,1,GA,34923.978141425,3353221.150892226,6.708647486124795e-05,0.9999879245074337,0.44623667501890957
60,0.1,4,8,-1,2,HEFT,34924.799110544,3353297.1717476742,6.672572809430777e-05,0.9999879894410695,0.2946457224082896
60,0.1,4,8,-1,2,GA,34928.427089948,3353627.478189016,6.440278475549552e-05,0.9999884075659359,0.6117697124999476
60,0.5,0.8,8,-1,0,HEFT,34929.519102272,3353464.582717493,2.98125192997961e-05,0.999994633760923,0.2064637077268897
60,0.5,0.8,8,-1,0,GA,34935.432026188,3354044.510982748,3.140006055562278e-05,0.9999943480050714,0.20301057978778952
60,0.5,0.8,8,-1,1,HEFT,34936.623498496,3354160.64954447,3.1627091583141015e-05,0.9999943071397187,0.1283114731450544
60,0.5,0.8,8,-1,1,GA,34943.001133439,3354781.638760453,3.275580753349156e-05,0.9999941039720258,0.08157484851187015
60,0.5,0.8,8,-1,2,HEFT,34944.248417592,3354892.3900239524,3.1594565261022786e-05,0.9999943129944234,0.22194475819846726
60,0.5,0.8,8,-1,2,GA,34949.80121289,3355426.8501073364,3.1774375955582297e-05,0.9999942806286837,0.15549282044627288
60,0.5,1,8,-1,0,HEFT,34950.919131398,3355537.993612806,3.2268346072143886e-05,0.9999941917145752,0.11055310353921655
60,0.5,1,8,-1,0,GA,34956.816732569,3356114.1729029785,3.356157317240205e-05,0.9999939589350756,0.28844002108686456
60,0.5,1,8,-1,1,HEFT,34957.981610289,3356244.344109903,3.593146281123659e-05,0.9999935323576087,0.1928899353253672
60,0.5,1,8,-1,1,GA,34964.102946894,3356834.915521025,3.6309123927761297e-05,0.9999934643790497,0.33232209711887634
60,0.5,1,8,-1,2,HEFT,34965.193736032,3356914.1718211602,3.3019788383535345e-05,0.9999940564557526,0.1666753429585226
60,0.5,1,8,-1,2,GA,34971.163103025,3357473.896316166,3.129695423336266e-05,0.9999943665641048,0.15630203902968187
60,0.5,2,8,-1,0,HEFT,34972.046405166,3357636.91861047,4.140358068911559e-05,0.9999925473832457,0.12000272346692982
60,0.5,2,8,-1,0,GA,34976.912671227,3358107.199921607,4.180665165565895e-05,0.9999924748310159,0.26655757072560926
60,0.5,2,8,-1,1,HEFT,34977.790348304,3358196.243166845,4.242502967192397e-05,0.999992363523816,0.12254506954274734
60,0.5,2,8,-1,1,GA,34982.79835972,3358678.848154879,4.266222503348318e-05,0.9999923208289788,0.3961860008060386
60,0.5,2,8,-1,2,HEFT,34983.721150702,3358791.5412271204,4.57765839443002e-05,0.999991760248836,0.17061760294597147
60,0.5,2,8,-1,2,GA,34988.318710072,3359217.5948337717,4.379827737207557e-05,0.9999921163411483,0.23664460921590083
60,0.5,4,8,-1,0,HEFT,34989.088251112,3359449.1539777936,6.417078437233513e-05,0.9999884493255216,0.24587408516571985
60,0.5,4,8,-1,0,GA,34992.750636132,3359797.4629673506,6.374701533321867e-05,0.9999885256030706,0.7125008864500445
60,0.5,4,8,-1,1,HEFT,34993.531440129,3359897.6431771936,6.700580423890239e-05,0.9999879390279707,0.3869554023812767
60,0.5,4,8,-1,1,GA,34997.494239085,3360296.5975345466,6.93993000499985e-05,0.9999875082040139,0.5493027108940993
60,0.5,4,8,-1,2,HEFT,34998.27608789,3360347.6249105344,6.62946347667053e-05,0.9999880670369392,0.39620713007554687
60,0.5,4,8,-1,2,GA,35002.198215112,3360793.2679362977,7.52247138947698e-05,0.9999864596431693,0.5263802615569495
60,0.8,0.8,8,-1,1,HEFT,35003.626033486,3360596.9178900463,3.2147115683498367e-05,0.9999942135359181,0.2627862488826542
60,0.8,0.8,8,-1,1,GA,35010.125046403,3361216.4756591953,3.1585426938909224e-05,0.9999943146393128,0.3297458078853871
60,0.8,0.8,8,-1,2,HEFT,35011.315210001,3361340.9487539176,3.2905503077725166e-05,0.9999940770269873,0.2090617157473462
60,0.8,0.8,8,-1,2,GA,35017.134366482,3361906.4656596356,3.3794118522443266e-05,0.9999939170771661,0.14313297787500204
60,0.8,1,8,-1,0,HEFT,35018.364150782,3362031.1161537264,3.4645694916576354e-05,0.9999937637943594,0.11957115968119651
60,0.8,1,8,-1,0,GA,35024.728847945,3362618.791974502,3.163082322765452e-05,0.999994306468027,0.17417348215640532
60,0.8,1,8,-1,1,HEFT,35025.881386504,3362758.070319932,3.5330389605708964e-05,0.9999936405500922,0.16350036743175292
60,0.8,1,8,-1,1,GA,35032.188144618,3363370.3707189607,3.621561183887631e-05,0.9999934812111153,0.3613665848036151
60,0.8,1,8,-1,2,HEFT,35033.333895912,3363502.2637314554,3.904518396682559e-05,0.9999929718915821,0.2286101377864459
60,0.8,1,8,-1,2,GA,35039.034414255,3364024.370208937,3.5796697733450045e-05,0.9999935566151662,0.331735427916193
60,0.8,2,8,-1,0,HEFT,35039.918967014,3364122.3480623206,3.74841381107318e-05,0.9999932528779016,0.13099221560392713
60,0.8,2,8,-1,0,GA,35044.874532158,3364609.1834279606,3.8918390283247895e-05,0.9999929947142852,0.4902933880930126
60,0.8,2,8,-1,1,HEFT,35045.774443015,3364714.957029932,4.1422545283300376e-05,0.9999925439696449,0.15876271318522914
60,0.8,2,8,-1,1,GA,35050.956147763,3365213.7876910325,4.160174493339986e-05,0.9999925117139491,0.3820047086884414
60,0.8,2,8,-1,2,HEFT,35051.889486435,3365317.662281403,4.34459410391153e-05,0.9999921797611908,0.11341906107194943
60,0.8,2,8,-1,2,GA,35056.704876715,3365771.64857643,4.237473020544308e-05,0.9999923725776513,0.29575189679371905
60,0.8,4,8,-1,0,HEFT,35057.466649527,3366002.7767023984,6.278790023340359e-05,0.9999886982418228,0.33645867807536345
60,0.8,4,8,-1,0,GA,35061.374994108,3366409.2629185463,6.682990751655274e-05,0.9999879706889993,0.5013952338371543
60,0.8,4,8,-1,1,HEFT,35062.223291441,3366521.731770585,7.083924964455137e-05,0.9999872490163579,0.2711170813034995
60,0.8,4,8,-1,1,GA,35066.068482722,3366879.575500033,6.937999466677462e-05,0.9999875116789392,0.6457050726960977
60,0.8,4,8,-1,2,HEFT,35066.892029775,3366910.221645289,6.312490786678811e-05,0.9999886375811367,0.344592526938036
60,0.8,4,8,-1,2,GA,35070.651186141,3367281.6886866465,6.449287042770367e-05,0.9999883913507032,0.44541800555013616
60,1,0.8,8,-1,0,HEFT,35072.036501654,3367154.808014591,3.0917810827789556e-05,0.9999944348095359,0.14005188877509991
60,1,0.8,8,-1,0,GA,35078.479347891,3367778.5445947954,3.159266114461288e-05,0.9999943133371628,0.2810501127467388
60,1,0.8,8,-1,2,HEFT,35079.764713486,3367901.9282148704,3.159117832223678e-05,0.9999943136040687,0.20414680872965257
60,1,0.8,8,-1,2,GA,35086.425053394,3368535.3979681614,3.082594862240108e-05,0.9999944513446413,0.2209047581581331
60,1,1,8,-1,0,HEFT,35087.571334629,3368663.253479144,3.312730681654001e-05,0.9999940371025502,0.1326175631563611
60,1,1,8,-1,0,GA,35093.715933364,3369257.6910238652,3.371594585542981e-05,0.9999939311481609,0.17627205221260805
60,1,1,8,-1,1,HEFT,35094.903615354,3369391.8431075634,3.631731699994513e-05,0.9999934629043061,0.1111183563707283
60,1,1,8,-1,1,GA,35100.294374209,3369918.364799924,3.748125011111875e-05,0.9999932533977375,0.22874232924091867
60,1,1,8,-1,2,HEFT,35101.406027373,3369975.2032137625,3.103676821119734e-05,0.9999944133973262,0.24780389913349282
60,1,1,8,-1,2,GA,35107.09347215,3370534.637532684,3.277315326659947e-05,0.9999941008498114,0.21805140737915996
60,1,2,8,-1,0,HEFT,35108.011175935,3370687.3609713456,4.112249116102854e-05,0.9999925979789854,0.16492477074985337
60,1,2,8,-1,0,GA,35112.841728967,3371170.921859456,4.368422204441029e-05,0.9999921368709461,0.26641644607886766
60,1,2,8,-1,1,HEFT,35113.706888257,3371256.490869418,4.400899182756903e-05,0.9999920784128464,0.22854271395256542
60,1,2,8,-1,1,GA,35118.282570066,3371708.9368390883,4.571190087234653e-05,0.9999917718916934,0.2906897613079774
60,1,2,8,-1,2,HEFT,35119.116448506,3371764.8044150053,4.2587255610972835e-05,0.9999923343233708,0.17006293595578603
60,1,2,8,-1,2,GA,35123.811155585,3372196.857032988,4.017908227760927e-05,0.9999927677913419,0.2588011658556186
60,1,4,8,-1,0,HEFT,35124.619083683,3372465.456419784,6.486103181090989e-05,0.999988325082426,0.2725703779006486
60,1,4,8,-1,0,GA,35128.439010125,3372859.5842331937,6.840300532215528e-05,0.999987687534841,0.4842054600596274
60,1,4,8,-1,1,HEFT,35129.210494507,3372923.302042448,6.706648188321398e-05,0.999987928106126,0.24069950742729027
60,1,4,8,-1,1,GA,35132.77834615,3373272.9206241705,6.798441779978425e-05,0.9999877628796694,0.30741670767518486
60,1,4,8,-1,2,HEFT,35133.558038743,3373331.937308886,6.593870666127057e-05,0.999988131103236,0.2639012423461224
60,1,4,8,-1,2,GA,35137.340161257,3373699.7331997724,6.654750892772022e-05,0.9999880215201343,0.6523877424217192
60,2,0.8,8,-1,0,HEFT,35138.797842928,3373575.0802814374,3.236270805549187e-05,0.9999941747295165,0.2460834337799443
60,2,0.8,8,-1,0,GA,35145.364567898,3374191.0411060536,3.0496458377941358e-05,0.9999945106525585,0.38076585872694363
60,2,0.8,8,-1,2,HEFT,35146.717045397,3374353.294094681,3.468446208890883e-05,0.9999937568163119,0.13002941298026643
60,2,0.8,8,-1,2,GA,35152.57624154,3374893.738101084,3.183706889455304e-05,0.9999942693440184,0.25976373890553045
60,2,1,8,-1,0,HEFT,35153.816779449,3375043.4942714362,3.579889461652783e-05,0.9999935562197292,0.2699125270492949
60,2,1,8,-1,0,GA,35159.87063424,3375624.201172782,3.5739055005493966e-05,0.9999935669907907,0.2944144197031287
60,2,1,8,-1,1,HEFT,35161.025154095,3375694.3404948814,3.048135681670424e-05,0.9999945133708237,0.23591192440339193
60,2,1,8,-1,1,GA,35167.23817448,3376307.916445188,3.269401745585331e-05,0.9999941150941737,0.27968123042264853
60,2,1,8,-1,2,HEFT,35168.461034176,3376441.1879219464,3.474530246130598e-05,0.9999937458651129,0.2695923331459035
60,2,1,8,-1,2,GA,35173.973273436,3376984.2255099774,3.65363385169783e-05,0.9999934234806914,0.272074073582006
60,2,2,8,-1,0,HEFT,35174.904107935,3377144.166378085,4.565529926678412e-05,0.9999917820798989,0.3025235266950438
60,2,2,8,-1,0,GA,35179.431599411,3377624.9880409082,5.162202809462745e-05,0.9999907080781125,0.4931333102208032
60,2,2,8,-1,1,HEFT,35180.353033468,3377625.6267620483,4.0275910739001124e-05,0.9999927503623449,0.15287152242277613
60,2,2,8,-1,1,GA,35185.275905537,3378072.7620984553,3.698645567229606e-05,0.9999933424601394,0.2796864847533561
60,2,2,8,-1,2,HEFT,35186.25636886,3378179.70257077,3.8642268761032025e-05,0.9999930444158118,0.2008291862191864
60,2,2,8,-1,2,GA,35191.035258169,3378656.6112818127,4.098533560576875e-05,0.9999926226668027,0.3036755810432062
60,2,4,8,-1,0,HEFT,35191.810614392,3378886.283588932,6.104193892760021e-05,0.999989012511355,0.290233287356196
60,2,4,8,-1,0,GA,35195.578997491,3379330.742471697,7.172593185536648e-05,0.9999870894156072,0.4208149464643539
60,2,4,8,-1,1,HEFT,35196.508252744,3379405.291818167,6.983198381688756e-05,0.9999874303219113,0.2805464732096611
60,2,4,8,-1,1,GA,35200.315234833,3379779.9143668865,7.101444740554952e-05,0.9999872174811636,0.5524091343751742
60,2,4,8,-1,2,HEFT,35201.140205727,3379758.4741552607,5.801219708894981e-05,0.9999895578590425,0.2441932525248711
60,2,4,8,-1,2,GA,35204.894659843,3380212.6969847986,7.01304444278018e-05,0.9999873765996778,0.6774749627668389
60,5,0.8,8,-1,0,HEFT,35206.537994161,3380160.94213357,4.306132998891472e-05,0.9999922489906404,0.2850451135647816
60,5,0.8,8,-1,0,GA,35212.327364102,3380735.719036251,4.5515772927562164e-05,0.9999918071944338,0.42790179410403884
60,5,0.8,8,-1,1,HEFT,35214.035586437,3380891.0859744027,4.440176698335563e-05,0.9999920077138809,0.33929398322760124
60,5,0.8,8,-1,1,GA,35219.91666405,3381398.0112630525,3.695239202226933e-05,0.9999933485915555,0.36774660811595694
60,5,0.8,8,-1,2,HEFT,35221.55510845,3381520.2717637634,3.242653133901412e-05,0.9999941632413925,0.33853077022382466
60,5,0.8,8,-1,2,GA,35228.00108804,3382143.860878509,3.304346597789037e-05,0.999994052193811,0.3023799941668466
60,5,1,8,-1,1,HEFT,35229.734840329,3382479.5972844376,5.491635824978908e-05,0.9999901151043697,0.41857411891602053
60,5,1,8,-1,1,GA,35236.048037017,3383084.104028017,5.4714789972220185e-05,0.9999901513863024,0.6295903810955628
60,5,1,8,-1,2,HEFT,35237.664989595,3383123.5981449774,3.9762163289035217e-05,0.9999928428362199,0.3705755353113227
60,5,1,8,-1,2,GA,35244.164511384,3383751.461007713,4.0267172461123364e-05,0.9999927519352237,0.3948769311042136
60,5,2,8,-1,0,HEFT,35245.707012162,3384084.1276755687,6.411556951126031e-05,0.9999884592640819,0.5439521757212744
60,5,2,8,-1,0,GA,35251.38031369,3384613.792587147,6.218119805000445e-05,0.9999888074469871,0.5170837999246458
60,5,2,8,-1,1,HEFT,35252.669215572,3384673.656385014,5.392915892791481e-05,0.9999902927985068,0.199556675561548
60,5,2,8,-1,1,GA,35258.022496977,3385168.0260048406,5.140391408899127e-05,0.9999907473382698,0.6578059293937378
60,5,2,8,-1,2,HEFT,35259.356148764,3385329.675283635,5.57474163166464e-05,0.9999899655154084,0.2857699696830417
60,5,2,8,-1,2,GA,35264.409216669,3385774.588121845,5.055598470551356e-05,0.9999908999641579,0.1741598010861191
60,5,4,8,-1,0,HEFT,35265.612575311,3386359.712921871,0.00011122812558330931,0.9999799791378143,0.961085969355911
60,5,4,8,-1,0,GA,35269.873382073,3386507.4753637435,7.747166469453077e-05,0.9999860551975843,0.5772290639138146
60,5,4,8,-1,1,HEFT,35271.014383945,3386773.6009632563,9.770285588326967e-05,0.9999824136405826,0.7116124012794275
60,5,4,8,-1,1,GA,35275.148722975,3387180.1475267503,9.894962805560177e-05,0.9999821892255634,0.7912197722535533
60,5,4,8,-1,2,HEFT,35276.261227791,3387146.241031569,8.077043457787012e-05,0.9999854614274617,0.4005972135436046
60,5,4,8,-1,2,GA,35280.634084853,3387727.1843299116,0.00010159072145009607,0.9999817138373327,1.2101881189491064
60,8,0.8,8,-1,1,HEFT,35282.556992584,3387443.9931311966,4.11526929111359e-05,0.999992592542711,0.6052330277195406
60,8,0.8,8,-1,1,GA,35289.55953716,3388116.5932670967,4.1198669216626316e-05,0.9999925842670372,0.34157595666557455
60,8,0.8,8,-1,2,HEFT,35291.620023635,3388284.5678667375,3.7344392477744904e-05,0.9999932780319452,0.5300223638335905
60,8,0.8,8,-1,2,GA,35298.363676284,3388952.5053129513,3.999901675540767e-05,0.999992800202902,0.4051868878738758
60,8,1,8,-1,0,HEFT,35300.302677388,3389228.7974338015,5.164604709995426e-05,0.9999907037547319,0.600413220406194
60,8,1,8,-1,0,GA,35307.394597226,3389935.007448773,5.492585466118827e-05,0.9999901133950332,0.5007817132492814
60,8,1,8,-1,1,HEFT,35309.326617289,3390130.204644643,5.6182091072211437e-05,0.9999898872747401,0.5166505451187945
60,8,1,8,-1,1,GA,35315.67802905,3390731.3049388113,5.506642765002552e-05,0.9999900880921462,0.6797620410122711
60,8,1,8,-1,2,HEFT,35317.887109147,3390888.3756361306,4.7960356333189546e-05,0.9999913671731228,0.4143924459117187
60,8,1,8,-1,2,GA,35325.122648765,3391643.23170538,5.5743853222237605e-05,0.999989966156759,0.6078468018485338
60,8,2,8,-1,0,HEFT,35326.691454189,3391819.95826025,5.911868967777991e-05,0.9999893586924767,0.5241771906558238
60,8,2,8,-1,0,GA,35332.523912633,3392405.210583083,6.239211502777632e-05,0.9999887694823567,0.5204180042002762
60,8,2,8,-1,1,HEFT,35334.016099507,3392631.274467958,7.309159112228371e-05,0.9999868436001438,0.521839642985832
60,8,2,8,-1,1,GA,35339.33478047,3393154.545582995,7.472954236109216e-05,0.9999865487728429,0.43712030307221555
60,8,2,8,-1,2,HEFT,35340.967534109,3393316.8117851233,7.544296003353439e-05,0.9999864203593972,0.6997692874387144
60,8,2,8,-1,2,GA,35346.555614898,3393763.7815098395,6.38814573166908e-05,0.999988501403792,0.6351866775423534
60,8,4,8,-1,0,HEFT,35348.151541186,3394373.4114976674,0.00012285058705573546,0.9999778871388217,0.7651523404778707
60,8,4,8,-1,0,GA,35352.942216108,3394891.141461754,0.00013032153945560923,0.999976542398031,1.7115914054915211
60,8,4,8,-1,1,HEFT,35354.405705555,3394734.3446413,9.191174522222557e-05,0.9999834560227125,0.6935533402462061
60,8,4,8,-1,1,GA,35358.906483443,3395401.419827323,0.00012227356806130654,0.9999779909999493,1.3151301796649513
60,8,4,8,-1,2,HEFT,35360.3121523,3395445.4918036973,0.00011053296936661355,0.9999801042634361,0.6919460057278894
60,8,4,8,-1,2,GA,35364.853835536,3395930.9575181766,0.00011692368303883996,0.9999789539585238,1.0728278998965548
60,10,0.8,8,-1,0,HEFT,35367.559873487,3395768.3676099842,6.235397354418334e-05,0.9999887763477467,1.0277008019357894
60,10,0.8,8,-1,0,GA,35375.202538099,3396543.23260849,6.767299108343853e-05,0.9999878189357938,0.994905378535095
60,10,0.8,8,-1,1,HEFT,35377.315033622,3396561.6793860337,4.385480081675471e-05,0.9999921061670086,0.6969245564425567
60,10,0.8,8,-1,1,GA,35384.657639893,3397288.766541811,4.6722624300148e-05,0.99999158996299,0.5501234273273594
60,10,0.8,8,-1,2,HEFT,35387.122089133,3397525.610522082,4.675580947211226e-05,0.9999915839897086,0.5353740136841106
60,10,0.8,8,-1,2,GA,35394.522583073,3398283.6421822784,5.2903644350185965e-05,0.9999904773893565,0.3166645922910298
60,10,1,8,-1,0,HEFT,35396.718297652,3398464.3853974496,4.9021811738728295e-05,0.9999911761128174,0.7268735359456953
60,10,1,8,-1,0,GA,35403.840261308,3399198.057483486,5.547705399452146e-05,0.999990014180139,0.6063451950443782
60,10,1,8,-1,1,HEFT,35406.085654706,3399392.6974837547,5.277450025565082e-05,0.9999905006350724,0.7696795012211533
60,10,1,8,-1,1,GA,35413.251931039,3400078.362261658,5.2477633322228535e-05,0.9999905540706139,0.8139565238041722
60,10,1,8,-1,2,HEFT,35415.323635978,3400205.3337022676,4.318664707748717e-05,0.9999922264337399,0.6370393451385206
60,10,1,8,-1,2,GA,35422.160176622,3400893.2695983425,4.727295124426342e-05,0.9999914909049772,0.35154913542796573
60,10,2,8,-1,0,HEFT,35424.152873329,3401316.814901534,7.727894857230745e-05,0.999986089886003,0.5753739451183759
60,10,2,8,-1,0,GA,35430.337461346,3402066.1420226498,9.738316969435094e-05,0.9999824711830858,0.7083147390646639
60,10,2,8,-1,1,HEFT,35432.155647482,3402103.425292067,7.964898369443998e-05,0.9999856632857058,0.8827095266369744
60,10,2,8,-1,1,GA,35437.803341931,3402582.686113514,7.152006306690358e-05,0.9999871264715119,0.48078132245448785
60,10,2,8,-1,2,HEFT,35439.760526823,3402744.2257726584,6.81156586111077e-05,0.9999877392566127,0.5050036528078584
60,10,2,8,-1,2,GA,35445.677156703,3403412.746501165,8.110328910552198e-05,0.9999854015145194,0.7805749490540663
60,10,4,8,-1,0,HEFT,35447.191148164,3403628.7243621214,9.022921684461633e-05,0.9999837588728555,0.6623429585161026
60,10,4,8,-1,0,GA,35451.800997395,3404297.6671903883,0.00011947951427234026,0.999978493918689,1.2666650730347788
60,10,4,8,-1,1,HEFT,35453.437262547,3404280.057790162,9.690963638887399e-05,0.9999825564175903,1.0664211809523554
60,10,4,8,-1,1,GA,35458.169014978,3405172.6801684904,0.00015354712281688183,0.9999723618998319,1.607713402215491
60,10,4,8,-1,2,HEFT,35459.879227079,3405345.7119349306,0.00015469071516110693,0.9999721560589205,0.9114187806380557
60,10,4,8,-1,2,GA,35464.77844671,3405583.809804851,0.0001246871990557136,0.9999775565560272,1.147756270378461
70,0.1,0.8,8,-1,0,HEFT,35466.204356162,3405021.5048023313,3.4352275294481336e-05,0.9999938166095631,0.23484824426870243
70,0.1,0.8,8,-1,0,GA,35474.46924311,3405834.100534342,3.6828578266472e-05,0.9999933708778838,0.22326250708880427
70,0.1,0.8,8,-1,1,HEFT,35475.827231438,3406033.7818117384,4.578392683332722e-05,0.9999917589271269,0.2398393718199554
70,0.1,0.8,8,-1,1,GA,35483.773257569,3406796.7527331696,4.580361841670108e-05,0.9999917553826713,0.23247170822229035
70,0.1,0.8,8,-1,2,HEFT,35485.067155825,3406888.839602561,4.165279629988718e-05,0.999992502524771,0.2061463450404009
70,0.1,0.8,8,-1,2,GA,35491.888035997,3407545.4170875438,4.188186457779213e-05,0.9999924612927906,0.39334870692169854
70,0.1,1,8,-1,0,HEFT,35493.083340009,3407621.6021913104,3.6899425122343626e-05,0.9999933581255346,0.1939007151097025
70,0.1,1,8,-1,0,GA,35500.938685594,3408382.9990009903,3.784046304471203e-05,0.9999931887398479,0.38859550549488747
70,0.1,1,8,-1,1,HEFT,35502.146878559,3408479.6670165053,3.5344531633260586e-05,0.9999936380045424,0.19648777178608154
70,0.1,1,8,-1,1,GA,35509.140401843,3409162.3990852484,3.6811435183537674e-05,0.9999933739636186,0.2364787237789353
70,0.1,1,8,-1,2,HEFT,35510.387352195,3409290.2433905015,3.7862736405885596e-05,0.9999931847306708,0.15366579653621593
70,0.1,1,8,-1,2,GA,35518.145056492,3410053.1205602614,4.020609005549179e-05,0.9999927629299769,0.33392242851783555
70,0.1,2,8,-1,0,HEFT,35519.21608883,3410220.888948491,4.859747038899513e-05,0.9999912524935883,0.1459050828295938
70,0.1,2,8,-1,0,GA,35525.245611113,3410810.0195516096,4.9927762889072056e-05,0.9999910130430618,0.393542950961406
70,0.1,2,8,-1,1,HEFT,35526.253645543,3410888.0983437872,4.7512709516660026e-05,0.9999914477488567,0.08682221615305648
70,0.1,2,8,-1,1,GA,35532.473101381,3411486.2675914187,4.765502052230457e-05,0.9999914221330953,0.3541864686087386
70,0.1,2,8,-1,2,HEFT,35533.4604182,3411629.6429091007,5.393317337220652e-05,0.9999902920759142,0.2209261027739991
70,0.1,2,8,-1,2,GA,35539.82265833,3412221.8514113007,5.1534394266289184e-05,0.9999907238520552,0.4140375403602651
70,0.1,4,8,-1,0,HEFT,35540.787273035,3412471.787741713,7.186169642809546e-05,0.9999870649783004,0.3472854961924833
70,0.1,4,8,-1,0,GA,35546.249444486,3412902.0076875915,5.9697805805626565e-05,0.9999892544526879,0.6684822764442094
70,0.1,4,8,-1,1,HEFT,35547.143036534,3413015.3042361215,6.32522905500486e-05,0.9999886146525142,0.24041278930364102
70,0.1,4,8,-1,1,GA,35552.531023291,3413519.8283631844,6.160854357217936e-05,0.9999889105236456,0.43698962631298893
70,0.1,4,8,-1,2,HEFT,35553.437902404,3413614.7041987376,6.261829043323814e-05,0.9999887287712418,0.19342560503716344
70,0.1,4,8,-1,2,GA,35559.161561678,3414230.5411869735,7.119267001095674e-05,0.9999871854015052,0.6533855127274049
70,0.5,0.8,8,-1,0,HEFT,35560.602530061,3414123.0766287474,3.9435884094483404e-05,0.9999929015660561,0.24461354232552696
70,0.5,0.8,8,-1,0,GA,35567.571273658,3414775.8586559957,3.7340618194705006e-05,0.9999932787113118,0.2689918865724477
70,0.5,0.8,8,-1,1,HEFT,35568.878530846,3414921.796716526,3.9981622133079024e-05,0.9999928033339116,0.1494957577873444
70,0.5,0.8,8,-1,1,GA,35576.371157497,3415638.584362642,3.9658041722213966e-05,0.9999928615779684,0.26982278805988746
70,0.5,0.8,8,-1,2,HEFT,35577.784980031,3415799.558610832,4.2919964839287174e-05,0.9999922744361709,0.33162568235370543
70,0.5,0.8,8,-1,2,GA,35585.408681684,3416487.60391446,3.7257167027928515e-05,0.9999932937324203,0.2217724217836879
70,0.5,1,8,-1,0,HEFT,35586.860309096,3416734.061690082,5.109457582240995e-05,0.9999908030186436,0.30859752223249515
70,0.5,1,8,-1,0,GA,35594.762029046,3417419.567774261,4.165542452772368e-05,0.9999925020516942,0.36314897502284543
70,0.5,1,8,-1,1,HEFT,35596.068183405,3417530.859086313,3.983378287250364e-05,0.999992829944788,0.2026111086434275
70,0.5,1,8,-1,1,GA,35604.56928067,3418363.9386506616,4.2026835444590285e-05,0.999992435198233,0.45016920928180776
70,0.5,1,8,-1,2,HEFT,35605.90705079,3418481.971741343,4.068409115021091e-05,0.9999926768904067,0.12258676999332081
70,0.5,1,8,-1,2,GA,35613.690790836,3419230.196474499,4.0811441116683355e-05,0.9999926539675809,0.3046485253772427
70,0.5,2,8,-1,0,HEFT,35614.762117228,3419409.180238641,5.064818924458653e-05,0.9999908833674921,0.17103015788638298
70,0.5,2,8,-1,0,GA,35621.26999709,3420017.591547155,4.853641169441593e-05,0.9999912634840569,0.4608991320813551
70,0.5,2,8,-1,1,HEFT,35622.381151474,3420168.659130226,5.427242748345533e-05,0.9999902310107692,0.2938102006667582
70,0.5,2,8,-1,1,GA,35628.542639223,3420747.1090573105,5.258600670571872e-05,0.9999905345635899,0.5764632019912851
70,0.5,2,8,-1,2,HEFT,35629.56530432,3420882.607144997,5.7408001327793395e-05,0.9999896666131505,0.24915601633404705
70,0.5,2,8,-1,2,GA,35635.220206462,3421394.918718406,5.345980595011497e-05,0.9999903772812265,0.36792637092037417
70,0.5,4,8,-1,0,HEFT,35636.133429469,3421516.2266846243,5.780587281656659e-05,0.9999895949970251,0.25763022316950146
70,0.5,4,8,-1,0,GA,35641.935521886,3422110.6277545495,6.263793972781666e-05,0.9999887252344085,0.31629123219563793
70,0.5,4,8,-1,1,HEFT,35642.808291098,3422140.294904001,5.564586028332188e-05,0.9999899837953102,0.22870001168966583
70,0.5,4,8,-1,1,GA,35648.421664159,3422716.759439939,6.050125073323013e-05,0.9999891098341663,0.35180188177486366
70,0.5,4,8,-1,2,HEFT,35649.411028622,3422874.17747683,6.85683112554721e-05,0.9999876577801393,0.39672845302025644
70,0.5,4,8,-1,2,GA,35654.859146411,3423366.9832750233,6.466475705003379e-05,0.9999883604114707,0.437498419047653
70,0.8,0.8,8,-1,0,HEFT,35656.439190119,3423368.371499543,4.524667288351338e-05,0.9999918556320451,0.2833221560941476
70,0.8,0.8,8,-1,0,GA,35664.438172917,3424105.441155066,4.126312080540325e-05,0.9999925726658374,0.2599729646380494
70,0.8,0.8,8,-1,1,HEFT,35665.835731781,3424177.7761461628,3.3274663460825755e-05,0.9999940105785128,0.1155666298492354
70,0.8,0.8,8,-1,1,GA,35673.70814013,3424946.8372261208,3.499428600011419e-05,0.9999937010483577,0.24103545213139047
70,0.8,0.8,8,-1,2,HEFT,35675.135301718,3425084.442538071,3.5071521077851586e-05,0.9999936871461312,0.2466419929539799
70,0.8,0.8,8,-1,2,GA,35683.288027353,3425867.6463539945,3.514156693874813e-05,0.9999936745379561,0.21236808660021902
70,0.8,1,8,-1,0,HEFT,35684.531086584,3425990.79920312,3.5634998844438493e-05,0.9999935857207789,0.18284442278869537
70,0.8,1,8,-1,0,GA,35691.251166342,3426649.4872260233,3.7386984133223045e-05,0.999993270365499,0.3927445756208831
70,0.8,1,8,-1,1,HEFT,35692.571086349,3426795.6422063215,3.989895566115188e-05,0.9999928182137694,0.23031842321309987
70,0.8,1,8,-1,1,GA,35700.519173291,3427555.463145095,3.9486112294414653e-05,0.9999928925250444,0.26768268907707493
70,0.8,1,8,-1,2,HEFT,35701.825624981,3427653.7084086654,3.597524683326709e-05,0.9999935244765349,0.25193037508360777
70,0.8,1,8,-1,2,GA,35709.251031866,3428364.058721776,3.5653703183440186e-05,0.9999935823540195,0.21187995067040036
70,0.8,2,8,-1,0,HEFT,35710.308140592,3428519.7968457937,4.2663481777951045e-05,0.9999923206027655,0.13490796508569272
70,0.8,2,8,-1,0,GA,35716.992579668,3429192.370045322,4.665147250561859e-05,0.999991602770205,0.2899246326565685
70,0.8,2,8,-1,1,HEFT,35718.036124793,3429279.552409089,4.497214844458439e-05,0.9999919050460437,0.22964644605806225
70,0.8,2,8,-1,1,GA,35724.20660158,3429875.265563157,4.540462680577346e-05,0.9999918272005718,0.38543579393242866
70,0.8,2,8,-1,2,HEFT,35725.289202666,3430029.044919257,5.184515029993943e-05,0.9999906679164893,0.1417795277161006
70,0.8,2,8,-1,2,GA,35731.654229996,3430627.9319407926,5.027465906678117e-05,0.9999909506023132,0.4103450907981971
70,0.8,4,8,-1,0,HEFT,35732.638655582,3430832.392647749,6.448084132773349e-05,0.9999883935159164,0.29772633469961574
70,0.8,4,8,-1,0,GA,35738.296229783,3431384.564089959,6.564935798333965e-05,0.9999881831853814,0.18732564468083987
70,0.8,4,8,-1,1,HEFT,35739.235025011,3431441.0982650802,6.130954315554442e-05,0.9999889643431248,0.15717007370175698
70,0.8,4,8,-1,1,GA,35744.744565464,3431949.2098760568,5.862165265017312e-05,0.9999894481581939,0.45659891622108145
70,0.8,4,8,-1,2,HEFT,35745.76522021,3432119.0246473514,6.790226191098757e-05,0.9999877776675484,0.1971698717319245
70,0.8,4,8,-1,2,GA,35751.186673186,3432601.951813869,6.305312506637064e-05,0.999988650501894,0.4174898601872994
70,1,0.8,8,-1,0,HEFT,35752.739322303,3432550.3068273156,3.712298271671494e-05,0.9999933178854358,0.2918364854145571
70,1,0.8,8,-1,0,GA,35760.318115898,3433270.229413721,3.613569606107679e-05,0.9999934955958619,0.08822641935494886
70,1,0.8,8,-1,1,HEFT,35761.749043841,3433399.9251778536,3.514431125545848e-05,0.9999936740439822,0.3038335682812236
70,1,0.8,8,-1,1,GA,35769.306031791,3434129.203410431,3.563622202782426e-05,0.9999935855006075,0.31187513323563804
70,1,1,8,-1,0,HEFT,35770.639343361,3434278.017427263,3.8325641422084625e-05,0.9999931014083392,0.24309460017506382
70,1,1,8,-1,0,GA,35777.757112972,3434956.2643446987,3.76720283444835e-05,0.9999932190578876,0.24851267693200768
70,1,1,8,-1,1,HEFT,35778.995752502,3435074.908018629,3.763769747250384e-05,0.9999932252374023,0.2284340406232762
70,1,1,8,-1,1,GA,35786.042833182,3435758.102317861,3.8500042944279915e-05,0.9999930700162821,0.33834584385247835
70,1,1,8,-1,2,HEFT,35787.370653662,3435922.0658675823,4.321487287213838e-05,0.9999922213531363,0.1947796037400678
70,1,1,8,-1,2,GA,35795.227630786,3436649.9484082325,3.9805665733405885e-05,0.9999928350058364,0.31875629558452867
70,1,2,8,-1,0,HEFT,35796.287213331,3436835.2831819346,5.060861784994712e-05,0.9999908904902778,0.21879224285782264
70,1,2,8,-1,0,GA,35802.133208567,3437448.0464857398,5.7268535311070286e-05,0.9999896917167739,0.48982105821058497
70,1,2,8,-1,1,HEFT,35803.152673813,3437485.7213279833,4.949155580563658e-05,0.9999910915596343,0.22321717453060125
70,1,2,8,-1,1,GA,35809.060156747,3438039.867977386,4.7815623988855e-05,0.9999913932247196,0.32238814474354777
70,1,2,8,-1,2,HEFT,35810.138292063,3438144.1577915857,4.7917539216763954e-05,0.9999913748801363,0.11852651657536382
70,1,2,8,-1,2,GA,35815.709472876,3438710.371178234,5.1971806477862025e-05,0.9999906451185894,0.12263897406014607
70,1,4,8,-1,0,HEFT,35816.725802839,3438901.8755930127,6.410833597789557e-05,0.9999884605661028,0.24549879779541622
70,1,4,8,-1,0,GA,35822.644285559,3439471.9417496603,6.435275658865673e-05,0.9999884165709026,0.5005706143477935
70,1,4,8,-1,1,HEFT,35823.566041579,3439501.9258432947,5.6794037688774145e-05,0.9999897771254693,0.19153369146300317
70,1,4,8,-1,1,GA,35828.788041493,3440063.267465385,6.454980388338703e-05,0.9999883811028002,0.2589364753888474
70,1,4,8,-1,2,HEFT,35829.787029762,3440139.9314079075,6.206415384432249e-05,0.9999888285147085,0.25967791173813987
70,1,4,8,-1,2,GA,35835.466693232,3440704.1552073862,6.451584717231325e-05,0.999988387214937,0.5943729950857213
70,2,0.8,8,-1,0,HEFT,35837.106423587,3440653.9364015562,3.7689888527731654e-05,0.9999932158430768,0.2463152900288037
70,2,0.8,8,-1,0,GA,35844.457137646,3441354.50619814,3.703113489973475e-05,0.9999933344179325,0.2300708476779813
70,2,0.8,8,-1,1,HEFT,35845.915132014,3441496.1513333884,3.7247888894611e-05,0.9999932954024745,0.2855832393097157
70,2,0.8,8,-1,1,GA,35853.713705543,3442254.5084515344,3.850035134447454e-05,0.9999930699607705,0.32424435025763915
70,2,0.8,8,-1,2,HEFT,35855.194229913,3442369.34550937,3.497408756096168e-05,0.9999937046840536,0.22981498351871987
70,2,0.8,8,-1,2,GA,35863.132179483,3443124.6339897844,3.4101390105449054e-05,0.9999938617686187,0.2655910456703612
70,2,1,8,-1,0,HEFT,35864.541086825,3443262.364022825,3.4421148271980605e-05,0.9999938042125047,0.21120167104557586
70,2,1,8,-1,0,GA,35872.562464083,3444066.953600472,3.888333960001344e-05,0.999993001023364,0.2121086107629559
70,2,1,8,-1,1,HEFT,35873.97165557,3444246.5107035595,4.460358770536712e-05,0.9999919713864412,0.2622384643143789
70,2,1,8,-1,1,GA,35881.830224751,3444979.95610299,4.189334972793909e-05,0.9999924592254803,0.2306867262471297
70,2,1,8,-1,2,HEFT,35883.20021852,3445113.256409239,4.212344073882074e-05,0.9999924178094111,0.20647368738792635
70,2,1,8,-1,2,GA,35890.809534822,3445811.986597865,3.801954198360262e-05,0.9999931565058592,0.28596675315443265
70,2,2,8,-1,0,HEFT,35891.983587398,3446050.598650998,5.428608020548483e-05,0.9999902285533032,0.17090618337868302
70,2,2,8,-1,0,GA,35897.485720318,3446647.7886568652,6.319890262756316e-05,0.9999886242622313,0.5299587453992415
70,2,2,8,-1,1,HEFT,35898.591386764,3446686.981125145,5.454883666684004e-05,0.9999901812576035,0.21997867629136747
70,2,2,8,-1,1,GA,35904.758093126,3447267.0215405254,5.300317835002109e-05,0.9999904594734075,0.3748185927091564
70,2,2,8,-1,2,HEFT,35905.945200092,3447338.4976496715,4.751401044442092e-05,0.9999914475146924,0.16346416615180664
70,2,2,8,-1,2,GA,35912.522152006,3448021.2600444285,5.4151608766510946e-05,0.9999902527579255,0.4587955992461103
70,2,4,8,-1,0,HEFT,35913.603993747,3448317.398577759,7.899420905006184e-05,0.9999857811434588,0.38874103013098393
70,2,4,8,-1,0,GA,35918.972218777,3448678.5737502286,5.9075031994386035e-05,0.999989366550775,0.44781737236271185
70,2,4,8,-1,1,HEFT,35920.006985211,3448807.3585597286,6.287958391116667e-05,0.999988681738947,0.21531171333446408
70,2,4,8,-1,1,GA,35925.861343747,3449434.6709797303,7.131550129435911e-05,0.999987163292158,0.5172338941421737
70,2,4,8,-1,2,HEFT,35926.878245537,3449501.0752272643,6.728212606099583e-05,0.9999878892906437,0.27748578066816826
70,2,4,8,-1,2,GA,35932.464703618,3450120.111655261,7.797159017217281e-05,0.9999859652122567,0.5808701651329553
70,5,0.8,8,-1,0,HEFT,35934.514779283,3450052.7238121387,4.3837855422478045e-05,0.999992109217156,0.35742103288055527
70,5,0.8,8,-1,0,GA,35942.660469719,3450854.7168287775,4.642270487771991e-05,0.9999916439480335,0.4471330382864593
70,5,0.8,8,-1,1,HEFT,35944.598287044,3450979.3284481633,3.848745373890981e-05,0.9999930722823233,0.4149522666128464
70,5,0.8,8,-1,1,GA,35952.70911324,3451763.763052848,3.923619919999813e-05,0.9999929375090831,0.3199825431027345
70,5,1,8,-1,0,HEFT,35954.550151909,3451952.177637021,4.074458058874168e-05,0.9999926660023877,0.5432998409715353
70,5,1,8,-1,0,GA,35962.50802562,3452781.9956145175,4.9253895994479536e-05,0.999991134338021,0.6631501996041156
70,5,1,8,-1,1,HEFT,35964.203876844,3452905.184498052,4.413595878912828e-05,0.9999920555589741,0.25247297763011717
70,5,1,8,-1,1,GA,35972.046784261,3453658.4891496296,4.418577009993088e-05,0.9999920465930094,0.23134953738983127
70,5,1,8,-1,2,HEFT,35973.833035537,3453789.3398504746,3.893649081688232e-05,0.999992991456212,0.38280922569851605
70,5,1,8,-1,2,GA,35981.034664689,3454503.358231228,4.1864395488826425e-05,0.9999924644372038,0.3335691282196214
70,5,2,8,-1,0,HEFT,35982.393284677,3454818.1593321655,6.568527172785253e-05,0.9999881767209833,0.31710639561419357
70,5,2,8,-1,0,GA,35988.074209822,3455384.8257360533,6.843689833868768e-05,0.9999876814341727,0.39644958792113205
70,5,2,8,-1,1,HEFT,35989.567344012,3455434.09725085,5.628323329429906e-05,0.9999898690693237,0.3372326207256656
70,5,2,8,-1,1,GA,35996.216537515,3456118.787289964,6.22738615663871e-05,0.9999887907677408,0.45625607329375734
70,5,2,8,-1,2,HEFT,35997.833265522,3456368.316198996,7.446029830542911e-05,0.9999865972361225,0.30956856046133946
70,5,2,8,-1,2,GA,36004.644112846,3457060.12708949,7.936592458318047e-05,0.9999857142356169,0.44403633686000754
70,5,4,8,-1,0,HEFT,36006.29308762,3457370.118033303,9.896403382218625e-05,0.9999821866325709,0.5140956514719752
70,5,4,8,-1,0,GA,36012.885155264,3458013.6108614583,0.00010034056280552857,0.9999819388617982,0.7848907230841111
70,5,4,8,-1,1,HEFT,36014.355040667,3458087.625897531,9.167209218337828e-05,0.9999834991595459,0.3616604405257105
70,5,4,8,-1,1,GA,36020.262666068,3458667.5198674127,9.332092052771057e-05,0.9999832023753861,0.8347686984659745
70,5,4,8,-1,2,HEFT,36021.757846419,3458934.5428290744,0.00010927513861113564,0.9999803306684927,0.5252898081138505
70,5,4,8,-1,2,GA,36027.371745199,3459257.542707204,8.137663670539849e-05,0.9999853523126697,0.7832535558230195
70,8,0.8,8,-1,0,HEFT,36030.00052884,3459235.139220953,4.5877061022393825e-05,0.999991742163111,0.7374122171452571
70,8,0.8,8,-1,0,GA,36039.017868693,3460102.621826167,4.611194207221464e-05,0.9999916998848725,0.6313216023402543
70,8,0.8,8,-1,1,HEFT,36041.096172995,3460262.799933172,4.102937023922601e-05,0.9999926147406274,0.6729213733795489
70,8,0.8,8,-1,1,GA,36049.739818767,3461091.931818042,4.094434320549125e-05,0.9999926300453805,0.32748505253899945
70,8,0.8,8,-1,2,HEFT,36051.982022117,3461377.701852746,5.00552622110667e-05,0.9999909900933908,0.7827758451017918
70,8,0.8,8,-1,2,GA,36060.096135555,3462124.4496962265,4.589414508348758e-05,0.9999917390880055,0.48353016487178724
70,8,1,8,-1,0,HEFT,36062.369152566,3462373.596204913,4.9891157438873455e-05,0.9999910196319834,0.6817928533623189
70,8,1,8,-1,0,GA,36070.738864095,3463205.093637266,5.3509390716580026e-05,0.9999903683560546,0.47516711223929614
70,8,1,8,-1,1,HEFT,36072.924855791,3463346.409259392,4.465414773326807e-05,0.99999196228571,0.7420166331738152
70,8,1,8,-1,1,GA,36080.989593608,3464129.429862927,4.5791844516699915e-05,0.9999917575019556,0.4281006782405031
70,8,1,8,-1,2,HEFT,36083.239983141,3464363.583793592,4.813248217780912e-05,0.9999913361907383,0.7432542472580723
70,8,1,8,-1,2,GA,36091.983677904,3465219.735561469,5.029747838311272e-05,0.9999909464948739,0.3459427994942555
70,8,2,8,-1,0,HEFT,36093.974274461,3465699.213002215,8.755589844436651e-05,0.9999842400624682,1.2176896149738732
70,8,2,8,-1,0,GA,36100.989866765,3466499.544542974,0.0001039428079501603,0.9999812904695932,0.7327765936598402
70,8,2,8,-1,1,HEFT,36103.006752433,3466621.6450751796,9.470243431670599e-05,0.9999829537071118,1.3555547334730669
70,8,2,8,-1,1,GA,36109.96359244,3467258.8783202795,9.074592326093504e-05,0.9999836658672162,0.6999729558595666
70,8,2,8,-1,2,HEFT,36112.065806777,3467459.0185151347,9.052985330009606e-05,0.9999837047591734,0.628446065909704
70,8,2,8,-1,2,GA,36119.117935525,3468116.23803211,8.797367205560375e-05,0.9999841648644069,0.7049310698955308
70,8,4,8,-1,0,HEFT,36121.018406518,3468373.235073035,9.760569086655678e-05,0.9999824311299773,0.6136259584941309
70,8,4,8,-1,0,GA,36127.159942433,3468987.1310939565,0.0001007463333834797,0.999981865824416,0.677648906807514
70,8,4,8,-1,1,HEFT,36129.174209587,3469246.9683608836,0.00010933388120566735,0.9999803200950346,1.1210696787667673
70,8,4,8,-1,1,GA,36135.791618344,3469935.6959281093,0.00011624038334432246,0.9999790769498872,1.115199297450401
70,8,4,8,-1,2,HEFT,36137.577006877,3470048.775245513,0.00010870576037737514,0.9999804331545645,0.8149842446238833
70,8,4,8,-1,2,GA,36143.957127817,3470719.0541037833,0.00011617181309456,0.9999790892922735,0.7070156563924831
70,10,0.8,8,-1,0,HEFT,36146.753656376,3470526.628288066,5.66249710555793e-05,0.9999898075571527,1.3895890140806857
70,10,0.8,8,-1,0,GA,36156.469773347,3471520.734651209,6.455250773861836e-05,0.9999883806161112,0.8031113234641122
70,10,0.8,8,-1,1,HEFT,36158.951662453,3471640.46932008,4.923898250538817e-05,0.9999911370224244,0.7982026066784942
70,10,0.8,8,-1,1,GA,36167.861603938,3472509.9489908232,5.1063955138953235e-05,0.9999908085303161,0.48361949579786573
70,10,0.8,8,-1,2,HEFT,36170.793320566,3472859.6480048792,5.988232952751989e-05,0.9999892212387755,1.3221289335374737
70,10,0.8,8,-1,2,GA,36180.521990903,3473818.2245261464,6.306374670004717e-05,0.9999886485900213,0.47338202651148586
70,10,1,8,-1,0,HEFT,36182.963662944,3473941.883504627,4.875605452236616e-05,0.999991223948695,0.7831160433555493
70,10,1,8,-1,0,GA,36191.935131131,3474827.5006921673,5.19028557610808e-05,0.9999906575296039,0.49785510591932053
70,10,1,8,-1,1,HEFT,36194.29772833,3475076.2916220236,5.4742855599963354e-05,0.9999901463345391,0.7777715134520513
70,10,1,8,-1,1,GA,36203.003551544,3475937.1464177677,5.79852027833921e-05,0.9999895627179669,0.4023431661962025
70,10,1,8,-1,2,HEFT,36205.948589008,3476230.387031195,5.9343990494421126e-05,0.999989318138762,0.9841288974425787
70,10,1,8,-1,2,GA,36215.364514599,3477147.2662262674,6.101716082214099e-05,0.9999890169713656,0.6924745746950081
70,10,2,8,-1,0,HEFT,36217.575423882,3477513.0617435765,8.085543293337753e-05,0.9999854461279797,0.6671369137569293
70,10,2,8,-1,0,GA,36225.13796752,3478304.260555211,8.927851076110124e-05,0.9999839299971859,0.8066378784239918
70,10,2,8,-1,1,HEFT,36227.740023478,3478791.9825637904,0.00012001812789437988,0.9999783969703268,0.46925816101902645
70,10,2,8,-1,1,GA,36235.586745902,3479494.232514321,0.0001134244066833263,0.9999795838152098,1.3992782657784808
70,10,2,8,-1,2,HEFT,36237.739525628,3479485.259739233,8.556398952783235e-05,0.9999845986004866,0.4997229386993882
70,10,2,8,-1,2,GA,36244.741421044,3480179.7704891656,8.844884611652459e-05,0.9999840793344332,0.9806953352164751
70,10,4,8,-1,0,HEFT,36246.528748358,3480560.1003768076,0.00011541867370017118,0.9999792248545399,0.5919217513171909
70,10,4,8,-1,0,GA,36253.01559558,3481143.6422095513,0.00011035465553888773,0.9999801363592868,1.0246939475972148
70,10,4,8,-1,1,HEFT,36255.689442367,3481782.701899265,0.00015975651576651825,0.9999712442406157,1.257256909922104
70,10,4,8,-1,1,GA,36263.312452403,3482741.0395353595,0.00018902378613323283,0.999965976297314,1.9307481834331608
70,10,4,8,-1,2,HEFT,36265.873044692,3482571.332134963,0.00013533848120556892,0.9999756393701071,0.8908857764550863
70,10,4,8,-1,2,GA,36273.341650201,3483378.281357019,0.0001469616198608694,0.9999735472583045,1.2494410798934985
80,0.1,0.5,8,-1,2,HEFT,36275.157472597,3482877.93348607,5.979536392223963e-05,0.9999892368924159,0.41957481831623517
80,0.1,0.5,8,-1,2,GA,36284.593036718,3483751.758509697,5.566240113298085e-05,0.9999899808179875,0.44730999621096357
80,0.1,0.8,8,-1,0,HEFT,36286.15243792,3483817.041912052,4.4755538983412807e-05,0.9999919440354313,0.18283701012702283
80,0.1,0.8,8,-1,0,GA,36295.974120694,3484734.8397835298,4.151475412218133e-05,0.9999925273721774,0.2710230636153678
80,0.1,0.8,8,-1,1,HEFT,36297.494528985,3484936.303005406,4.8685816905183146e-05,0.9999912365913555,0.26629466918231837
80,0.1,0.8,8,-1,1,GA,36307.029126994,3485848.9015422147,4.8334024650022104e-05,0.9999912999134074,0.2409298124794595
80,0.1,0.8,8,-1,2,HEFT,36308.530245082,3485989.942138142,4.7937804944457536e-05,0.9999913712323367,0.33464198678843354
80,0.1,0.8,8,-1,2,GA,36318.635196748,3486953.53744095,4.7100588261269476e-05,0.9999915219300514,0.31773394508567565
80,0.1,1,8,-1,0,HEFT,36320.017032099,3487100.7265176345,4.897822172226572e-05,0.9999911839589505,0.16863512898808242
80,0.1,1,8,-1,0,GA,36329.294936198,3487985.3762552505,4.819927393311648e-05,0.9999913241683269,0.3642354647908537
80,0.1,1,8,-1,1,HEFT,36330.628615296,3488099.6836514636,4.6425915122381414e-05,0.9999916433701935,0.14834022967892388
80,0.1,1,8,-1,1,GA,36338.765028765,3488864.000074718,4.42580508110647e-05,0.9999920335825855,0.21653025082980465
80,0.1,1,8,-1,2,HEFT,36340.154939033,3489006.3644324075,4.5412181555527954e-05,0.9999918258407271,0.21568821696747045
80,0.1,1,8,-1,2,GA,36349.900936398,3489992.2071688958,5.190145667798384e-05,0.9999906577814356,0.49268941731911786
80,0.1,2,8,-1,0,HEFT,36351.045153511,3490193.490544929,6.371522065552805e-05,0.9999885313260469,0.27427208742600456
80,0.1,2,8,-1,0,GA,36358.299279975,3490873.9769345718,6.165969728317578e-05,0.9999889013160784,0.2976995683114594
80,0.1,2,8,-1,1,HEFT,36359.454617284,3491024.022576755,6.671567409442408e-05,0.999987991250768,0.13687801658485468
80,0.1,2,8,-1,1,GA,36366.316390113,3491693.642696962,6.812264161680004e-05,0.999987737999687,0.2755466154708561
80,0.1,2,8,-1,2,HEFT,36367.432328896,3491787.2878285637,6.638039464439014e-05,0.9999880516003457,0.3177608444606732
80,0.1,2,8,-1,2,GA,36374.688361436,3492462.2181044617,6.358338586639245e-05,0.999988555056037,0.4489817246440251
80,0.1,4,8,-1,0,HEFT,36375.706029306,3492707.440648037,8.264364788899709e-05,0.9999851242540242,0.20632809263570398
80,0.1,4,8,-1,0,GA,36382.079151317,3493331.7431541937,8.425641185555529e-05,0.9999848339608706,0.34395269622592256
80,0.1,4,8,-1,1,HEFT,36383.169321284,3493458.6642923765,8.713300376136128e-05,0.9999843161823149,0.2647316513858073
80,0.1,4,8,-1,1,GA,36389.066291757,3493995.223768086,8.33152143945578e-05,0.9999850033738588,0.40544615227438485
80,0.1,4,8,-1,2,HEFT,36390.193028624,3494065.322245472,7.839683431108521e-05,0.9999858886693888,0.24375292777304777
80,0.1,4,8,-1,2,GA,36396.720752466,3494717.7880077288,8.173071976654884e-05,0.999985288578656,0.3923850528944202
80,0.5,0.8,8,-1,0,HEFT,36398.360029223,3494570.2674757447,4.23391046947169e-05,0.9999923789901938,0.2640228360368588
80,0.5,0.8,8,-1,0,GA,36407.910716951,3495505.5679320446,4.4720814566971965e-05,0.999991950285776,0.30295304347754165
80,0.5,0.8,8,-1,2,HEFT,36409.443025568,3495635.76720437,4.2537047783197425e-05,0.9999923433607096,0.24808758349915322
80,0.5,0.8,8,-1,2,GA,36419.38385111,3496612.6059833067,4.544654738330994e-05,0.9999918196549294,0.3959957734986897
80,0.5,1,8,-1,0,HEFT,36420.862149166,3496762.2231533863,4.6441451350134837e-05,0.9999916405736973,0.26512907563059684
80,0.5,1,8,-1,0,GA,36429.894668313,3497615.9655377558,4.4712839755528774e-05,0.9999919517212306,0.31590965263186266
80,0.5,1,8,-1,1,HEFT,36431.365868088,3497748.8202738995,4.363009527793717e-05,0.9999921466136876,0.17051358328857447
80,0.5,1,8,-1,1,GA,36440.722158416,3498653.27241364,4.443736507799056e-05,0.9999920013062751,0.3143579008739652
80,0.5,1,8,-1,2,HEFT,36442.105033407,3498827.261416141,4.97646264946929e-05,0.9999910424073494,0.36119996031543056
80,0.5,1,8,-1,2,GA,36450.850440851,3499668.214936871,4.9944782322361584e-05,0.999991009979592,0.475494320642979
80,0.5,2,8,-1,0,HEFT,36451.99479985,3499800.0151680247,5.277963597218331e-05,0.9999904997106519,0.11434642385001233
80,0.5,2,8,-1,0,GA,36459.62742178,3500560.17048386,5.6322738111137166e-05,0.9999898619585298,0.27595997623885304
80,0.5,2,8,-1,1,HEFT,36460.818027191,3500737.0572513794,6.440912674976669e-05,0.9999884064243897,0.3010374501932989
80,0.5,2,8,-1,1,GA,36468.246033869,3501427.0642009806,6.14269960667621e-05,0.9999889432018341,0.4369507151937035
80,0.5,2,8,-1,2,HEFT,36469.38276835,3501527.8881016066,6.035430749442538e-05,0.9999891362836606,0.21254206626879255
80,0.5,2,8,-1,2,GA,36476.380558085,3502211.8264461607,6.192414341094264e-05,0.999988853716305,0.44362050211884124
80,0.5,4,8,-1,0,HEFT,36477.438236668,3502430.8061541924,7.709760130027361e-05,0.9999861225280579,0.2630059195651427
80,0.5,4,8,-1,0,GA,36484.054362351,3503044.2671252973,7.429565111120206e-05,0.9999866268722201,0.8091926655258238
80,0.5,4,8,-1,1,HEFT,36485.18670908,3503194.612118234,7.967545821104269e-05,0.9999856585203618,0.4167790070728872
80,0.5,4,8,-1,1,GA,36491.990927697,3503791.965721825,7.245951717223862e-05,0.9999869573719635,0.5659631266964718
80,0.5,4,8,-1,2,HEFT,36493.082543823,3503873.198711826,6.941531069997937e-05,0.9999875053221322,0.3056752437315393
80,0.5,4,8,-1,2,GA,36499.616152768,3504511.9782680008,7.090795894995002e-05,0.9999872366488406,0.27145513884758155
80,0.8,0.8,8,-1,0,HEFT,36501.328756055,3504492.76948044,4.7184612294505416e-05,0.9999915068058535,0.2829701428018098
80,0.8,0.8,8,-1,0,GA,36509.703681703,3505266.588675049,4.328620562802017e-05,0.9999922085133391,0.43764468228753006
80,0.8,0.8,8,-1,2,HEFT,36511.406037211,3505416.882636583,4.158954319464101e-05,0.9999925139102447,0.21849072521446386
80,0.8,0.8,8,-1,2,GA,36521.489084154,3506372.6719803717,4.001549116122381e-05,0.9999927972375305,0.3896052879299071
80,0.8,1,8,-1,0,HEFT,36522.98335606,3506564.098369373,4.621397772773182e-05,0.9999916815186074,0.2762253191126183
80,0.8,1,8,-1,0,GA,36532.23140606,3507463.4679643554,4.7707103694523944e-05,0.9999914127582047,0.33341934817715263
80,0.8,1,8,-1,1,HEFT,36533.633427691,3507551.9389261645,4.1748044939110214e-05,0.9999924853801446,0.12446327418649737
80,0.8,1,8,-1,1,GA,36542.62819367,3508421.537026668,4.2536231827842934e-05,0.999992343507581,0.23203362244195735
80,0.8,1,8,-1,2,HEFT,36543.974566302,3508567.270981118,4.466571267775079e-05,0.9999919602040359,0.18961659189960567
80,0.8,1,8,-1,2,GA,36552.652038907,3509409.5515496274,4.5859924361138836e-05,0.9999917452476843,0.18498776236439302
80,0.8,2,8,-1,0,HEFT,36553.839621538,3509640.365843934,6.095118556667229e-05,0.9999890288467805,0.2754563829170272
80,0.8,2,8,-1,0,GA,36561.240415303,3510311.3286587084,5.5846096850170096e-05,0.9999899477530909,0.4142253775795434
80,0.8,2,8,-1,1,HEFT,36562.416631199,3510496.8806069684,6.523049248895e-05,0.9999882585802823,0.2685916671964076
80,0.8,2,8,-1,1,GA,36569.988368267,3511214.2057394246,6.399514028332002e-05,0.9999884809410925,0.17210374799501116
80,0.8,2,8,-1,2,HEFT,36571.112236343,3511279.822506436,5.853330975559301e-05,0.9999894640597466,0.12183021722001987
80,0.8,2,8,-1,2,GA,36578.924020494,3512028.376174839,5.835532395540213e-05,0.9999894960968535,0.37464565824514917
80,0.8,4,8,-1,0,HEFT,36579.95286867,3512268.924855565,7.667305726681662e-05,0.9999861989449264,0.1703290615145374
80,0.8,4,8,-1,0,GA,36586.712044618,3512998.6341270674,8.711600048316339e-05,0.9999843192428566,0.8305508005420015
80,0.8,4,8,-1,1,HEFT,36587.934330462,3513103.910659414,8.555748515011348e-05,0.9999845997712564,0.38087937761739854
80,0.8,4,8,-1,1,GA,36594.860499464,3513668.8402400105,7.263983093883629e-05,0.9999869249159092,0.6014694544810065
80,0.8,4,8,-1,2,HEFT,36595.893162123,3513733.778697541,6.822159350550566e-05,0.9999877201885653,0.2581667990880375
80,0.8,4,8,-1,2,GA,36602.343154166,3514390.0377869066,7.300968823902723e-05,0.9999868583424681,0.2955476206124494
80,1,0.5,8,-1,0,HEFT,36603.999886369,3514387.208498098,5.209553057809697e-05,0.9999906228484606,0.3310202625725398
80,1,0.5,8,-1,0,GA,36613.091405935,3515253.579000936,5.126667069453106e-05,0.9999907720418528,0.3555855520492234
80,1,0.8,8,-1,0,HEFT,36614.884672111,3515391.719765134,4.687225355014056e-05,0.9999915630299511,0.30702859342223937
80,1,0.8,8,-1,0,GA,36624.025600235,3516272.520340169,4.7294924755705224e-05,0.9999914869497788,0.20814502587997408
80,1,0.8,8,-1,1,HEFT,36625.650861279,3516489.720714308,5.519871208319576e-05,0.9999900642811843,0.20949003900572571
80,1,0.8,8,-1,1,GA,36634.315023584,3517242.69134756,4.5019261433561855e-05,0.9999918965657734,0.29095656911864165
80,1,0.8,8,-1,2,HEFT,36635.931114874,3517409.653937106,4.654611229994367e-05,0.9999916217348824,0.2741238164248383
80,1,0.8,8,-1,2,GA,36645.749748264,3518358.9214841845,4.740899881657646e-05,0.9999914664166233,0.20543346634422827
80,1,1,8,-1,0,HEFT,36647.244606959,3518518.186162101,4.944494755004093e-05,0.9999910999490457,0.17461372933334213
80,1,1,8,-1,0,GA,36656.896693115,3519409.6433361005,4.490449574429173e-05,0.9999919172234307,0.37071568698215535
80,1,1,8,-1,1,HEFT,36658.444134791,3519582.1789404573,4.800284244455623e-05,0.9999913595256884,0.18702466888946936
80,1,1,8,-1,1,GA,36667.637208172,3520455.544157287,4.681811017770896e-05,0.9999915727756764,0.31744533668265257
80,1,1,8,-1,2,HEFT,36669.029537442,3520583.657085076,4.610096778342268e-05,0.9999917018602282,0.31091657543956797
80,1,1,8,-1,2,GA,36678.075837337,3521463.3119894415,4.754930298323517e-05,0.9999914411620896,0.3845893143710035
80,1,2,8,-1,0,HEFT,36679.315577602,3521730.4867974687,6.669138858875765e-05,0.9999879956221063,0.3590160942633912
80,1,2,8,-1,0,GA,36686.594691679,3522420.654383708,6.55767419281296e-05,0.9999881962561172,0.5701525480189729
80,1,2,8,-1,1,HEFT,36687.68216548,3522475.567792991,5.918345050534602e-05,0.9999893470356521,0.15531569558746125
80,1,2,8,-1,1,GA,36695.043089968,3523225.66525155,6.479697863332048e-05,0.9999883366118626,0.3479040564494721
80,1,2,8,-1,2,HEFT,36696.231571566,3523245.5499420715,5.262520306657987e-05,0.9999905275083119,0.2255123105805891
80,1,2,8,-1,2,GA,36703.387597167,3523950.512039378,5.494867071651647e-05,0.9999901092881837,0.42338141359220033
80,1,4,8,-1,0,HEFT,36704.475589067,3524197.804128128,7.340407980571197e-05,0.9999867873529217,0.11840590178394438
80,1,4,8,-1,0,GA,36711.084436485,3524862.028320578,7.725095840028694e-05,0.9999860949241633,0.4532260509166659
80,1,4,8,-1,1,HEFT,36712.168280923,3524920.3277585474,7.134015373901801e-05,0.9999871588547747,0.19094785559883623
80,1,4,8,-1,1,GA,36718.546220797,3525603.9345321897,8.055521132785847e-05,0.9999855001670839,0.6252630261226545
80,1,4,8,-1,2,HEFT,36719.650487236,3525694.85669827,7.860593328340555e-05,0.9999858510321055,0.14713906458218984
80,1,4,8,-1,2,GA,36726.368033561,3526351.8439726834,8.016960605010455e-05,0.9999855695750293,0.47475901457956743
80,2,0.8,8,-1,2,HEFT,36728.330632145,3526242.832179816,4.174308706666731e-05,0.9999924862725549,0.2770830773878156
80,2,0.8,8,-1,2,GA,36737.937916207,3527184.501178857,4.424563604455519e-05,0.9999920358172258,0.24516162459136615
80,2,1,8,-1,0,HEFT,36739.595153763,3527343.4405286117,4.42255513389278e-05,0.9999920394324441,0.33269938630072765
80,2,1,8,-1,0,GA,36749.250086162,3528261.3921764325,4.3072855927716274e-05,0.9999922469159878,0.30460016673799334
80,2,1,8,-1,1,HEFT,36750.840972357,3528454.680884999,4.831363549451958e-05,0.9999913035834239,0.27544091458298225
80,2,1,8,-1,1,GA,36759.559087906,3529288.856786521,4.7956634049801824e-05,0.9999913678431281,0.2754685554525433
80,2,1,8,-1,2,HEFT,36761.177580208,3529451.0611933065,4.8838952627678126e-05,0.9999912090271671,0.26204955015989845
80,2,1,8,-1,2,GA,36769.978296313,3530259.98379389,4.419474778329055e-05,0.9999920449770392,0.28365818166609247
80,2,2,8,-1,0,HEFT,36771.297456056,3530480.834273684,5.6366730272283246e-05,0.9999898540400217,0.22818195571594677
80,2,2,8,-1,0,GA,36778.753570047,3531282.421370534,6.745202144989486e-05,0.9999878587098452,0.5167160788152846
80,2,2,8,-1,1,HEFT,36780.08384025,3531376.8087301394,6.314729536679806e-05,0.9999886335514315,0.32071266915509616
80,2,2,8,-1,1,GA,36787.971812046,3532175.176470166,6.84602730942667e-05,0.999987677226768,0.5255301459667419
80,2,2,8,-1,2,HEFT,36789.318458792,3532331.6292710076,7.19712179555548e-05,0.9999870452646804,0.40321118547682067
80,2,2,8,-1,2,GA,36796.428702162,3532963.4632772133,6.54144534446257e-05,0.9999882254676986,0.537501669993956
80,2,4,8,-1,0,HEFT,36797.657173712,3533288.2403942486,9.213846484449782e-05,0.999983415213856,0.4849095061595147
80,2,4,8,-1,0,GA,36804.396594647,3533944.1653139135,9.329356948340622e-05,0.9999832072984907,0.6491469232986414
80,2,4,8,-1,1,HEFT,36805.692189566,3534062.4432933656,9.250556783331883e-05,0.9999833491364161,0.5439797570152207
80,2,4,8,-1,1,GA,36812.555682507,3534623.5277350945,7.986850315533553e-05,0.9999856237727698,0.3618038807631874
80,2,4,8,-1,2,HEFT,36813.928282775,3534809.177244775,8.682972847220501e-05,0.9999843707710113,0.44735032366014105
80,2,4,8,-1,2,GA,36820.998041663,3535549.41063972,9.478018605586841e-05,0.9999829397120371,0.410196576361169
80,5,0.8,8,-1,1,HEFT,36823.386560374,3535524.3566362113,6.191819642218535e-05,0.999988854786752,0.7237263803030325
80,5,0.8,8,-1,1,GA,36833.24137716,3536423.9416777417,5.59133682664348e-05,0.999989935644357,0.3468467482568759
80,5,0.8,8,-1,2,HEFT,36835.304974186,3536539.164920219,4.520509022776323e-05,0.999991863116863,0.5939960546204657
80,5,0.8,8,-1,2,GA,36845.277406829,3537526.825868792,4.912077690027622e-05,0.9999911582992447,0.5779043840399467
80,5,1,8,-1,0,HEFT,36847.270752958,3537749.883285855,5.321589171669783e-05,0.9999904211853672,0.5429677304020535
80,5,1,8,-1,0,GA,36857.169152808,3538695.382797222,5.2602600472164344e-05,0.9999905315767399,0.2777032506754826
80,5,1,8,-1,1,HEFT,36859.267607516,3538905.7342415364,5.375244444452013e-05,0.9999903246068063,0.5038938163736215
80,5,1,8,-1,1,GA,36869.099887421,3539849.3931390475,5.3721440133328244e-05,0.9999903301875276,0.34051283809183447
80,5,1,8,-1,2,HEFT,36871.159662233,3540037.3850946026,5.246221191656433e-05,0.9999905568464403,0.44417692434968054
80,5,1,8,-1,2,GA,36880.279039985,3540915.6964705265,5.2830572605509795e-05,0.9999904905421457,0.3973492167629842
80,5,2,8,-1,0,HEFT,36882.363349062,3541506.2151775286,0.00010327308366629748,0.9999814110177165,0.38288874912195836
80,5,2,8,-1,0,GA,36890.283794832,3542216.115660292,9.675340522218095e-05,0.9999825845387096,0.9807000334945268
80,5,2,8,-1,1,HEFT,36892.210212441,3542402.1895915596,9.690041307803767e-05,0.9999825580777577,0.550775530141082
80,5,2,8,-1,1,GA,36900.661591749,3543257.6112801805,0.00010259670184451453,0.9999815327641882,0.5129000650826339
80,5,2,8,-1,2,HEFT,36902.523988255,3543309.283055974,8.617315032222703e-05,0.9999844889532385,0.3398560949263
80,5,2,8,-1,2,GA,36910.817641495,3544258.985465126,0.000106006703049934,0.9999809189754949,0.8016061723566564
80,5,4,8,-1,0,HEFT,36912.610029452,3544561.532038842,0.00012286423920543005,0.9999778846814898,0.7712465209121905
80,5,4,8,-1,0,GA,36920.148342381,3545456.3756974917,0.00014497866006665087,0.9999739041816883,0.8944159257284418
80,5,4,8,-1,1,HEFT,36921.825348893,3545319.1462936965,0.00010644868216651149,0.9999808394207751,0.5156722571005855
80,5,4,8,-1,1,GA,36929.179581419,3546115.417028275,0.00011811075091100066,0.9999787402908262,0.8234484831240211
80,5,4,8,-1,2,HEFT,36930.87640656,3546123.0122385425,9.804615100555465e-05,0.9999823518485483,0.38424477320263
80,5,4,8,-1,2,GA,36938.332402782,3546828.6025153473,9.673021295546076e-05,0.9999825887132453,0.6147540208825885
80,8,0.8,8,-1,0,HEFT,36941.143609737,3546766.926336197,5.389403119439117e-05,0.9999902991214379,1.092437962579638
80,8,0.8,8,-1,0,GA,36952.25726388,3547881.32316332,6.0029177111128874e-05,0.9999891948064953,0.47693459804120863
80,8,0.8,8,-1,1,HEFT,36954.788558542,3548123.357657124,5.990388076121842e-05,0.9999892173595948,0.7081835122024404
80,8,0.8,8,-1,1,GA,36964.990030765,3549131.537936799,6.362984281125439e-05,0.9999885466938828,0.5706536678846537
80,8,0.8,8,-1,2,HEFT,36967.753218409,3549438.5108627053,6.901833274435679e-05,0.9999875767772738,0.5320203355991902
80,8,0.8,8,-1,2,GA,36978.102771784,3550512.0905584674,7.935716630535251e-05,0.9999857158120838,0.558186256055003
80,8,1,8,-1,0,HEFT,36981.083673684,3550783.6474968605,7.746961540008973e-05,0.9999860555664516,1.1843547097462144
80,8,1,8,-1,0,GA,36991.883151644,3551839.1163822934,7.988809101678068e-05,0.9999856202470058,0.594005269620534
80,8,1,8,-1,1,HEFT,36994.839156058,3552047.357593529,7.012901963320877e-05,0.9999873768561378,0.6618781628621957
80,8,1,8,-1,1,GA,37005.803346207,3553120.2619366962,7.275719648892441e-05,0.9999869037903865,0.4768065881636097
80,8,1,8,-1,2,HEFT,37008.095428857,3553209.7230892438,5.588655283875899e-05,0.9999899404710855,0.6536220585104172
80,8,1,8,-1,2,GA,37017.560760454,3554107.715227988,5.4506747339069586e-05,0.9999901888336079,0.2581597515714819
80,8,2,8,-1,0,HEFT,37020.013354008,3554799.2368901456,0.00011343086632789185,0.9999795826524979,0.8972005848565101
80,8,2,8,-1,0,GA,37028.497673874,3555699.383634444,0.00012449702100000447,0.9999775907873089,0.7908672609386608
80,8,2,8,-1,1,HEFT,37031.014231621,3555872.3282376183,0.00011562816563338049,0.9999791871467761,0.770588281579604
80,8,2,8,-1,1,GA,37039.942456259,3556683.0822261437,0.0001096390730335568,0.9999802651615874,1.1186930641861486
80,8,2,8,-1,2,HEFT,37042.569437326,3557345.074783073,0.00016258511625027395,0.9999707351072994,1.3571174591869977
80,8,2,8,-1,2,GA,37050.811712839,3558216.9073676625,0.00017299521125561216,0.9999688613467911,1.0205773079655573
80,8,4,8,-1,0,HEFT,37053.386568124,3558667.898773838,0.00019932664521111294,0.9999641218474972,1.0852930809318684
80,8,4,8,-1,0,GA,37061.956216939,3559555.8610800444,0.00020776023952207148,0.9999626038561381,1.9507702977840709
80,8,4,8,-1,1,HEFT,37064.079716864,3559383.166688048,0.00015911031900565527,0.9999713605526946,0.6257928670311255
80,8,4,8,-1,1,GA,37071.675941673,3559741.4300262267,0.00011118083018332577,0.9999799876508164,0.8454159370050932
80,8,4,8,-1,2,HEFT,37073.873026847,3560394.2634991296,0.0001682755712942809,0.9999697108558909,1.0124986864218226
80,8,4,8,-1,2,GA,37081.414082791,3560734.9381342717,0.00011875790521133039,0.9999786238055349,1.5530061029290994
80,10,0.8,8,-1,1,HEFT,37084.610594751,3560670.054533053,7.072835102804271e-05,0.9999872689778538,1.175590925419357
80,10,0.8,8,-1,1,GA,37095.369303504,3561739.9000253696,7.55099339775269e-05,0.999986408304252,0.8527420244457338
80,10,0.8,8,-1,2,HEFT,37098.323028669,3561916.0755798053,6.16362826332382e-05,0.9999889055306694,0.6853493219194278
80,10,0.8,8,-1,2,GA,37108.38355551,3562875.7139903777,6.083884514442211e-05,0.9999890490678351,0.4335713212802188
80,10,1,8,-1,0,HEFT,37111.673712231,3563271.106167285,7.111496034999114e-05,0.9999871993890651,1.2364811764118706
80,10,1,8,-1,0,GA,37123.115313395,3564397.6445017173,7.475121651126149e-05,0.9999865448715479,0.4742061153959882
80,10,1,8,-1,1,HEFT,37125.944472519,3564606.888018759,6.669491691674112e-05,0.9999879949870147,1.1148724825803735
80,10,1,8,-1,1,GA,37136.816616141,3565671.9224747894,6.944797483900199e-05,0.9999874994426612,0.5129729938473688
80,10,1,8,-1,2,HEFT,37139.904744736,3565994.118598936,7.277301088890656e-05,0.9999869009438321,0.7552844165937811
80,10,1,8,-1,2,GA,37150.470794187,3566999.376805436,7.159955600570054e-05,0.999987112162967,0.7387623438527753
80,10,2,8,-1,0,HEFT,37153.523149292,3567789.121793814,0.00013577512426131256,0.9999755607762749,0.758306061450842
80,10,2,8,-1,0,GA,37163.292026258,3568795.679442639,0.00014465696664996762,0.9999739620849942,1.2603905563926383
80,10,2,8,-1,1,HEFT,37165.94203577,3568782.1227959543,0.00011003712687783668,0.9999801935133125,0.6032307750147009
80,10,2,8,-1,1,GA,37174.541995585,3570132.8739251327,0.00017788660839440935,0.9999679809231106,1.1346786817687753
80,10,2,8,-1,2,HEFT,37177.465029999,3570383.4122012286,0.0001740012043054675,0.9999686802736972,1.3293637721364124
80,10,2,8,-1,2,GA,37186.576089049,3571296.539330312,0.00017897090201659014,0.9999677857565255,1.1026288103431499
80,10,4,8,-1,0,HEFT,37189.028154828,3571445.8713508793,0.00016785122576111464,0.9999697872357772,0.6843854079226552
80,10,4,8,-1,0,GA,37197.332646889,3572150.6227264823,0.00015590292314449875,0.9999719378675822,1.393441553099915
80,10,4,8,-1,1,HEFT,37200.108218463,3572714.8605697434,0.00019437617536115996,0.9999650129004968,0.8489527035981767
80,10,4,8,-1,1,GA,37208.546028851,3573235.5243905764,0.00015699039029459528,0.999971742129007,0.6792226477172639
80,10,4,8,-1,2,HEFT,37211.31756843,3573787.02111229,0.00019386751201681262,0.9999651044566991,1.1111572426374918
80,10,4,8,-1,2,GA,37220.045411115,3574462.7105489783,0.00017291357647781198,0.9999688760405937,1.3523995556289299
90,0.1,0.5,8,-1,0,HEFT,37221.875685981,3573770.4190480006,6.076914648894874e-05,0.9999890616134558,0.47872784286553605
90,0.1,0.5,8,-1,0,GA,37233.154849621,3574873.608114483,6.340343034450294e-05,0.9999885874476607,0.6251324300535411
90,0.1,0.5,8,-1,1,HEFT,37235.050542072,3575051.382368601,6.285921572206361e-05,0.9999886854051795,0.4573713780701528
90,0.1,0.5,8,-1,1,GA,37246.459393779,3576175.082284221,6.653494592214379e-05,0.9999880237814484,0.5549176720958846
90,0.1,0.8,8,-1,0,HEFT,37248.156656022,3576254.401372653,5.5731575522077036e-05,0.9999899683667223,0.32845779081367177
90,0.1,0.8,8,-1,0,GA,37259.289603368,3577323.1823137137,5.5733900566620933e-05,0.9999899679482187,0.3620174634694498
90,0.1,0.8,8,-1,1,HEFT,37260.895346793,3577553.8455673074,6.561915699995653e-05,0.9999881886214945,0.38128275343236
90,0.1,0.8,8,-1,1,GA,37271.3665967,3578590.320491693,6.965467809988898e-05,0.9999874622365394,0.5153330446148745
90,0.1,0.8,8,-1,2,HEFT,37272.996346606,3578697.0018883543,6.322385196100287e-05,0.9999886197714013,0.4156925024344731
90,0.1,0.8,8,-1,2,GA,37283.578086955,3579659.2057664637,5.629320656120803e-05,0.9999898672741542,0.6050099404470569
90,0.1,1,8,-1,0,HEFT,37285.147385538,3579789.668728108,5.3684717888851687e-05,0.9999903367974676,0.32006865367842774
90,0.1,1,8,-1,0,GA,37296.185198568,3580860.7546229986,5.516480109440131e-05,0.9999900703851005,0.3426084396363559
90,0.1,1,8,-1,1,HEFT,37297.728524799,3581022.0941155003,5.68676659943675e-05,0.9999897638725096,0.27771336714630585
90,0.1,1,8,-1,1,GA,37307.886314442,3581967.3233764544,5.300222093311378e-05,0.9999904596457404,0.39555976952083177
90,0.1,1,8,-1,2,HEFT,37309.351387621,3582116.9721929496,5.416524306638166e-05,0.9999902503037754,0.1549872324914393
90,0.1,1,8,-1,2,GA,37320.447038226,3583216.0762950815,5.854788441671796e-05,0.9999894614363347,0.28291783635553847
90,0.1,2,8,-1,0,HEFT,37321.706055426,3583505.422407505,8.031538586676308e-05,0.999985543335042,0.11124759449426293
90,0.1,2,8,-1,0,GA,37330.023391093,3584276.4881472574,7.67755300167159e-05,0.9999861805000858,0.5312019211851751
90,0.1,2,8,-1,1,HEFT,37331.287027662,3584391.551707145,7.596861131690579e-05,0.9999863257434559,0.314091165565366
90,0.1,2,8,-1,1,GA,37339.706161559,3585249.664964135,8.241259101689341e-05,0.9999851658436435,0.4981948484175522
90,0.1,2,8,-1,2,HEFT,37341.04805536,3585345.4453926855,7.814367934438957e-05,0.9999859342366413,0.26978274326381096
90,0.1,2,8,-1,2,GA,37350.742033035,3586253.117390835,7.517858132753948e-05,0.9999864679469188,0.34727040834854167
90,0.1,4,8,-1,0,HEFT,37351.909024829,3586611.668851953,0.00010702874268329955,0.9999807350118888,0.5890630485255499
90,0.1,4,8,-1,0,GA,37358.891221486,3587158.4306853954,9.106891766649722e-05,0.9999836077291739,0.5234088982120827
90,0.1,4,8,-1,1,HEFT,37360.05273334,3587338.075444988,9.987248634982583e-05,0.9999820231140425,0.26193077433353484
90,0.1,4,8,-1,1,GA,37368.243641936,3588100.9473067825,9.684207763910106e-05,0.9999825685779531,0.3299657907551261
90,0.1,4,8,-1,2,HEFT,37369.428112914,3588170.974236531,9.11983716779408e-05,0.9999835844278336,0.19296150561612155
90,0.1,4,8,-1,2,GA,37377.058402894,3588971.309026663,9.996154377768107e-05,0.9999820070839928,0.6423067191812515
90,0.5,0.8,8,-1,0,HEFT,37378.950619493,3588785.8595547276,5.253231051675458e-05,0.9999905442288121,0.2696939427213181
90,0.5,0.8,8,-1,0,GA,37391.54091896,3590011.285937792,5.4697379539033545e-05,0.9999901545201486,0.4507604007669845
90,0.5,0.8,8,-1,1,HEFT,37393.142394303,3590155.1165250996,5.341688268882637e-05,0.999990385007339,0.21393839636448542
90,0.5,0.8,8,-1,1,GA,37403.566387356,3591171.5177221615,5.544503048909569e-05,0.9999900199443122,0.25636275026468874
90,0.5,0.8,8,-1,2,HEFT,37405.256397664,3591359.0711735147,5.8715374388945446e-05,0.9999894312884576,0.21399697915225485
90,0.5,0.8,8,-1,2,GA,37416.845119947,3592448.5857117893,5.574343628904899e-05,0.9999899662318055,0.2389639781645278
90,0.5,1,8,-1,0,HEFT,37418.44803456,3592593.0814382313,5.4531023316667414e-05,0.9999901844639748,0.11880732608445074
90,0.5,1,8,-1,0,GA,37429.777025153,3593670.294071004,5.31911700666064e-05,0.9999904256352209,0.41379892672590046
90,0.5,1,8,-1,1,HEFT,37431.345162205,3593838.658359701,5.5493900261111175e-05,0.9999900111478406,0.3208600268054994
90,0.5,1,8,-1,1,GA,37441.870113707,3594871.322795788,5.8371043916769046e-05,0.99998949326729,0.44679132730109666
90,0.5,1,8,-1,2,HEFT,37443.449167613,3594962.442660731,5.055847156112982e-05,0.9999908995165286,0.23828960703865593
90,0.5,1,8,-1,2,GA,37453.1133739,3595875.9556609495,4.871728249992076e-05,0.9999912309275978,0.37372478676795245
90,0.5,2,8,-1,0,HEFT,37454.393688523,3596242.7740505273,8.022996799991234e-05,0.9999855587100355,0.26942806189164664
90,0.5,2,8,-1,0,GA,37462.615033639,3596965.836017066,7.167865474451295e-05,0.9999870979253777,0.48500763328716306
90,0.5,2,8,-1,1,HEFT,37463.847275826,3597101.2723632525,7.389326666101019e-05,0.9999866993004549,0.21992406356550032
90,0.5,2,8,-1,1,GA,37472.138602862,3597955.434554888,8.141197417769744e-05,0.9999853459520186,0.5651745901115655
90,0.5,2,8,-1,2,HEFT,37473.472725076,3598058.861151903,7.822733134461385e-05,0.9999859191794922,0.2998464464134769
90,0.5,2,8,-1,2,GA,37482.133990514,3598874.0310859736,7.611989620539437e-05,0.9999862985125475,0.5772576488877621
90,0.5,4,8,-1,0,HEFT,37483.328085115,3599129.2668266683,9.428561442230905e-05,0.9999830287334166,0.39366508726672356
90,0.5,4,8,-1,0,GA,37490.629444567,3599797.6284591323,9.007774944451133e-05,0.9999837861365451,0.5682891925193242
90,0.5,4,8,-1,1,HEFT,37491.796089677,3599896.1341032186,8.833455997753643e-05,0.999984099905611,0.2582556930728983
90,0.5,4,8,-1,1,GA,37499.211951217,3600639.81343766,9.243748331112632e-05,0.999983361391427,0.4402740434850268
90,0.5,4,8,-1,2,HEFT,37500.500455989,3600792.9164112937,9.623677472219344e-05,0.9999826775305848,0.5757496431749295
90,0.5,4,8,-1,2,GA,37508.325634265,3601555.7219291683,9.773398446106716e-05,0.9999824080375361,0.785359984120872
90,0.8,0.8,8,-1,0,HEFT,37510.256015893,3601534.5545408744,7.105646190526992e-05,0.9999872099186495,0.4042028229496385
90,0.8,0.8,8,-1,0,GA,37521.067385918,3602520.370614555,6.432836775545891e-05,0.9999884209608405,0.4520001341963346
90,0.8,0.8,8,-1,1,HEFT,37522.738451676,3602617.135963866,5.6103953872095895e-05,0.9999899013392944,0.36033882525081923
90,0.8,0.8,8,-1,1,GA,37532.803255685,3603551.800499567,5.202686741686193e-05,0.9999906352077136,0.47588641721931507
90,0.8,0.8,8,-1,2,HEFT,37534.414121223,3603759.244803136,5.88487294222432e-05,0.9999894072848055,0.35652658607643617
90,0.8,0.8,8,-1,2,GA,37544.161324379,3604713.110048704,6.119159022220831e-05,0.9999889855744174,0.4848100218170449
90,0.8,1,8,-1,0,HEFT,37545.698591976,3604749.884954024,4.6875985055319494e-05,0.9999915623582856,0.2417395048825434
90,0.8,1,8,-1,0,GA,37556.076365342,3605755.651915282,4.8103468016739096e-05,0.9999913414132425,0.43058345377359025
90,0.8,1,8,-1,1,HEFT,37557.726034668,3605998.3980905637,5.9005008066661605e-05,0.9999893791549489,0.1592197054950186
90,0.8,1,8,-1,1,GA,37568.563193634,3607020.61211612,5.6659628844378555e-05,0.999989801318814,0.4739674514828185
90,0.8,1,8,-1,2,HEFT,37570.092573665,3607169.06135701,5.687006268348746e-05,0.99998976344111,0.19598793928761515
90,0.8,1,8,-1,2,GA,37580.305158363,3608148.4641241543,5.6740170711418616e-05,0.9999897868214255,0.40582761299494285
90,0.8,2,8,-1,0,HEFT,37581.668913606,3608424.6256455225,7.550516012225771e-05,0.9999864091635331,0.27677951589859806
90,0.8,2,8,-1,0,GA,37590.269137835,3609228.0916358596,7.264268781651076e-05,0.9999869244016787,0.2815452016142563
90,0.8,2,8,-1,1,HEFT,37591.527308269,3609359.2733802833,7.398601892240953e-05,0.9999866826052698,0.17535788531427213
90,0.8,2,8,-1,1,GA,37599.949090597,3610202.670440089,7.849583240006015e-05,0.9999858708499839,0.5950908267920014
90,0.8,2,8,-1,2,HEFT,37601.234423586,3610294.9910397404,7.448144386099658e-05,0.9999865934299723,0.32594538758823405
90,0.8,2,8,-1,2,GA,37609.610351436,3611095.5994393397,7.403174437778135e-05,0.9999866743747977,0.6113542300333409
90,0.8,4,8,-1,0,HEFT,37610.843964457,3611402.6046442473,9.839587291668674e-05,0.9999822888997173,0.46372452622354177
90,0.8,4,8,-1,0,GA,37618.693641477,3612133.456828124,9.546088453898847e-05,0.9999828171884079,0.6139765534911175
90,0.8,4,8,-1,1,HEFT,37619.87915241,3612279.21212113,9.958830617183089e-05,0.999982074265556,0.20128848704362526
90,0.8,4,8,-1,1,GA,37627.285337387,3612985.139464859,9.893373071144096e-05,0.9999821920870338,0.7601141815959643
90,0.8,4,8,-1,2,HEFT,37628.47804254,3613080.7753667356,9.649654817771483e-05,0.9999826307721744,0.4108708777537128
90,0.8,4,8,-1,2,GA,37636.767971888,3613901.7054217877,9.97390336614141e-05,0.9999820471350944,0.4063519875802755
90,1,0.5,8,-1,1,HEFT,37638.858089674,3613873.0388706774,7.011140335574359e-05,0.9999873800270275,0.23607998665106508
90,1,0.5,8,-1,1,GA,37650.583213702,3615019.776217907,7.284078843868985e-05,0.9999868887440332,0.46333166859649516
90,1,0.8,8,-1,0,HEFT,37652.295495178,3615045.530651903,5.493063498902807e-05,0.9999901125345825,0.1870321725099092
90,1,0.8,8,-1,0,GA,37663.43113129,3616193.68871092,6.515505259428918e-05,0.9999882721593037,0.5075240597271278
90,1,0.8,8,-1,1,HEFT,37665.171221913,3616360.706184515,6.515101819984719e-05,0.9999882728854865,0.35255345212505945
90,1,0.8,8,-1,1,GA,37675.914890396,3617383.470958337,6.403636696652231e-05,0.9999884735203756,0.496024614077331
90,1,0.8,8,-1,2,HEFT,37677.672174424,3617470.70249907,5.351082097760001e-05,0.9999903680986104,0.3473843757131307
90,1,0.8,8,-1,2,GA,37688.981233039,3618565.6005019685,5.470311760004228e-05,0.9999901534873086,0.3579480097495173
90,1,1,8,-1,0,HEFT,37690.606606009,3618719.821952317,5.446870483889749e-05,0.9999901956811906,0.19411784677624708
90,1,1,8,-1,0,GA,37702.439868594,3619839.188324935,5.2320534872180564e-05,0.9999905823480683,0.21092662773257187
90,1,1,8,-1,1,HEFT,37704.146051991,3620044.619901059,5.77001175611157e-05,0.9999896140327722,0.12132416035882355
90,1,1,8,-1,1,GA,37715.433034555,3621134.264008192,5.848742776644132e-05,0.9999894723184176,0.3625440633944411
90,1,1,8,-1,2,HEFT,37717.015920719,3621256.626451972,5.466383242221329e-05,0.9999901605585709,0.0855027250954348
90,1,1,8,-1,2,GA,37727.198442199,3622223.565807829,5.3296557716465844e-05,0.9999904066656267,0.2884571769127206
90,1,2,8,-1,0,HEFT,37728.510735223,3622510.2495469395,7.405929787233214e-05,0.9999866694152344,0.28671500947010475
90,1,2,8,-1,0,GA,37737.515865859,3623362.9021179313,7.252958597770582e-05,0.999986944759743,0.5496932579842505
90,1,2,8,-1,1,HEFT,37738.894337484,3623555.0394227565,8.025620468894582e-05,0.9999855539874996,0.298638540114843
90,1,2,8,-1,1,GA,37747.596206689,3624388.1528363554,7.996343594459177e-05,0.999985606685113,0.39519327273746657
90,1,2,8,-1,2,HEFT,37748.995031526,3624431.8427305305,6.825835969438129e-05,0.9999877135707318,0.1686275864529715
90,1,2,8,-1,2,GA,37758.49749029,3625367.049802003,7.122619304431687e-05,0.9999871793674356,0.5380472372090874
90,1,4,8,-1,0,HEFT,37759.742045,3625682.9220759044,9.660022686107873e-05,0.9999826121103351,0.5272853803310336
90,1,4,8,-1,0,GA,37767.804888606,3626451.5376077094,9.590029735574918e-05,0.9999827380954635,0.5190053654313752
90,1,4,8,-1,1,HEFT,37769.018109533,3626541.293554707,9.244897151669041e-05,0.9999833593235836,0.4122733978990591
90,1,4,8,-1,1,GA,37776.924230035,3627303.803764985,9.29040932331797e-05,0.9999832774030418,0.5436599904603675
90,1,4,8,-1,2,HEFT,37778.147635391,3627484.4332554825,0.00010106721678902331,0.9999818080664529,0.29382672725914055
90,1,4,8,-1,2,GA,37786.085840792,3628261.3521720367,0.00010298597622794559,0.999981462696095,0.6399494142650205
90,2,0.8,8,-1,0,HEFT,37788.120028657,3628171.979671043,6.620890438898642e-05,0.9999880824682229,0.3986407558036378
90,2,0.8,8,-1,0,GA,37799.390093044,3629283.3643409153,7.001491068367613e-05,0.9999873973954899,0.5596723699885737
90,2,0.8,8,-1,1,HEFT,37801.26417635,3629355.19454644,5.6050854888922504e-05,0.9999899108970134,0.3365360848557457
90,2,0.8,8,-1,1,GA,37813.255282303,3630534.0857682745,5.963548671663577e-05,0.9999892656700036,0.6668909608326156
90,2,0.8,8,-1,2,HEFT,37815.136090543,3630738.097019555,6.266567537822993e-05,0.9999887202420475,0.531914087748628
90,2,0.8,8,-1,2,GA,37826.258292927,3631794.519480064,6.120456835556576e-05,0.9999889832383798,0.5799031738700293
90,2,1,8,-1,0,HEFT,37828.025423944,3631963.7103388524,6.114594835000592e-05,0.9999889937898649,0.4768038649118721
90,2,1,8,-1,0,GA,37839.541026144,3633068.1393467383,6.100786006649691e-05,0.999989018645483,0.5303973615747604
90,2,1,8,-1,1,HEFT,37841.443032242,3633246.326714631,6.043871051669057e-05,0.9999891210912824,0.22317189736817097
90,2,1,8,-1,1,GA,37852.502959017,3634287.851525271,5.7825253183303474e-05,0.999989591508595,0.39224891788857735
90,2,1,8,-1,2,HEFT,37854.294223241,3634442.482123516,5.558613596646562e-05,0.9999899945455801,0.2614785859287273
90,2,1,8,-1,2,GA,37864.949028167,3635487.446975805,5.8441895577885186e-05,0.9999894805141251,0.3844184217074939
90,2,2,8,-1,0,HEFT,37866.529979969,3635824.046316658,8.232147798892886e-05,0.9999851822437447,0.17955317937415755
90,2,2,8,-1,0,GA,37875.539148785,3636629.730274271,7.467338383871215e-05,0.9999865588812404,0.6335134400323105
90,2,2,8,-1,1,HEFT,37877.079036297,3636837.1590588572,8.237358841668336e-05,0.999985172864007,0.18488712496155596
90,2,2,8,-1,1,GA,37885.604180829,3637707.434743941,8.907408066625066e-05,0.9999839667940128,0.5549678397471105
90,2,2,8,-1,2,HEFT,37887.123026116,3637940.2095129974,0.00010030994907768522,0.9999819443721691,0.38674648108790965
90,2,2,8,-1,2,GA,37896.029210227,3638576.167001729,7.20107002501916e-05,0.9999870381579591,0.6111225516370726
90,2,4,8,-1,0,HEFT,37897.454189499,3639048.694472894,0.00011538659961111584,0.999979230627756,0.4294213731045112
90,2,4,8,-1,0,GA,37904.658632764,3639766.6686850837,0.00011879068988883874,0.9999786179044201,0.9073339927347587
90,2,4,8,-1,1,HEFT,37906.003238015,3639822.3926780242,0.00010931289774990646,0.9999803238719824,0.49168973339410255
90,2,4,8,-1,1,GA,37913.944985461,3640444.8666963344,9.123360362771362e-05,0.9999835780861873,0.665620189803804
90,2,4,8,-1,2,HEFT,37915.426442229,3640812.7026570067,0.00012038297196676367,0.999978331299815,0.49953500213813645
90,2,4,8,-1,2,GA,37923.545037168,3641441.5398024153,0.0001009323300113465,0.9999818323456304,0.7788096534109848
90,5,0.8,8,-1,0,HEFT,37926.044127433,3641361.2495057955,5.956243827228415e-05,0.9999892788185818,0.6742352301141832
90,5,0.8,8,-1,0,GA,37939.006092121,3642658.747753154,6.642931647774176e-05,0.99998804279452,0.5148215808418642
90,5,0.8,8,-1,1,HEFT,37941.466668102,3642843.6842244808,5.9804145566967136e-05,0.9999892353117363,0.38941890828757075
90,5,0.8,8,-1,1,GA,37953.689443564,3644014.453844875,5.946605461645555e-05,0.9999892961674542,0.3651779336317789
90,5,0.8,8,-1,2,HEFT,37956.043024933,3644306.414482505,6.799536032776814e-05,0.999987760910038,0.5687597274424663
90,5,0.8,8,-1,2,GA,37966.654178382,3645313.3834418487,6.648350351121432e-05,0.9999880330409722,0.5591537864741737
90,5,1,8,-1,0,HEFT,37968.948926735,3645562.3914071345,7.0193080177584e-05,0.9999873653253856,0.6756534646690886
90,5,1,8,-1,0,GA,37981.023271085,3646702.65023141,6.775403194442333e-05,0.9999878043486167,0.47691239774719113
90,5,1,8,-1,1,HEFT,37983.545955385,3646942.1665799934,6.741018902236344e-05,0.9999878662395901,0.5095737294784342
90,5,1,8,-1,1,GA,37997.000445416,3648235.245570352,6.759726232760133e-05,0.9999878325668039,0.6534564300594823
90,5,1,8,-1,2,HEFT,37999.301027498,3648408.017345353,6.138484567765974e-05,0.99998895078882,0.49725240893738204
90,5,1,8,-1,2,GA,38010.955195885,3649550.972177124,6.450560363882688e-05,0.9999883890587513,0.31606060652090945
90,5,2,8,-1,0,HEFT,38013.23403203,3650181.9837465575,0.00011776701184462581,0.999978802162545,0.40014849243233264
90,5,2,8,-1,0,GA,38023.096153354,3650971.9299230576,9.750635672781855e-05,0.9999824490098079,0.6406702578213141
90,5,2,8,-1,1,HEFT,38025.233888612,3651372.3128686342,0.00012272087362822883,0.9999779104867224,0.36688827472607344
90,5,2,8,-1,1,GA,38035.107482248,3652194.815547564,0.00010652419273335706,0.999980825829134,0.6003244106719811
90,5,2,8,-1,2,HEFT,38037.258601768,3652417.157721087,0.00010857001955543333,0.9999804575874341,0.4279560115161796
90,5,2,8,-1,2,GA,38046.793027136,3653344.8891477906,0.0001101755223170686,0.999980168602627,0.6992096355920016
90,5,4,8,-1,0,HEFT,38048.798608466,3653683.4682759806,0.00012904416837785295,0.9999767723194579,0.7802478229244333
90,5,4,8,-1,0,GA,38057.325724101,3654606.89018977,0.00014258665065560006,0.9999743347322398,0.8968098726473926
90,5,4,8,-1,1,HEFT,38059.462654147,3654950.141602029,0.00016042981962754213,0.9999711230494135,0.5687862435268769
90,5,4,8,-1,1,GA,38068.437148907,3655997.0212535188,0.00018437402563904471,0.9999668132260776,2.0583535248384712
90,5,4,8,-1,2,HEFT,38070.537125227,3656260.677859102,0.00019239196864473344,0.9999653700452736,0.90330933102705
90,5,4,8,-1,2,GA,38079.307341105,3657001.930231147,0.00017938313760557017,0.9999677115565134,1.3295227695021723
90,8,0.8,8,-1,0,HEFT,38082.600351679,3656525.4767932845,7.698230388895254e-05,0.9999861432813041,0.5911594259542154
90,8,0.8,8,-1,0,GA,38095.536219978,3657771.2981387246,7.7496255922031e-05,0.9999860507712243,0.6965852941529233
90,8,0.8,8,-1,1,HEFT,38099.236135886,3658222.58909827,8.99121515780684e-05,0.9999838159436784,1.1004711255885968
90,8,0.8,8,-1,1,GA,38112.848029398,3659559.9825968947,9.387232231092639e-05,0.9999831031247364,1.1424221040529747
90,8,0.8,8,-1,2,HEFT,38115.595024568,3659684.070128292,7.583304518917025e-05,0.9999863501450249,0.6805048344745853
90,8,0.8,8,-1,2,GA,38127.640736588,3660894.2288961173,8.278012708906317e-05,0.9999850996881338,0.5817797053058268
90,8,1,8,-1,0,HEFT,38130.810638467,3661173.408117857,7.95331815277071e-05,0.9999856841297974,0.5424588218325294
90,8,1,8,-1,0,GA,38142.623424619,3662328.754724686,8.228759189437874e-05,0.999985188343152,0.4925682040125246
90,8,1,8,-1,1,HEFT,38146.108782289,3662818.2223566133,0.00010229706161104938,0.9999815866984355,0.5673303651495392
90,8,1,8,-1,1,GA,38159.552435104,3664115.467542163,0.0001031568181110035,0.9999814319451269,0.7266485808317205
90,8,1,8,-1,2,HEFT,38162.766025469,3664212.3596370174,7.581669147208838e-05,0.9999863530886535,0.7862643715256327
90,8,1,8,-1,2,GA,38175.291030298,3665433.2257751147,7.820243753311742e-05,0.999985923660315,0.6277518768697529
90,8,2,8,-1,0,HEFT,38178.26755749,3666519.4914392885,0.00018162867186676725,0.9999673073734785,2.1491199172580515
90,8,2,8,-1,0,GA,38188.973795561,3667324.609881914,0.0001528585927723422,0.9999724858318216,0.8242571412125532
90,8,2,8,-1,1,HEFT,38191.78366066,3667594.445009309,0.0001528699723447466,0.9999724837835549,0.7179585545282164
90,8,2,8,-1,1,GA,38201.90123673,3668570.0031131795,0.00015342175543915396,0.999972384465336,1.8975116978125244
90,8,2,8,-1,2,HEFT,38204.587950827,3668750.5518942378,0.00014342488563892807,0.9999741838538256,1.2451266669069116
90,8,2,8,-1,2,GA,38215.159926754,3669665.0494754156,0.00013045174509445336,0.9999765189615665,0.9533235888117256
90,8,4,8,-1,0,HEFT,38217.614275027,3670237.331524833,0.00017394846540583886,0.9999686897664012,0.7199183769603537
90,8,4,8,-1,0,GA,38226.05419511,3670870.9695046395,0.0001511326581497997,0.9999727964915536,0.9483123320785903
90,8,4,8,-1,1,HEFT,38228.584556931,3671293.0759757366,0.00017428404526629798,0.99996862936392,0.76919074420529
90,8,4,8,-1,1,GA,38237.277295153,3672024.7053221213,0.0001609928924332861,0.9999710216992399,1.1919150309304378
90,8,4,8,-1,2,HEFT,38239.772275197,3672682.0137700536,0.0002149709755997012,0.9999613059730242,1.1395089818906547
90,8,4,8,-1,2,GA,38248.524889329,3673389.228181535,0.0001977827914665896,0.9999643997312399,1.4715924559113835
90,10,0.8,8,-1,1,HEFT,38252.403091766,3672859.3345764303,8.121934972793194e-05,0.9999853806239125,1.198049667591679
90,10,0.8,8,-1,1,GA,38265.940588183,3674201.650735868,8.673827781652412e-05,0.9999843872318729,0.8126583946677909
90,10,0.8,8,-1,2,HEFT,38269.34901625,3674949.9236519146,0.00014113928836106626,0.9999745952508005,1.261071872712056
90,10,0.8,8,-1,2,GA,38281.858562279,3676180.402995366,0.00014495878767213275,0.9999739077586269,1.728569537069008
90,10,1,8,-1,0,HEFT,38285.297675635,3676082.794617959,8.96922166664606e-05,0.9999838555313222,1.414658961993233
90,10,1,8,-1,0,GA,38297.762652123,3677236.3432805007,8.412515202750607e-05,0.9999848575872815,0.5928598768012177
90,10,1,8,-1,1,HEFT,38301.089732406,3677575.2790888324,8.664919610544328e-05,0.9999844032663311,1.0157220825484883
90,10,1,8,-1,1,GA,38314.749343396,3678923.938484126,9.1473064355321e-05,0.999983534983965,1.1940637105981193
90,10,1,8,-1,2,HEFT,38318.437131533,3679409.795015134,0.0001085052180834383,0.9999804692514711,1.0630087247895337
90,10,1,8,-1,2,GA,38331.701687225,3680752.115666129,0.00011741003779445439,0.9999788664165129,1.2052188542510813
90,10,2,8,-1,0,HEFT,38335.315487746,3682003.114851236,0.00023421550744448418,0.9999578420973279,1.0958241625365959
90,10,2,8,-1,0,GA,38346.377034034,3682573.5799526367,0.0001707215355778721,0.9999692705957532,1.425181832513741
90,10,2,8,-1,1,HEFT,38349.204090419,3682740.8996270625,0.00015727479933318845,0.999971690936828,1.2775719295479544
90,10,2,8,-1,1,GA,38359.455663426,3683845.563577301,0.0001728449468222809,0.9999688883935475,1.621415494719533
90,10,2,8,-1,2,HEFT,38362.683280313,3684067.735476237,0.00016151686901668856,0.9999709273861932,1.4902074277318242
90,10,2,8,-1,2,GA,38373.486250405,3685276.150737653,0.00018365254506105783,0.9999669430882799,1.430075869553993
90,10,4,8,-1,0,HEFT,38375.87552306,3685477.104092622,0.00017998112130003898,0.9999676039229292,1.4955802675190961
90,10,4,8,-1,0,GA,38385.065183987,3686110.4905068562,0.0001478337007887199,0.9999733902879012,1.4271133002010556
90,10,4,8,-1,1,HEFT,38388.29661575,3687217.1624525194,0.0002507347985167548,0.9999548687547113,0.6901045878026626
90,10,4,8,-1,1,GA,38398.855676976,3688618.537832204,0.00030082594864438256,0.9999458527952557,2.940610940522325
90,10,4,8,-1,2,HEFT,38401.825664722,3687901.6648628586,0.00017136964464427567,0.9999691539397126,0.7511328154395231
90,10,4,8,-1,2,GA,38412.079027069,3689529.7915152367,0.0002545484388388609,0.9999541823306702,2.1415892554102096
100,0.1,0.5,8,-1,0,HEFT,38414.129166846,3688305.617024178,7.095826963333012e-05,0.999987227593032,0.20363142002950552
100,0.1,0.5,8,-1,0,GA,38427.933152504,3689636.6468715398,7.171372495552836e-05,0.9999870916128204,0.41691161536808
100,0.1,0.8,8,-1,0,HEFT,38429.886440652,3689700.2820355725,5.5708492633129944e-05,0.9999899725215998,0.3416142505817485
100,0.1,0.8,8,-1,0,GA,38443.112873222,3690961.8255971037,5.464984079994287e-05,0.9999901630770371,0.32164860755647723
100,0.1,0.8,8,-1,1,HEFT,38444.946006335,3691208.752300025,6.381598086114132e-05,0.9999885131894171,0.30293134578927733
100,0.1,0.8,8,-1,1,GA,38458.597195989,3692544.6762401005,6.709889213913508e-05,0.9999879222723509,0.31891097914017275
100,0.1,0.8,8,-1,2,HEFT,38460.284908764,3692747.6367306453,7.238830611131562e-05,0.9999869701897875,0.40334601312118334
100,0.1,0.8,8,-1,2,GA,38473.935192664,3694055.933537058,7.211305443330882e-05,0.9999870197344446,0.3234811629724564
100,0.1,1,8,-1,0,HEFT,38475.566140296,3694121.734087581,6.038560971113232e-05,0.9999891306493235,0.1384052455873602
100,0.1,1,8,-1,0,GA,38489.519343164,3695465.178926019,6.089431295545688e-05,0.9999890390837382,0.37640139502096187
100,0.1,1,8,-1,1,HEFT,38491.210111145,3695684.8243399486,6.830150775555618e-05,0.9999877058041768,0.17065250507308768
100,0.1,1,8,-1,1,GA,38503.27418756,3696834.5719011696,6.72157487610093e-05,0.9999879012384123,0.5000275431704765
100,0.1,1,8,-1,2,HEFT,38504.847049296,3696947.6683464865,6.23193299833171e-05,0.9999887825835182,0.2829930097573754
100,0.1,1,8,-1,2,GA,38517.121163383,3698126.390332927,6.237191836678701e-05,0.9999887731177142,0.3663225629789599
100,0.1,2,8,-1,0,HEFT,38518.591043992,3698552.8212970514,9.923528085524192e-05,0.9999821378089756,0.24425976241649627
100,0.1,2,8,-1,0,GA,38528.4835658,3699425.065723051,8.923041424427033e-05,0.9999839386544191,0.5510741547766124
100,0.1,2,8,-1,1,HEFT,38529.835151678,3699506.9623491173,8.304751783317543e-05,0.9999850515585175,0.24214422538370645
100,0.1,2,8,-1,1,GA,38540.058028201,3700526.7053441103,8.800189106130145e-05,0.9999841597850654,0.6584894558285123
100,0.1,2,8,-1,2,HEFT,38541.457897038,3700719.5773894535,9.555804571128748e-05,0.999982799699698,0.37778526972901616
100,0.1,2,8,-1,2,GA,38551.061716675,3701685.231725617,0.00010120244506672154,0.9999817837258047,0.35001391637194856
100,0.1,4,8,-1,0,HEFT,38552.315688221,3701850.7462678906,0.000107033617399793,0.9999807341344567,0.4535346809389452
100,0.1,4,8,-1,0,GA,38561.314307653,3702735.2362213125,0.00010969802152766433,0.999980254551069,0.5769556545426807
100,0.1,4,8,-1,1,HEFT,38562.640055912,3702891.171275741,0.00011340128012776001,0.9999795879779042,0.35458047762795836
100,0.1,4,8,-1,1,GA,38571.876216588,3703755.8512168303,0.00011056000315006209,0.9999800993974506,0.5072206928934716
100,0.1,4,8,-1,2,HEFT,38573.193605981,3703947.334672328,0.00011895975428318101,0.9999785874734793,0.373928393451014
100,0.1,4,8,-1,2,GA,38582.592037804,3704857.9457003344,0.00012004006087206816,0.9999783930224772,0.4418981015716215
100,0.5,0.8,8,-1,0,HEFT,38584.63479815,3704684.541222795,7.229981917246025e-05,0.9999869861172288,0.19934540409340165
100,0.5,0.8,8,-1,0,GA,38597.420288526,3705898.964979425,7.062238771690722e-05,0.9999872880510068,0.4739358394418643
100,0.5,0.8,8,-1,1,HEFT,38599.249603434,3706108.2653337475,7.497460001080374e-05,0.9999865046630605,0.3271638280820928
100,0.5,0.8,8,-1,1,GA,38612.347038827,3707339.9470515763,7.165779382222456e-05,0.9999871016802954,0.3370603073455207
100,0.5,0.8,8,-1,2,HEFT,38614.287702093,3707435.7229094785,5.996169361116901e-05,0.9999892069533948,0.3209630839752677
100,0.5,0.8,8,-1,2,GA,38628.961808791,3708871.5119471718,6.345972910025416e-05,0.9999885773140004,0.37648458012400177
100,0.5,1,8,-1,0,HEFT,38630.58128543,3709026.8266311204,6.343969377780417e-05,0.9999885809203172,0.1673313822352553
100,0.5,1,8,-1,0,GA,38643.302114963,3710251.5755661824,6.389825965561613e-05,0.9999884983794046,0.4459857354192196
100,0.5,1,8,-1,1,HEFT,38644.927771002,3710423.8690871913,6.59952288112739e-05,0.9999881209293694,0.2601641644937499
100,0.5,1,8,-1,1,GA,38657.472165677,3711645.144923892,6.81934132945672e-05,0.9999877252609408,0.46406706083076527
100,0.5,1,8,-1,2,HEFT,38659.154420408,3711775.5805878732,6.418039130565174e-05,0.9999884475962936,0.17178622089855483
100,0.5,1,8,-1,2,GA,38671.780988717,3712994.1411335645,6.500855513339856e-05,0.9999882985285368,0.449347739710738
100,0.5,2,8,-1,0,HEFT,38673.21434769,3713370.735465441,9.588605777785739e-05,0.999982740658542,0.4077837481428463
100,0.5,2,8,-1,0,GA,38683.877638425,3714257.9188425057,7.825136352787215e-05,0.999985914853761,0.5389120018689025
100,0.5,2,8,-1,1,HEFT,38685.35314471,3714486.216524369,8.944633491074556e-05,0.9999838997893253,0.40862712534104306
100,0.5,2,8,-1,1,GA,38695.702440084,3715410.1878716964,8.045912450029896e-05,0.999985517462461,0.7921020084820825
100,0.5,2,8,-1,2,HEFT,38697.039443364,3715518.6532913265,7.788975818891939e-05,0.9999859799418068,0.27740982478118903
100,0.5,2,8,-1,2,GA,38706.649115656,3716460.5094340346,8.038686447786557e-05,0.999985530469077,0.34986430222128917
100,0.5,4,8,-1,0,HEFT,38708.00404437,3716848.066075224,0.00011365346456126038,0.9999795425856339,0.4078381155915617
100,0.5,4,8,-1,0,GA,38717.547734991,3717700.052523288,0.0001053578765053923,0.9999810357620508,0.6457683694101167
100,0.5,4,8,-1,1,HEFT,38718.896030678,3717835.689251455,0.00010615895431098276,0.9999808915707913,0.1869315508223
100,0.5,4,8,-1,1,GA,38728.263046507,3718751.168770761,0.00010825792068333411,0.9999805137641343,0.5108272641894953
100,0.5,4,8,-1,2,HEFT,38729.597929038,3718932.724546293,0.00011515805667242805,0.9999792717646315,0.3995927507781429
100,0.5,4,8,-1,2,GA,38738.673082617,3719714.417360556,0.00010359191593326815,0.9999813536289774,0.6735511621830048
100,0.8,0.8,8,-1,0,HEFT,38740.852954475,3719647.560674293,6.79169308389343e-05,0.9999877750271736,0.28532286878700974
100,0.8,0.8,8,-1,0,GA,38754.326155547,3720925.5671355305,6.592457403340733e-05,0.9999881336470786,0.6414831379582356
100,0.8,0.8,8,-1,1,HEFT,38756.145091238,3721096.1626392254,6.540489410557105e-05,0.9999882271883602,0.3402932410783042
100,0.8,0.8,8,-1,1,GA,38769.344172738,3722382.0736682257,6.783373196093533e-05,0.9999877900027888,0.7300523138395585
100,0.8,0.8,8,-1,2,HEFT,38771.294181382,3722559.3493606457,6.655141446689312e-05,0.9999880208171453,0.17556110046479173
100,0.8,0.8,8,-1,2,GA,38784.605990041,3723837.9146774723,6.663302758869475e-05,0.9999880061269599,0.5603788387731802
100,0.8,1,8,-1,0,HEFT,38786.348283377,3724000.9439638844,6.60864030610052e-05,0.9999881045181992,0.32051159181694083
100,0.8,1,8,-1,0,GA,38800.388303187,3725343.0953876316,6.535119918339155e-05,0.9999882368533323,0.4562066450564781
100,0.8,1,8,-1,1,HEFT,38802.001047283,3725493.488308278,6.477878153867398e-05,0.9999883398873013,0.26141698352356063
100,0.8,1,8,-1,1,GA,38814.366556069,3726666.626081018,6.297631762200682e-05,0.9999886643270757,0.5809002974309595
100,0.8,1,8,-1,2,HEFT,38816.134632472,3726832.1632416006,6.243391786677724e-05,0.9999887619579291,0.2370106926142773
100,0.8,1,8,-1,2,GA,38829.333157679,3728104.2301603453,6.308101074440251e-05,0.9999886454825285,0.4564138078927892
100,0.8,2,8,-1,0,HEFT,38830.766047586,3728535.691252787,0.00010105306001690527,0.9999818106146241,0.4712524857180559
100,0.8,2,8,-1,0,GA,38840.821348404,3729407.4746066676,8.896965889972408e-05,0.9999839855896293,0.6249412011901788
100,0.8,2,8,-1,1,HEFT,38842.2750285,3729538.762846236,8.790182302788404e-05,0.9999841777970254,0.4117792257382297
100,0.8,2,8,-1,1,GA,38852.394868573,3730526.9419019213,9.005613939447762e-05,0.9999837900262902,0.8801841353623
100,0.8,2,8,-1,2,HEFT,38853.869304443,3730649.8887116723,8.765316345541375e-05,0.9999842225550423,0.24858096835354715
100,0.8,2,8,-1,2,GA,38864.593660838,3731673.4922673516,8.68864117446113e-05,0.999984360568182,0.6174854600566287
100,0.8,4,8,-1,0,HEFT,38866.04441989,3732056.911715573,0.0001184298974332099,0.9999786828456738,0.5959387801251387
100,0.8,4,8,-1,0,GA,38875.644349165,3732836.3584644212,0.00010006472152211547,0.9999819885123348,0.5129099061406471
100,0.8,4,8,-1,1,HEFT,38876.950179779,3732999.882883079,0.0001049955586944432,0.9999811009780226,0.646970424355187
100,0.8,4,8,-1,1,GA,38886.849096425,3733958.519494476,0.00010607315732239739,0.9999809070139537,0.7574320976370639
100,0.8,4,8,-1,2,HEFT,38888.21360361,3734210.3994202,0.00012169166326097588,0.9999780957405138,0.4177020917920929
100,0.8,4,8,-1,2,GA,38897.56679029,3735131.242930039,0.00012465517599464674,0.9999775623200481,0.7733471279270423
100,1,0.8,8,-1,0,HEFT,38899.684032483,3734890.492573726,6.729011051138513e-05,0.9999878878534597,0.26482048230308075
100,1,0.8,8,-1,0,GA,38912.020930971,3736045.7673104294,6.353461721102779e-05,0.9999885638342944,0.2774979849551386
100,1,0.8,8,-1,1,HEFT,38913.953024507,3736243.5002379613,6.511755623901586e-05,0.9999882789085671,0.36363103561794596
100,1,0.8,8,-1,1,GA,38927.239374596,3737498.240409742,6.243675045556706e-05,0.9999887614480697,0.4431005621069703
100,1,0.8,8,-1,2,HEFT,38929.240410879,3737733.758462606,6.804638478323694e-05,0.9999877517257484,0.4603194280254235
100,1,0.8,8,-1,2,GA,38942.357524298,3739005.6245276667,6.967728618324651e-05,0.9999874581671357,0.35093295768125393
100,1,1,8,-1,0,HEFT,38944.104356168,3739183.711440301,7.101979950558517e-05,0.9999872165177974,0.3111948954267886
100,1,1,8,-1,0,GA,38955.863901698,3740337.2257339275,7.419782570015943e-05,0.9999866444805583,0.46406299796999834
100,1,1,8,-1,1,HEFT,38957.682438261,3740452.2014569063,6.649707801686114e-05,0.9999880305975893,0.20450782423116742
100,1,1,8,-1,1,GA,38971.588961174,3741732.2121030428,5.938912536682134e-05,0.9999893100145707,0.3823411681815919
100,1,1,8,-1,2,HEFT,38973.38902412,3741905.544381793,5.945711450557509e-05,0.9999892977766576,0.2618716386160128
100,1,1,8,-1,2,GA,38986.044534153,3743174.541311173,6.644263985589431e-05,0.9999880403963409,0.19619688707131588
100,1,2,8,-1,0,HEFT,38987.467174814,3743516.4714733358,9.297450790585975e-05,0.9999832647286125,0.3553262414218331
100,1,2,8,-1,0,GA,38997.387084357,3744440.7803464457,8.935662121107775e-05,0.999983915937531,0.6252560372795828
100,1,2,8,-1,1,HEFT,38998.888900576,3744523.3693649448,8.139985912776966e-05,0.9999853481326965,0.18171574348426742
100,1,2,8,-1,1,GA,39009.776028095,3745552.3922186084,7.931440846102002e-05,0.9999857235083862,0.48327659301554426
100,1,2,8,-1,2,HEFT,39011.274686358,3745745.627551737,8.569220431119095e-05,0.9999845755221816,0.2402328692183567
100,1,2,8,-1,2,GA,39021.803563481,3746841.66121128,9.670789626668718e-05,0.999982592730179,0.2983364772455629
100,1,4,8,-1,0,HEFT,39023.185868371,3747112.2772586057,0.0001145263430219024,0.9999793854707367,0.27803608922469397
100,1,4,8,-1,0,GA,39033.019096883,3748121.7306694984,0.00012298415616674498,0.9999778630969136,0.5001736358462681
100,1,4,8,-1,1,HEFT,39034.455029002,3748194.4131107777,0.00011456464167774053,0.9999793785771218,0.34803762078925593
100,1,4,8,-1,1,GA,39044.404200498,3749294.5781149436,0.00013330424639995423,0.9999760055235194,1.04229313481116
100,1,4,8,-1,2,HEFT,39045.803823564,3749379.4537916323,0.00012691043016651142,0.9999771563834878,0.38506936253616453
100,1,4,8,-1,2,GA,39055.307311801,3750153.0791655057,0.0001089893065387312,0.9999803821172548,0.8369099001059032
100,2,0.8,8,-1,0,HEFT,39057.668049946,3750080.623462068,7.034763142789113e-05,0.9999873375065117,0.5990530027777545
100,2,0.8,8,-1,0,GA,39070.951633643,3751316.392188264,6.525004632243913e-05,0.9999882550606338,0.4801642384153483
100,2,0.8,8,-1,1,HEFT,39073.06942336,3751526.5948591414,6.614085485549973e-05,0.9999880947169936,0.23957124291204052
100,2,0.8,8,-1,1,GA,39086.094766109,3752797.568686531,6.879472093888681e-05,0.9999876170268993,0.3851689566277189
100,2,0.8,8,-1,2,HEFT,39088.058787871,3752940.0646296786,6.284508967219153e-05,0.9999886879478402,0.35758635438091235
100,2,0.8,8,-1,2,GA,39102.374045462,3754331.5466338787,6.506954386653282e-05,0.9999882875506945,0.7580678827017079
100,2,1,8,-1,0,HEFT,39104.296024445,3754529.960566835,6.686591991144977e-05,0.9999879642068451,0.3622852273715335
100,2,1,8,-1,0,GA,39117.24661799,3755744.5421970943,6.316109432223636e-05,0.9999886310676481,0.49117519655265557
100,2,1,8,-1,1,HEFT,39119.277273556,3755890.781921547,5.686868994457149e-05,0.9999897636882004,0.36203539719473476
100,2,1,8,-1,1,GA,39133.440214801,3757259.1689083423,5.799848675018843e-05,0.9999895603268771,0.34400009202456655
100,2,1,8,-1,2,HEFT,39135.409317568,3757475.5615916965,6.153321772196957e-05,0.9999889240821467,0.2821021700798187
100,2,1,8,-1,2,GA,39148.89414325,3758799.5263665337,6.533444632219067e-05,0.9999882398688115,0.584234339988928
100,2,2,8,-1,0,HEFT,39150.594778761,3759224.886097664,9.919733031108788e-05,0.999982144639952,0.5043285343361104
100,2,2,8,-1,0,GA,39161.346861726,3760235.8068780117,9.644808169452718e-05,0.9999826394959895,0.8156081892864857
100,2,2,8,-1,1,HEFT,39163.159226731,3760668.745810352,0.00012990439847235393,0.9999766174816489,0.6500765937903692
100,2,2,8,-1,1,GA,39173.689346594,3761665.082195813,0.00012802389183319367,0.9999769559649864,0.7993942543682945
100,2,2,8,-1,2,HEFT,39175.439264252,3761656.578092173,0.00010522076537219821,0.9999810604415875,0.345526888056401
100,2,2,8,-1,2,GA,39186.548990008,3762668.9398556747,9.822181071148306e-05,0.999982320230359,0.7223050284007796
100,2,4,8,-1,0,HEFT,39188.172853538,3763200.6115775127,0.00014677230463364848,0.9999735813341438,0.7662867105256396
100,2,4,8,-1,0,GA,39198.483166395,3764187.196527705,0.00014635821108333606,0.9999736558690168,1.1017389571158063
100,2,4,8,-1,1,HEFT,39199.91681061,3764188.6959569417,0.00012877030211655237,0.999976821614241,0.46347251346422946
100,2,4,8,-1,1,GA,39208.68637587,3765066.053373637,0.00013335417184979532,0.9999759965371539,1.0006710049550058
100,2,4,8,-1,2,HEFT,39210.373425535,3765352.1895281374,0.00014939802025554753,0.9999731087179294,0.5297375133613638
100,2,4,8,-1,2,GA,39220.348026156,3766308.953552417,0.000149294966594405,0.9999731272670898,1.0843191090508675
100,5,0.8,8,-1,1,HEFT,39223.2911511,3766036.236468238,7.755632592222051e-05,0.9999860399587752,0.39084798420236105
100,5,0.8,8,-1,1,GA,39237.46214897,3767473.964521055,8.754498965568524e-05,0.999984242026019,0.5552184113074962
100,5,0.8,8,-1,2,HEFT,39240.183626757,3767549.0987218786,6.349748749441157e-05,0.999988570517567,0.7048671444545734
100,5,0.8,8,-1,2,GA,39254.696028785,3768973.298172649,6.750379964978493e-05,0.9999878493898815,0.50048061389561
100,5,1,8,-1,0,HEFT,39257.270402222,3769234.8088246593,6.936049242212903e-05,0.9999875151892991,0.5653835341354683
100,5,1,8,-1,0,GA,39271.36460386,3770596.5933478563,7.048984202794803e-05,0.9999873119089285,0.8136223213062835
100,5,1,8,-1,1,HEFT,39273.962985679,3770974.5766864363,8.709690713860456e-05,0.9999843226796046,0.4225025161561666
100,5,1,8,-1,1,GA,39288.004077118,3772347.8138267957,9.036465419477382e-05,0.9999837344945287,0.5756497852387187
100,5,1,8,-1,2,HEFT,39290.768155504,3772558.8638242157,8.334895294982643e-05,0.9999849973010088,0.7973610647750009
100,5,1,8,-1,2,GA,39305.573048176,3773993.340960839,8.505534056118147e-05,0.999984690155895,0.49883850644164207
100,5,2,8,-1,0,HEFT,39307.808084821,3774583.248528744,0.00013354940386662849,0.9999759613962347,0.6016704207418033
100,5,2,8,-1,0,GA,39318.544544758,3775551.5456779283,0.0001254870001499512,0.9999774125950716,0.8608997451338789
100,5,2,8,-1,1,HEFT,39320.787820983,3775724.8826532084,0.00012005837711116732,0.9999783897256247,0.6635045836572192
100,5,2,8,-1,1,GA,39332.047281842,3776705.051261588,0.00010704292051110921,0.9999807324599279,0.5428114752052977
100,5,2,8,-1,2,HEFT,39334.663029199,3777464.827397188,0.00017276183386097222,0.9999689033534148,1.0499018837910028
100,5,2,8,-1,2,GA,39345.972416075,3778281.820579159,0.00013804504340554963,0.9999751522008984,0.904651657258262
100,5,4,8,-1,0,HEFT,39348.300483295,3778790.11569289,0.00017484099438883682,0.9999685291162281,0.9000073590593637
100,5,4,8,-1,0,GA,39358.774647439,3779753.600795036,0.00016941016032194763,0.9999695066360724,1.7425289662375385
100,5,4,8,-1,1,HEFT,39361.044549961,3780237.7188074635,0.00020380387741699652,0.9999633159749381,0.47910055163642323
100,5,4,8,-1,1,GA,39371.661213518,3781235.091953216,0.00020098390897781225,0.9999638235507661,0.948562180541189
100,5,4,8,-1,2,HEFT,39373.938712633,3781491.708775956,0.00020589048620006198,0.9999629403992064,0.9702656256535195
100,5,4,8,-1,2,GA,39384.430156577,3782509.2260408006,0.00020722622860573918,0.999962699974513,0.9844383362139116
100,8,0.8,8,-1,0,HEFT,39388.296036183,3782073.3966663703,0.00010296862956108979,0.9999814658184368,0.6360194965335383
100,8,0.8,8,-1,0,GA,39402.612416002,3783514.310451009,0.00011156569958879523,0.9999799183757118,1.0616017871802237
100,8,0.8,8,-1,1,HEFT,39406.370489316,3783759.367075025,9.661500008894816e-05,0.9999826094512005,1.028869341600861
100,8,0.8,8,-1,1,GA,39422.155135539,3785275.0431986507,9.666023086651372e-05,0.9999826013098024,0.5329063780803478
100,8,0.8,8,-1,2,HEFT,39425.39395884,3785655.402363584,0.00010563079004439513,0.9999809866385468,0.5933043346674999
100,8,0.8,8,-1,2,GA,39439.456156555,3787015.6856252076,0.00010696312608884505,0.9999807468226475,0.8212765461758924
100,8,1,8,-1,0,HEFT,39442.961503684,3787276.6638914114,9.720407464438823e-05,0.9999825034196299,0.8812881126673529
100,8,1,8,-1,0,GA,39456.712902735,3788618.852290266,0.00010005344027211121,0.9999819905429222,0.7332823859377723
100,8,1,8,-1,1,HEFT,39460.289888969,3788867.729993033,8.784246149997569e-05,0.9999841884819318,0.882636538668701
100,8,1,8,-1,1,GA,39476.335158343,3790427.966812934,9.041235297235188e-05,0.999983725908888,0.7508775872493257
100,8,1,8,-1,2,HEFT,39480.061865526,3790819.030977157,9.471471403893601e-05,0.9999829514967982,1.284765028493726
100,8,1,8,-1,2,GA,39494.842689956,3792308.432504641,0.0001038157970110155,0.9999813133311345,0.5597695605802432
100,8,2,8,-1,0,HEFT,39497.933407444,3792992.157796932,0.00015381791761089213,0.9999723131581161,1.1387385062593507
100,8,2,8,-1,0,GA,39510.164638504,3794347.6753053134,0.00017724418720014605,0.9999680965552286,1.242279736537774
100,8,2,8,-1,1,HEFT,39513.318459804,3795177.1679430464,0.00024529661522772385,0.9999558475840049,1.1362056652582972
100,8,2,8,-1,1,GA,39525.471351596,3796428.0226128185,0.0002561722040829207,0.999953890066359,2.229997223679219
100,8,2,8,-1,2,HEFT,39528.675414044,3796178.848379329,0.00018423884122797365,0.9999668375584639,1.594697154163167
100,8,2,8,-1,2,GA,39541.600442531,3797436.3109354796,0.00018639127293325957,0.9999664501336807,2.3148129312105965
100,8,4,8,-1,0,HEFT,39544.413278313,3798001.2015243676,0.00022448666748318323,0.9999595932162281,0.4086226554820868
100,8,4,8,-1,0,GA,39555.346801043,3799235.321558528,0.00024832411607235877,0.9999553026580614,1.2318915254767069
100,8,4,8,-1,1,HEFT,39558.281924973,3799162.5317667825,0.00020251511232228142,0.9999635479441732,1.1631651249093016
100,8,4,8,-1,1,GA,39569.065183309,3800817.0827465365,0.00028253554894993915,0.9999491448943527,1.1867975019476762
100,8,4,8,-1,2,HEFT,39571.939872527,3800533.4369764547,0.00021023374856106076,0.9999621586412608,1.4141702344042362
100,8,4,8,-1,2,GA,39583.039032396,3801828.805576101,0.00023993003437782238,0.9999568135263733,1.873424480581824
100,10,0.8,8,-1,1,HEFT,39587.173997223,3801211.3995751934,0.00010887543175522297,0.9999804026143142,0.7941227846469783
100,10,0.8,8,-1,1,GA,39602.945091555,3802745.9326182716,0.00011152504250543037,0.9999799256938395,1.1045470731733993
100,10,0.8,8,-1,2,HEFT,39607.210145227,3803434.730195818,0.00014761708708344184,0.9999734292773316,1.3621814380288682
100,10,0.8,8,-1,2,GA,39623.5343554,3805121.01139344,0.00016301205103874154,0.999970658261289,1.677406282680839
100,10,1,8,-1,0,HEFT,39627.768534814,3805119.0428158604,0.00011024075887811099,0.9999801568602786,1.1897190363803265
100,10,1,8,-1,0,GA,39642.985406963,3806613.1147852167,0.00011453691431112627,0.9999793835679441,1.1006477587188033
100,10,1,8,-1,1,HEFT,39647.319903411,3807128.7088046633,0.00012738993245568257,0.9999770700750511,0.9763996050122628
100,10,1,8,-1,1,GA,39663.297023254,3808689.5262293904,0.0001308801029723529,0.9999764418589615,1.3175623967168997
100,10,1,8,-1,2,HEFT,39668.587029279,3809360.845242412,0.00015200134775550397,0.9999726401316904,0.8178115749667894
100,10,1,8,-1,2,GA,39686.183301317,3811065.6109436355,0.00015400697896681475,0.9999722791280153,1.3025985150273554
100,10,2,8,-1,0,HEFT,39689.960919099,3811990.859989027,0.00022669402526136965,0.999959195907961,2.3105057006285494
100,10,2,8,-1,0,GA,39702.462858051,3813342.028170975,0.00024620074910579006,0.9999556848471054,1.859618390172064
100,10,2,8,-1,1,HEFT,39706.664105329,3813351.249258701,0.0001952836107386247,0.9999648495678561,1.0728855591863102
100,10,2,8,-1,1,GA,39720.447455927,3814947.468378956,0.0002305571847498666,0.9999585005678696,2.1298825838646653
100,10,2,8,-1,2,HEFT,39723.877529842,3815392.858188141,0.0002455575353112282,0.9999558006204646,1.7769382930285125
100,10,2,8,-1,2,GA,39735.655188539,3817087.1881217826,0.0003183837237776364,0.9999426925718526,1.7320798201004841
100,10,4,8,-1,0,HEFT,39739.097347742,3816963.4063953506,0.0002596978051833301,0.9999532554876246,1.4321224464401905
100,10,4,8,-1,0,GA,39750.485149193,3817909.5274513084,0.0002406916187054675,0.9999566764471235,2.0891059889595947
100,10,4,8,-1,1,HEFT,39754.183883098,3818472.291908865,0.0002675244355887521,0.9999518467609979,1.2549251331442577
100,10,4,8,-1,1,GA,39766.426636602,3819740.3444562266,0.00027950740858327156,0.9999496899320476,1.8740610466512035
100,10,4,8,-1,2,HEFT,39770.005457329,3820080.586731121,0.0002790778846946422,0.9999497672424613,1.3931277117531065
100,10,4,8,-1,2,GA,39781.129091799,3821006.044724989,0.00026067854163892563,0.9999530789633311,1.5285203932774187
