n,ccr,shape,P,outdeg,rep,algo,makespan,energy,cost,reliability,load_balance
10,0.1,0.8,4,-1,0,HEFT,24.06846612152033,3432.813913949535,0.00029425420414942635,0.999947035645914,5.4914084895180455
10,0.1,0.8,4,-1,0,GA,26.089855557045485,3306.150644826113,0.00026535369225942244,0.9999522374760591,8.093396217937864
10,0.1,0.8,8,-1,0,HEFT,17.76946171878974,3146.3808764648184,0.00018611273274689967,0.999966500269234,5.644617314830116
10,0.1,0.8,8,-1,0,GA,20.211661380730227,3490.658163439163,0.0002003021538616358,0.9999639462622566,3.312408331703106
10,0.1,0.8,8,-1,1,HEFT,19.404566421405683,3401.964645966507,0.0001988535231927082,0.9999642070064098,5.353656145301028
10,0.1,0.8,8,-1,1,GA,19.404566421405683,3419.474404178185,0.0002011157658557157,0.9999637998173883,3.7506100268128764
10,0.1,0.8,8,-1,2,HEFT,23.859389900493344,4393.615447730252,0.00027172015727169136,0.9999510915677475,7.01661414056267
10,0.1,0.8,8,-1,2,GA,23.859389900493344,4409.048461521449,0.0002737140867020786,0.999950732678068,5.622802331912812
10,0.1,0.8,16,-1,0,HEFT,14.734086788880054,4080.10862521318,0.00016164909066514332,0.9999709035869891,3.4119628956555585
10,0.1,0.8,16,-1,0,GA,15.558245037565282,4377.649638528441,0.00017964684642324377,0.9999676640904606,2.594623803964133
10,0.1,0.8,16,-1,1,HEFT,19.6831153502865,5563.764348812289,0.00023056927668698733,0.9999584983914119,4.703369431490732
10,0.1,0.8,16,-1,1,GA,20.747784592804088,5861.328152139045,0.0002426038127029277,0.9999563322671768,3.687558380588577
10,0.1,0.8,16,-1,2,HEFT,20.96644505433871,6145.795921776796,0.0002739326190366619,0.9999506933441866,3.7592545794794736
10,0.1,0.8,16,-1,2,GA,21.18125585278236,6222.022680186712,0.0002784523974744831,0.9999498798245127,3.1244903502473593
10,0.1,0.8,32,-1,0,HEFT,17.464146234799713,8429.851485174955,0.00022268983604804477,0.9999599166328706,2.7950496116747314
10,0.1,0.8,32,-1,0,GA,18.417150116875305,8867.154893322031,0.00023190817163332237,0.9999582574003525,2.2465592753891164
10,0.1,0.8,32,-1,1,HEFT,17.769567061366544,8625.136876732251,0.00023276784562887572,0.9999581026655046,2.84024001177698
10,0.1,0.8,32,-1,1,GA,18.553828754280357,9035.094002577545,0.00024682477531445585,0.9999555725273727,2.1382501390306046
10,0.1,0.8,32,-1,2,HEFT,16.05274355595853,7554.78215211455,0.00017965486132125,0.9999676626478256,2.342375711634215
10,0.1,0.8,32,-1,2,GA,20.433089644881598,9576.930073414878,0.00022359478679332616,0.9999597537482793,2.099395540996447
10,0.1,1,4,-1,2,HEFT,17.774845291923935,2594.1078207855385,0.0002249244504874922,0.9999595144184757,0.5891605831902332
10,0.1,1,4,-1,2,GA,21.639448409013475,2674.5332874293,0.00021134880669207404,0.9999619579384129,4.029534218304232
10,0.1,1,8,-1,0,HEFT,22.739418852659362,4460.988081567857,0.00029431574569929703,0.9999470245690217,5.212754823342697
10,0.1,1,8,-1,0,GA,22.739418852659362,4428.871172378411,0.00029016627422779223,0.999947771434598,5.558467652277852
10,0.1,1,8,-1,1,HEFT,17.68913245419371,3407.694308386683,0.00022087049002378383,0.9999602441020823,4.406036467036804
10,0.1,1,8,-1,1,GA,19.02465116060715,3612.7512257600647,0.0002307990587004881,0.9999584570323671,3.827036884987668
10,0.1,1,8,-1,2,HEFT,16.579163390620742,3456.0095492599476,0.00024087982735921916,0.9999566425710361,3.7769496690954165
10,0.1,1,8,-1,2,GA,19.957536016907063,3754.5267958130016,0.00023754565092893066,0.9999572426969524,3.5562590296156844
10,0.1,1,16,-1,0,HEFT,17.709723104474964,5227.863261025392,0.0002361235691170799,0.9999574986607661,4.965396088848715
10,0.1,1,16,-1,0,GA,22.188709237363625,6471.80996758282,0.0002857335651174424,0.9999485692808835,3.489793584651239
10,0.1,1,16,-1,1,HEFT,12.689316158139121,4011.361377520299,0.00020349000971028265,0.9999633724690568,2.531134756118088
10,0.1,1,16,-1,1,GA,15.201147633018198,4708.445497947303,0.0002312435597426109,0.9999583770255066,2.7756574221511823
10,0.1,1,16,-1,2,HEFT,16.820340435346473,4763.691731010147,0.0001982152929487888,0.9999643218837484,3.4963444434807083
10,0.1,1,16,-1,2,GA,18.544729839831305,5300.88010076869,0.0002248439239691317,0.999959528912662,3.2402231997705004
10,0.1,1,32,-1,1,HEFT,14.893910807420184,7044.409665972026,0.00017120774107528102,0.9999691830814575,2.2602363424078487
10,0.1,1,32,-1,1,GA,17.62702257455002,8435.720000913596,0.0002153673555925568,0.9999612346273898,2.0732298621404017
10,0.1,1,32,-1,2,HEFT,12.583244311364862,5965.20306495244,0.00014641308131632224,0.9999736459926362,2.0439708736422255
10,0.1,1,32,-1,2,GA,15.05504467409233,7104.5217368388585,0.00017097992015341145,0.9999692240879607,1.6898141130521667
10,0.1,2,4,-1,0,HEFT,15.103009947503736,2712.455998498266,0.00025678443424006293,0.9999537798700201,2.3528100001109777
10,0.1,2,4,-1,0,GA,15.103009947503736,2596.4039174240934,0.0002417906253157512,0.9999564786345253,4.947790084930775
10,0.1,2,4,-1,1,HEFT,16.679906843633315,3180.35295025275,0.00030745703123492905,0.9999446592657327,2.139089135837918
10,0.1,2,4,-1,1,GA,17.60703054556093,3110.290798341281,0.00029265546927058865,0.9999473234029921,4.283781313045848
10,0.1,2,4,-1,2,HEFT,15.66863831713455,3213.427648514305,0.00031800168078706034,0.9999427613356532,1.0041608867207168
10,0.1,2,4,-1,2,GA,17.783331088263203,3105.4278190683635,0.0002909338406759341,0.9999476332798631,4.924449594874104
10,0.1,2,8,-1,0,HEFT,10.078690974938688,2431.592832122325,0.00018915226079175852,0.999965953172664,3.1549192746067423
10,0.1,2,8,-1,0,GA,11.086352376695608,2554.46462275889,0.00019252904322947177,0.999965345372704,2.8400027577365305
10,0.1,2,8,-1,1,HEFT,12.427893966146065,2877.953377445254,0.00021768418045158033,0.9999608176151683,3.4905362646101117
10,0.1,2,8,-1,1,GA,12.544782744215013,2759.3833042637048,0.000200915266255693,0.9999638359060106,3.727970318292391
10,0.1,2,8,-1,2,HEFT,11.64734584722424,2903.697771595902,0.00023069154654552644,0.9999584763837511,3.191115960374253
10,0.1,2,8,-1,2,GA,11.478887280538984,2834.4535123014366,0.00022383466839401734,0.9999597105713298,3.6528784636315996
10,0.1,2,16,-1,0,HEFT,13.324805567212113,4357.728820678074,0.00023247624699914072,0.9999581551510603,3.5194809912411857
10,0.1,2,16,-1,0,GA,13.324805567212113,4551.501028091136,0.0002575114159155569,0.999953649019375,3.4661300566805835
10,0.1,2,16,-1,1,HEFT,12.228066259108417,4010.7776021377467,0.00021485644449469388,0.9999613265878267,3.364246420071102
10,0.1,2,16,-1,1,GA,12.228066259108417,4045.2519158806526,0.00021931049019791176,0.999960524890927,2.6531935640938387
10,0.1,2,16,-1,2,HEFT,10.627945926974384,3851.0762713826934,0.00023391610509090592,0.9999578959874825,3.402683464873979
10,0.1,2,16,-1,2,GA,11.497945539959431,4058.4397059355774,0.00023912586075754084,0.9999569582713854,2.9244753557235987
10,0.1,2,32,-1,0,HEFT,10.329605166305896,5477.310859254882,0.000195186366329899,0.9999648670712362,2.325187833674821
10,0.1,2,32,-1,0,GA,10.948622996526424,5844.2738744389735,0.00021188664648227732,0.9999618611309384,2.116048153793525
10,0.1,2,32,-1,1,HEFT,9.231985418560647,4844.275939609142,0.00016785446238783635,0.9999697866532024,1.8763837856754764
10,0.1,2,32,-1,1,GA,11.158658355168905,5844.265498125552,0.00020146520539285435,0.9999637369205506,1.9052581435431433
10,0.1,2,32,-1,2,HEFT,10.129030373839388,5287.303709384196,0.00018058863641212807,0.9999674945737586,2.023603861750269
10,0.1,2,32,-1,2,GA,10.904322435314857,5856.074311490453,0.00021560910805291312,0.9999611911136348,1.9989571071197416
10,0.1,4,4,-1,0,HEFT,16.57834773244463,3329.873260625447,0.00032740472473748123,0.9999410688860535,1.5729516508932753
10,0.1,4,4,-1,0,GA,20.481815009596595,3355.222954738213,0.0003064723300100228,0.9999448365021598,3.5172951135295327
10,0.1,4,4,-1,1,HEFT,13.01053512950017,2395.3188693850125,0.0002287872329675716,0.9999588191460206,1.3369169761306345
10,0.1,4,4,-1,1,GA,13.610232218613099,2316.9816894957967,0.00021494709857911725,0.9999613102707225,1.6136044660873883
10,0.1,4,4,-1,2,HEFT,15.136456619272508,2824.780972160881,0.00027108928351883733,0.9999512051194756,1.8831585760942673
10,0.1,4,4,-1,2,GA,15.136456619272508,2818.8433099299286,0.00027032214369571687,0.9999513431979155,2.1455094750953623
10,0.1,4,8,-1,0,HEFT,12.684025851958515,2544.8188130912445,0.0001714667094707012,0.9999691364685837,3.9584510901891687
10,0.1,4,8,-1,0,GA,12.72268816876402,2546.9633817875797,0.00017126425291811805,0.9999691729096394,1.9699089439274189
10,0.1,4,8,-1,1,HEFT,10.311951593229256,3062.7919401387403,0.0002678093781897586,0.9999517954738014,3.0103798915754374
10,0.1,4,8,-1,1,GA,10.931583065709445,2964.270213315627,0.00024739512131880106,0.9999554698696581,4.554309669828379
10,0.1,4,8,-1,2,HEFT,11.652275910136625,2993.469331878718,0.00024222879127979357,0.999956399768087,3.9980579549916895
10,0.1,4,8,-1,2,GA,11.812402098569601,2933.7414341372823,0.00023252594737397937,0.9999581462053674,4.2820339181154905
10,0.1,4,16,-1,0,HEFT,9.44578529983433,2981.2654853965664,0.0001508623653525032,0.9999728451429362,2.5741804484670108
10,0.1,4,16,-1,0,GA,9.798599737037057,3108.632222838653,0.00015856603014567682,0.9999714585218894,2.0091968897360757
10,0.1,4,16,-1,1,HEFT,12.160399137901171,3970.659084651137,0.00021135173774859337,0.9999619574108428,3.043210224885304
10,0.1,4,16,-1,1,GA,14.52401851617317,4726.572298577636,0.0002503825249964324,0.9999549321610864,2.960472898719204
10,0.1,4,16,-1,2,HEFT,12.064210510801544,4165.909775415169,0.00023896399965649514,0.9999569874051301,3.5453553479147053
10,0.1,4,16,-1,2,GA,12.064210510801544,4303.5238712563405,0.00025674359860238286,0.9999537872200949,3.1671562085706926
10,0.1,4,32,-1,0,HEFT,10.53107198810942,5605.436060025398,0.00020174475666555295,0.9999636866031477,2.4305732454605673
10,0.1,4,32,-1,0,GA,12.615537474781812,6840.744407305925,0.00025792997635525967,0.9999535736819909,2.2904627173666463
10,0.1,4,32,-1,1,HEFT,8.257979504369363,4402.549280084431,0.0001591066085796635,0.9999713612205534,2.028488115880215
10,0.1,4,32,-1,1,GA,10.118793115988469,5410.495118977122,0.00019701273416505797,0.9999645383366302,1.8285065302215464
10,0.1,4,32,-1,2,HEFT,11.01487525421975,5674.698387678354,0.00018669073514960869,0.9999663962322922,2.1659394278619213
10,0.1,4,32,-1,2,GA,11.727950105894152,6311.376908024142,0.00023357158493033433,0.9999579579985023,2.3013115873797334
10,0.5,0.8,8,-1,1,HEFT,26.77078305273254,4838.483739313529,0.0002930863780686312,0.9999472458434973,8.029375729517914
10,0.5,0.8,8,-1,1,GA,26.813048853499282,4869.537785881928,0.0002965743018018085,0.9999466180505426,7.439084861443664
10,0.5,0.8,8,-1,2,HEFT,19.628735641211644,3207.71434498316,0.0001709761916572148,0.999969224759069,4.266028743239484
10,0.5,0.8,8,-1,2,GA,19.628735641211644,3178.513518861085,0.00016720347510397503,0.99996990382738,2.913706372928267
10,0.5,0.8,16,-1,1,HEFT,24.44962180736714,6495.560567234383,0.00023271746514468887,0.999958111733612,4.5960836470584425
10,0.5,0.8,16,-1,1,GA,24.788765725018646,6605.902767873751,0.00023856069104265774,0.9999570599975608,3.4990904152493303
10,0.5,0.8,32,-1,0,HEFT,19.426141753716315,8753.470592024918,0.00016716177759662197,0.9999699113327057,2.5240376795374044
10,0.5,0.8,32,-1,0,GA,24.867238473809216,11259.649778770348,0.00022101165437049203,0.9999602186935104,2.148560610795683
10,0.5,0.8,32,-1,2,HEFT,18.504514348352373,8809.522593162148,0.00022012778855230456,0.9999603777830413,3.4676285750574367
10,0.5,0.8,32,-1,2,GA,23.75489049591779,11329.714695169769,0.0002852502254182607,0.9999486562775588,2.5189651165745124
10,0.5,1,8,-1,2,HEFT,11.524916453360294,2380.1956244266644,0.00016457411432869204,0.9999703770981875,3.533800801848099
10,0.5,1,8,-1,2,GA,12.801284087552869,2548.195606596577,0.00017044862198856614,0.9999693197186915,2.833870519511554
10,0.5,1,16,-1,0,HEFT,18.018288320478284,5028.0595689163365,0.0002026548076724168,0.9999635227999283,4.479191495873176
10,0.5,1,16,-1,0,GA,22.34007252513323,6167.837521140267,0.00024270589099672954,0.9999563138938865,2.7236624778122978
10,0.5,1,16,-1,2,HEFT,18.908433114696606,5177.721517642923,0.00019990986558413102,0.9999640168716031,3.3832818464302634
10,0.5,1,16,-1,2,GA,18.89765979269582,5233.755725933726,0.0002074166725757273,0.999962665695879,3.109179622211206
10,0.5,1,32,-1,1,HEFT,19.24469841672962,8771.534965458919,0.0001784975159476414,0.999967870963278,3.037824807523743
10,0.5,1,32,-1,1,GA,25.095572340122615,11378.757306701962,0.00022507203205360176,0.9999594878548697,2.4652078582613624
10,0.5,1,32,-1,2,HEFT,14.97553455840072,6895.808741648049,0.0001479591048090663,0.9999733677157799,2.4200784101439736
10,0.5,1,32,-1,2,GA,21.20872596200685,9697.56872862393,0.00020069999473040055,0.9999638746534846,2.035962528923969
10,0.5,2,4,-1,0,HEFT,13.082560056626178,2527.471780371614,0.00024541458626014954,0.9999558263501576,1.6660204835909949
10,0.5,2,4,-1,0,GA,14.962768480045565,2338.5763540873822,0.000209349285147958,0.9999623178386637,4.401319214726624
10,0.5,2,4,-1,1,HEFT,20.794827559709525,4161.038437522684,0.0004086416944000809,0.999926447200148,1.3904085027444653
10,0.5,2,4,-1,1,GA,29.72544530166322,4497.187997236433,0.00039668819415459927,0.9999285986742483,3.309871079808053
10,0.5,2,4,-1,2,HEFT,15.13066932033206,2508.4343135468107,0.00023025351242517717,0.9999585552266219,3.732683890797179
10,0.5,2,4,-1,2,GA,14.741278325458328,2432.846702618762,0.0002229024990951889,0.9999598783550574,3.206397552182003
10,0.5,2,8,-1,0,HEFT,10.553057188299828,2692.0117034053783,0.0002169144978460717,0.9999609561526186,2.7470925791026604
10,0.5,2,8,-1,0,GA,11.640955443964945,2678.8178393694343,0.00020171655255152448,0.9999636916797038,3.296412613122912
10,0.5,2,8,-1,1,HEFT,13.661549610728745,3127.304695065044,0.0002345989576789515,0.9999577730791992,4.696063688565263
10,0.5,2,8,-1,1,GA,14.054341398314007,3136.8098814123427,0.00023095518180545196,0.9999584289313758,4.1214956042747035
10,0.5,2,8,-1,2,HEFT,16.118408449963866,3647.7004984972727,0.0002713608898321372,0.9999511562327261,5.302752757700145
10,0.5,2,8,-1,2,GA,16.8251922419989,3678.5250943230203,0.0002665770851538923,0.9999520172758802,4.349442296981934
10,0.5,2,16,-1,0,HEFT,15.093387825365195,5217.149995138909,0.0002996407664946759,0.9999460661165152,4.327407626797541
10,0.5,2,16,-1,0,GA,15.501463831018391,5413.194931637699,0.0003148467540157839,0.9999433291901281,4.103071286515508
10,0.5,2,16,-1,1,HEFT,10.712729722862566,3293.45168885975,0.00015976842145609007,0.9999712420976543,3.0354366412228684
10,0.5,2,16,-1,1,GA,11.81963514537847,3507.5965293525824,0.0001599775945012812,0.9999712044475897,2.3435061502420513
10,0.5,2,16,-1,2,HEFT,9.941736263376816,3233.307392612744,0.00017112325969565836,0.9999691982876372,2.8371605926515797
10,0.5,2,16,-1,2,GA,9.941736263376816,3232.3269815069384,0.00017099659159413306,0.9999692210871935,2.508678320291317
10,0.5,2,32,-1,0,HEFT,10.2415206467444,5524.072444259562,0.00020559799947153902,0.9999629930448694,2.3871592151175562
10,0.5,2,32,-1,0,GA,11.395249853297948,6199.433382375016,0.00023561465616390228,0.9999575902612088,2.288595354555192
10,0.5,2,32,-1,1,HEFT,13.034963594913501,6788.547371175016,0.00023037743549460352,0.999958532921394,2.684116574705528
10,0.5,2,32,-1,1,GA,13.72052550007934,7125.669191052801,0.00023992085258686492,0.9999568151790257,2.342079429809472
10,0.5,2,32,-1,2,HEFT,9.229555772212176,4687.948909040275,0.00014777771221069757,0.9999734003655787,2.0218822031798616
10,0.5,2,32,-1,2,GA,10.076144129107167,5020.176238918698,0.00014869985702087153,0.9999732343839417,1.455255619253105
10,0.5,4,4,-1,0,HEFT,16.488356516662858,3234.4661303866746,0.0003156363071817645,0.9999431870786225,0.8982051157440354
10,0.5,4,4,-1,0,GA,17.397006564221215,3062.0443249588943,0.00028772454907962215,0.9999482109222663,2.4295638883478903
10,0.5,4,4,-1,1,HEFT,13.460692168957046,2528.221356434151,0.00024316642536488544,0.9999562310013247,2.288058910101887
10,0.5,4,4,-1,1,GA,13.65560224704781,2293.2382624024012,0.00021159810782223596,0.9999619130659176,4.845126700313661
10,0.5,4,4,-1,2,HEFT,13.995205096799461,2803.9539994889406,0.00027547598899774764,0.9999504155513297,0.9283192197279238
10,0.5,4,4,-1,2,GA,13.498223642159072,2604.9002032641724,0.0002528404997985191,0.9999544897456593,1.6374605773216175
10,0.5,4,8,-1,0,HEFT,14.370052160390163,3313.562393229613,0.0002498756312444648,0.9999550233978536,4.429340206861903
10,0.5,4,8,-1,0,GA,14.604294617487998,3264.1042591107125,0.00024058035863460785,0.9999566964730704,4.0260490227803665
10,0.5,4,8,-1,1,HEFT,9.358340470928223,2281.1499995891763,0.0001786497822196469,0.99996784355623,3.0062546418094027
10,0.5,4,8,-1,1,GA,9.665416572763732,2195.6475917177395,0.00016379426366051956,0.9999705174671597,2.43501369051322
10,0.5,4,8,-1,2,HEFT,12.533519613478504,3286.5997608603147,0.000269170785266974,0.9999515504323703,3.5304022880583226
10,0.5,4,8,-1,2,GA,12.550323182707597,3166.70580383272,0.00025347219357787994,0.9999543760459603,3.6802378065945502
10,0.5,4,16,-1,0,HEFT,10.727346850515238,3683.3162564295344,0.0002097759252106729,0.9999622410463492,3.6582551315900536
10,0.5,4,16,-1,0,GA,12.448165501527441,4289.448457000621,0.00024540060474255204,0.9999558288667194,2.834585843576338
10,0.5,4,16,-1,1,HEFT,8.937667959429849,3211.431261843908,0.00019320400692937685,0.999965223883456,3.057409654922086
10,0.5,4,16,-1,1,GA,9.478475549458924,3355.1311899492694,0.00019835450703529147,0.9999642968261073,2.6011983804759744
10,0.5,4,16,-1,2,HEFT,12.114987451901445,3971.239955084899,0.00021255327704390462,0.9999617411420206,3.623901249229468
10,0.5,4,16,-1,2,GA,13.40439579111218,4488.677904371934,0.00024742040212899177,0.9999554653193148,2.733918321161916
10,0.5,4,32,-1,0,HEFT,11.442124895539976,6020.550739628635,0.0002101776201216129,0.9999621687439981,2.452521762445518
10,0.5,4,32,-1,0,GA,11.905912180142375,6238.730361159833,0.00021535659999808284,0.9999612365633217,2.287880295516928
10,0.5,4,32,-1,1,HEFT,8.56851460005264,4263.228768028291,0.00012570015007856285,0.9999773742289525,1.9528106876233848
10,0.5,4,32,-1,1,GA,8.958259581699782,4402.280268682685,0.0001243292751046472,0.9999776209808952,1.508258208619799
10,0.5,4,32,-1,2,HEFT,12.454483792885947,6263.618338231931,0.0001913561449307142,0.9999655564871036,2.4558305593692227
10,0.5,4,32,-1,2,GA,12.575304384673164,6381.45917760806,0.00020058685967617112,0.9999638950170588,2.528189119112212
10,0.8,0.8,4,-1,0,HEFT,19.63600006986432,2864.1825821468547,0.00024827578537382007,0.9999553113571997,4.345709831026477
10,0.8,0.8,4,-1,0,GA,21.752812923082175,2921.997977207103,0.00024261795308774654,0.9999563297220185,5.109151806732277
10,0.8,0.8,4,-1,1,HEFT,27.25317460912202,3320.6870031471935,0.0002600173930115421,0.9999531979645075,7.8734344724470455
10,0.8,0.8,4,-1,1,GA,27.25317460912202,3225.6518995440297,0.0002477389558535107,0.9999554079822002,8.225107207027675
10,0.8,0.8,4,-1,2,HEFT,25.776647432202044,3043.009033130267,0.00023329844397733453,0.999958007161808,7.433292698110701
10,0.8,0.8,4,-1,2,GA,25.776647432202044,2908.566905981147,0.00021592866010793917,0.9999611335964987,8.509685095176392
10,0.8,0.8,8,-1,1,HEFT,19.231617960885995,3341.5413179471216,0.00019319198885039618,0.9999652260466346,5.771887153120519
10,0.8,0.8,8,-1,1,GA,21.491051318601322,3587.250559353676,0.0001969133892465051,0.9999645562180813,4.1467656457810795
10,0.8,0.8,8,-1,2,HEFT,14.524261654383462,3199.6042012686903,0.00023323967473486793,0.9999580177398276,4.3906598450386545
10,0.8,0.8,8,-1,2,GA,14.713453027833921,3220.9233169160498,0.00023364752277054177,0.9999579443302657,3.268187811844782
10,0.8,0.8,16,-1,1,HEFT,26.514646824326622,6921.701013029597,0.00023654894350889994,0.999957422096633,5.490769729929065
10,0.8,0.8,16,-1,1,GA,29.902684890836095,7736.387988535862,0.0002577613035523685,0.9999536040416865,3.7573534442674417
10,0.8,0.8,16,-1,2,HEFT,16.283652487788732,4495.632796102633,0.00017689554501901762,0.9999681593088221,3.971241779789834
10,0.8,0.8,16,-1,2,GA,24.623108571707988,6575.08960885275,0.0002386889874786584,0.999957036905194,3.832858588671531
10,0.8,0.8,32,-1,1,HEFT,18.064087181832427,8219.30382131595,0.0001657227833969378,0.9999701703439015,2.484119822795328
10,0.8,0.8,32,-1,1,GA,18.929864053301493,8558.778724741129,0.00016662931889836616,0.999970007172392,1.7542582389243222
10,0.8,1,4,-1,0,HEFT,19.03736555852929,3087.5880534355247,0.00028085200344006697,0.9999494479171805,2.6578679723952114
10,0.8,1,4,-1,0,GA,23.064201091531583,2949.1880511319678,0.00023799824273106616,0.9999571612339146,7.421742970056262
10,0.8,1,8,-1,1,HEFT,28.04433170401014,4951.485483907269,0.00029189013440856533,0.9999474611560201,6.79717716797962
10,0.8,1,8,-1,1,GA,29.34069371959158,5029.305480721496,0.00028586548884246824,0.9999485455358347,4.7772121309622255
10,0.8,1,8,-1,2,HEFT,15.791901348700417,3029.803972042526,0.0001955789977477114,0.9999647964000665,5.855387702880843
10,0.8,1,8,-1,2,GA,15.872696717839222,3084.6709905459975,0.00020166564672266567,0.99996370084242,4.712662240610316
10,0.8,1,16,-1,0,HEFT,20.969003465521332,5643.47192389498,0.0002089694132448171,0.9999623862130324,5.0238076544385475
10,0.8,1,16,-1,0,GA,22.865393994547382,6068.856306132273,0.0002168863900748289,0.99996096121182,2.820390949869972
10,0.8,1,16,-1,1,HEFT,25.126374906345028,6545.423675731887,0.00022237205345137495,0.9999599738314473,4.766934818311312
10,0.8,1,16,-1,1,GA,24.34083433106516,6402.997820779845,0.00022345705803815695,0.999959778538458,3.330646454306632
10,0.8,1,16,-1,2,HEFT,23.700200862921946,6306.49153449129,0.00022688022852845936,0.9999591623927426,4.987532159204605
10,0.8,1,16,-1,2,GA,26.924867085180182,7126.555022035305,0.0002528398632662416,0.9999544898602296,2.9634357920590797
10,0.8,1,32,-1,1,HEFT,20.69669932215537,9378.890712370123,0.00018492999646801806,0.999966713154655,3.151872585676601
10,0.8,1,32,-1,1,GA,23.195229562131424,10640.305763856777,0.0002239454279067586,0.9999596906354212,2.180439201222829
10,0.8,1,32,-1,2,HEFT,19.548849529917984,8887.283781145472,0.00017836247566627484,0.9999678952697479,2.0548463338282144
10,0.8,1,32,-1,2,GA,21.908707123321417,9950.736931820504,0.00019868131737274926,0.9999642380023482,2.011963878513629
10,0.8,2,4,-1,0,HEFT,14.198011726490298,2654.179690740953,0.00025486758758002824,0.9999541248865308,1.7292429509304295
10,0.8,2,4,-1,0,GA,19.55558530686844,2730.29216642329,0.0002314759782549877,0.9999583351919163,6.488944739714461
10,0.8,2,4,-1,1,HEFT,13.742617098976053,2385.0244111511797,0.00022291715638247142,0.9999598757168516,1.994702692021668
10,0.8,2,4,-1,1,GA,14.474496753357634,2134.3660840923167,0.00018599357105053617,0.9999665217176208,5.417901621539442
10,0.8,2,4,-1,2,HEFT,15.27447227087486,2726.613127028293,0.000257550188375491,0.9999536420406557,1.6312354086993512
10,0.8,2,4,-1,2,GA,17.580376022497482,2665.2890039714052,0.00023532699675601115,0.9999576420377077,2.522363010466801
10,0.8,2,8,-1,0,HEFT,12.04045807031008,2937.0319052498817,0.00023012247164084162,0.9999585788129857,4.162082553634382
10,0.8,2,8,-1,0,GA,11.919298079798946,2768.4190866500576,0.00020984062932679056,0.9999622294000483,4.457647954895019
10,0.8,2,8,-1,1,HEFT,12.985544819956939,2521.9604599608097,0.00016477366372673688,0.9999703411803609,3.559549650924993
10,0.8,2,8,-1,1,GA,12.985544819956939,2527.7547124615826,0.0001655222751609453,0.9999702064343085,2.528605989336386
10,0.8,2,8,-1,2,HEFT,14.369370442000658,2993.5916468316973,0.00020854419695085717,0.9999624627490893,3.8829127364672873
10,0.8,2,8,-1,2,GA,13.148454525437618,2768.5333490362964,0.00019461004064525646,0.9999649708062204,4.68412988163725
10,0.8,2,16,-1,0,HEFT,10.097903156784882,3249.759493207921,0.00016937494665442165,0.9999695129743408,3.095948102858971
10,0.8,2,16,-1,0,GA,11.58237570419477,3688.7477991627275,0.00018926765684203252,0.9999659324020821,1.7431158787351009
10,0.8,2,16,-1,1,HEFT,11.867477614311689,3754.182857661,0.00019064950332211314,0.9999656836782205,3.0449077833781337
10,0.8,2,16,-1,1,GA,12.172954472576883,3781.59835740733,0.00018661383703779956,0.9999664100734874,2.6060447022120425
10,0.8,2,16,-1,2,HEFT,14.96718941014228,4623.630136503536,0.00022608911753956303,0.9999593047869155,3.732966694799913
10,0.8,2,16,-1,2,GA,14.96718941014228,4884.803580972175,0.0002598324566181985,0.9999532312515007,3.307236344337636
10,0.8,2,32,-1,0,HEFT,8.257035328424251,4256.896929028518,0.0001403353182058921,0.9999747399617631,1.8454344004798775
10,0.8,2,32,-1,0,GA,11.267853079440226,5541.989664135201,0.0001569940673940768,0.999971741467149,1.7213673371035374
10,0.8,2,32,-1,1,HEFT,10.509186313585245,5412.316338091114,0.00017787968910521694,0.9999679821685429,2.4873651187288908
10,0.8,2,32,-1,1,GA,12.208006271159613,6254.859364900695,0.00020245283679268784,0.9999635591533611,2.0018848920029257
10,0.8,2,32,-1,2,HEFT,10.280170045204784,5094.972443597315,0.0001482412333641703,0.9999733169339937,1.866641918165932
10,0.8,2,32,-1,2,GA,11.630800280815698,5751.7888598971585,0.00016609322378086956,0.9999701036666238,1.5033455490497694
10,0.8,4,4,-1,0,HEFT,19.964326574254372,4185.065382023038,0.0004168963445037246,0.9999249614735205,0.7155306249575293
10,0.8,4,4,-1,0,GA,25.474095064616705,4208.2241520404805,0.00038571932673628936,0.9999305729313578,3.9919889303839993
10,0.8,4,4,-1,1,HEFT,10.531785641650616,2083.9495694873194,0.00020393073109665246,0.9999632931421158,1.2795001128369734
10,0.8,4,4,-1,1,GA,12.558353644148749,1929.0957476230615,0.00017135591378603638,0.9999691564111918,4.6981946474008796
10,0.8,4,4,-1,2,HEFT,15.32597703376381,2998.4322166194233,0.0002923495244184445,0.9999473784701659,1.8014447451546982
10,0.8,4,4,-1,2,GA,15.67608903613386,2891.6653056783853,0.0002763841126542584,0.9999502520971904,1.3410623031631639
10,0.8,4,8,-1,0,HEFT,10.70579878315687,2773.564079634243,0.00022555651116940357,0.9999594006521655,3.9270160626155204
10,0.8,4,8,-1,0,GA,10.70579878315687,2773.564079634243,0.00022555651116940357,0.9999594006521655,3.9270160626155204
10,0.8,4,8,-1,1,HEFT,16.181464068631897,3736.4021975158976,0.00028203897247121903,0.9999492342735783,4.617815734657201
10,0.8,4,8,-1,1,GA,17.60475960111588,3746.319863859413,0.0002656670467897013,0.9999521810749391,3.778723921839709
10,0.8,4,8,-1,2,HEFT,16.314320927807316,3701.334380795247,0.00027586040978368794,0.9999503463590219,3.451828781806037
10,0.8,4,8,-1,2,GA,15.290833234052378,3519.944633949968,0.0002651194629820336,0.9999522796353163,4.150233241727032
10,0.8,4,16,-1,0,HEFT,12.041063937310682,3815.5952828062545,0.00019427790786080156,0.9999650305880291,3.169213032148149
10,0.8,4,16,-1,0,GA,12.041063937310682,3853.7418573401437,0.00019920640586259598,0.9999641434898047,2.755902684042001
10,0.8,4,16,-1,1,HEFT,10.551311262899475,3729.9999260263794,0.00022017418133716792,0.999960369432671,3.2387590176028906
10,0.8,4,16,-1,1,GA,14.17033286955725,4639.597168760789,0.00024791902555630456,0.9999553755710994,2.8903824763131607
10,0.8,4,16,-1,2,HEFT,11.129489762463965,3551.5123431877337,0.00018277135772540721,0.9999671016967705,2.9575210379891193
10,0.8,4,16,-1,2,GA,13.126550949737544,4060.5623152130956,0.00019900058564127743,0.9999641805361171,2.4916259897002884
10,0.8,4,32,-1,0,HEFT,8.930701365427929,4610.398084572289,0.00015258511114314788,0.9999725350571627,1.8805360159103113
10,0.8,4,32,-1,0,GA,10.625908665112568,5368.678582719429,0.00016645085985997452,0.9999700392940564,1.598504313565517
10,0.8,4,32,-1,1,HEFT,7.910628682863033,4055.9907178682392,0.00013156450951535333,0.9999763186686944,1.6811646990518598
10,0.8,4,32,-1,1,GA,9.422544069891593,4899.326439186689,0.00016551285740934324,0.9999702081294531,1.5193375106054166
10,0.8,4,32,-1,2,HEFT,9.542851707805108,5160.908159827626,0.00019334019431918148,0.9999651993705784,2.2181946110227164
10,0.8,4,32,-1,2,GA,9.391220259226207,5108.514117143736,0.00019409373870812315,0.9999650637373179,2.1590266643997897
10,1,0.8,4,-1,0,HEFT,20.680210671917056,2873.829054858176,0.00024304637501371544,0.9999562526094428,3.9784343909786255
10,1,0.8,4,-1,0,GA,22.038745408022194,2790.400821859783,0.00022384251192179809,0.9999597091595518,3.6195815857363915
10,1,0.8,4,-1,1,HEFT,28.809796541716974,3667.787682291618,0.00029520897264718386,0.9999468637967016,8.062220219342219
10,1,0.8,4,-1,1,GA,28.809796541716974,3588.8002059260734,0.00028500387234155797,0.9999487006188368,8.509690355713772
10,1,0.8,4,-1,2,HEFT,26.83455874915207,3630.934473564542,0.00030269711286889434,0.9999455160039902,5.578031941774648
10,1,0.8,4,-1,2,GA,34.071514791476595,4010.7031446580445,0.0003068824850991173,0.9999447626783191,4.719617095544792
10,1,0.8,8,-1,0,HEFT,18.95121521674833,3286.5024059011016,0.00018955888179499503,0.9999658799833778,5.41455786550582
10,1,0.8,8,-1,0,GA,22.693355135693068,3838.040975515689,0.0002144029563939476,0.9999614082125314,4.012887363306917
10,1,0.8,8,-1,1,HEFT,22.11604711113585,3440.115451226033,0.0001701517995551669,0.9999693731450916,6.994331975244276
10,1,0.8,8,-1,1,GA,29.32680434607491,4339.793340612225,0.0001969535043138286,0.999964548997625,3.9886904765181614
10,1,0.8,16,-1,0,HEFT,22.50758602769786,5959.622739587754,0.00021164938272219194,0.9999619038367871,4.3091533100720945
10,1,0.8,16,-1,0,GA,22.50758602769786,5946.009805503393,0.00020989060570870857,0.9999622204046396,3.39413736570411
10,1,0.8,16,-1,1,HEFT,24.55239965456288,6546.564077687956,0.00023675753798603147,0.9999573845512264,4.4262147275498425
10,1,0.8,16,-1,1,GA,28.874363489897387,7515.387567272874,0.0002547170254796609,0.9999541519864659,3.2804789285939426
10,1,0.8,32,-1,0,HEFT,22.48233022959456,10602.649050615315,0.00025444886853372156,0.9999542002525044,4.064807066309781
10,1,0.8,32,-1,0,GA,28.633427011876908,13226.247710016643,0.0002882444105240195,0.9999481173520567,2.6443415754993693
10,1,0.8,32,-1,1,HEFT,12.287708329905195,6204.801508594024,0.00019203120283080492,0.9999654349808746,2.504909584119744
10,1,0.8,32,-1,1,GA,13.180018182392303,6572.977804484207,0.00019532956362345775,0.9999648412966293,2.046866494366752
10,1,0.8,32,-1,2,HEFT,25.6246660147693,11395.05868801893,0.00020092854500613932,0.999963833515922,3.503883962667324
10,1,0.8,32,-1,2,GA,25.60236407061307,11413.349532557797,0.00020439815625870544,0.9999632090086785,2.3157348163541824
10,1,1,4,-1,0,HEFT,27.15852554288796,2942.054716947141,0.0002116854639390851,0.9999618973424158,9.272219475346272
10,1,1,4,-1,0,GA,33.36373372819233,3308.3386445857805,0.00022052705757526464,0.9999603059174674,4.471229928454921
10,1,1,4,-1,1,HEFT,25.036726377823012,3015.479619995681,0.00023433032995609507,0.9999578214301488,5.721069546671517
10,1,1,4,-1,1,GA,25.68142106913566,2988.910808787795,0.0002268995603965482,0.9999591589131485,5.325575292761391
10,1,1,4,-1,2,HEFT,28.957015330644197,3654.478484111659,0.00029257645326107723,0.9999473376251244,5.6031939556984405
10,1,1,4,-1,2,GA,31.081256795948573,3642.442058263399,0.0002778477689997244,0.999949988652189,4.2319498146113785
10,1,1,8,-1,0,HEFT,26.00281839920978,4781.711828407764,0.00029527664884801375,0.9999468516156328,6.652655432222492
10,1,1,8,-1,0,GA,35.6246820905743,5931.789286577079,0.0003245245227237658,0.9999415872919983,7.019861796541237
10,1,1,8,-1,1,HEFT,14.887987188793364,2777.492664966891,0.00017419197607787182,0.9999686459358549,4.876940418716638
10,1,1,8,-1,1,GA,15.94455931279094,2864.056482732968,0.00017227116133140024,0.9999689916717283,3.7201880736677655
10,1,1,8,-1,2,HEFT,27.938791351718805,4797.756539826187,0.0002733375413515737,0.9999508004528941,8.365026030841184
10,1,1,8,-1,2,GA,27.42865650217909,4550.062627357268,0.0002476629978227488,0.9999554216540358,5.30368981175401
10,1,1,16,-1,0,HEFT,20.04008355836257,5428.247468703802,0.00020420561052948163,0.9999632436656353,4.186668495034769
10,1,1,16,-1,0,GA,20.04008355836257,5446.064361656961,0.0002065075346836366,0.9999628293346032,3.9779889572086895
10,1,1,16,-1,1,HEFT,20.692816263287245,5770.112180800319,0.00023218235894692093,0.9999582080486973,5.046223899223262
10,1,1,16,-1,1,GA,21.549912345104243,5966.894564186629,0.00023634514133418795,0.9999574587794632,4.226833902612493
10,1,1,32,-1,2,HEFT,18.961761378637377,8718.035057459558,0.00018562256951715813,0.9999665884956637,2.865391904808868
10,1,1,32,-1,2,GA,21.397249713804612,9875.22614270977,0.00021430003263679586,0.999961426738093,1.9523449717298178
10,1,2,4,-1,0,HEFT,15.768940232699372,2816.1785418579198,0.0002660554794170994,0.9999521111604119,3.5326939265260036
10,1,2,4,-1,0,GA,21.29966810627424,2835.0219812794344,0.00023419094472587485,0.9999578465184324,5.17017547850548
10,1,2,4,-1,1,HEFT,16.630120583228138,3056.353805110526,0.00029174522184955754,0.9999474872389104,1.664986094834277
10,1,2,4,-1,1,GA,19.678364217530337,3022.3775589440093,0.00026845168947061413,0.9999516798633509,3.5451212638599854
10,1,2,4,-1,2,HEFT,19.605597426080298,3100.2764304649727,0.0002789674100792143,0.9999497871268942,2.0335314051099513
10,1,2,4,-1,2,GA,19.605597426080298,3068.7112731798757,0.00027488922438346526,0.9999505211637288,1.9259057560710044
10,1,2,8,-1,0,HEFT,15.553763478741903,3310.32650109264,0.00023477586655470506,0.9999577412369468,5.001605312816618
10,1,2,8,-1,0,GA,15.940681438002219,3426.101360013693,0.0002449348762229303,0.9999559126941537,4.13056687010963
10,1,2,8,-1,1,HEFT,12.528289614867923,2954.190492296419,0.00022628871954381114,0.9999592688600175,4.263837323179188
10,1,2,8,-1,1,GA,12.528289614867923,2895.8478329079467,0.00021875090825331086,0.9999606256117057,4.156495715436276
10,1,2,8,-1,2,HEFT,10.626744532934419,3129.5361262042907,0.0002725282494887063,0.9999509461182731,3.148277277928313
10,1,2,8,-1,2,GA,11.54447767829337,3087.663597091424,0.0002557356253198011,0.9999539686469175,3.6090013637378378
10,1,2,16,-1,0,HEFT,10.855606738726578,3672.4411055267947,0.00020518922631670438,0.9999630666213171,2.7291784176961027
10,1,2,16,-1,0,GA,11.843097258671834,3830.251729413258,0.00020108230694422042,0.9999638058397744,2.572419494155138
10,1,2,16,-1,1,HEFT,13.795850432092937,3972.7409047331384,0.00017105137232187266,0.9999692112269658,3.4349336778610717
10,1,2,16,-1,1,GA,14.798312305717545,4377.411812976414,0.00019846716411868804,0.9999642765485562,2.5617495967786557
10,1,2,16,-1,2,HEFT,14.33523683040739,5062.90843690512,0.00029851976298021977,0.9999462678862853,3.9378882980996193
10,1,2,16,-1,2,GA,14.880767482183293,5116.472204180105,0.00029190760304921364,0.9999474580118298,4.182417260559114
10,1,2,32,-1,0,HEFT,14.270210787108503,7300.358304200547,0.00023521929740967458,0.999957661422769,2.888752425249411
10,1,2,32,-1,0,GA,15.079840608112018,7867.150505980916,0.00026828058300593045,0.9999517106610264,2.377400521918643
10,1,2,32,-1,1,HEFT,12.250538456951173,6230.962598134298,0.000197255275279722,0.9999644946807785,2.3474378527629107
10,1,2,32,-1,1,GA,14.019146619888424,7003.162348748518,0.00020927778381283753,0.9999623307084191,2.5739187427381545
10,1,2,32,-1,2,HEFT,10.118620950692506,5262.299369101662,0.00017787453798911372,0.999967983095714,2.276372565630912
10,1,2,32,-1,2,GA,12.716398271049078,6509.407665793997,0.00021011766533735797,0.9999621795354511,1.9051313311534512
10,1,4,4,-1,0,HEFT,17.963087669159528,3092.6654542555525,0.0002881701868392629,0.9999481307116271,3.8879783642874597
10,1,4,4,-1,0,GA,21.052253993131593,3109.142159517849,0.00027114133951518503,0.9999511957498535,5.413142090513659
10,1,4,4,-1,1,HEFT,20.47773791270052,3441.372358715725,0.0003176280282824419,0.9999428285892565,2.9081719124605847
10,1,4,4,-1,1,GA,18.73841923088322,3199.903206022687,0.0002972169357803995,0.9999465023826083,4.172034765815291
10,1,4,4,-1,2,HEFT,14.159234887291852,2490.689807949209,0.00023398534022728686,0.9999578835256828,2.881118664436294
10,1,4,4,-1,2,GA,13.644005276778891,2460.4045840225376,0.00023326774298929598,0.9999580126877539,2.55337657845461
10,1,4,8,-1,0,HEFT,13.481802859573934,3271.6244412297897,0.00025547433678432715,0.9999540156766901,3.3857567437137654
10,1,4,8,-1,0,GA,13.481802859573934,3238.8421096157927,0.0002512388934233456,0.9999547780217283,3.928469054311626
10,1,4,8,-1,1,HEFT,16.277375644028446,3428.4781193655135,0.0002410658989068195,0.9999566090796099,5.34283464149274
10,1,4,8,-1,1,GA,19.28675742831857,3827.058508058045,0.00025523640761491756,0.9999540585019723,4.667293497200831
10,1,4,8,-1,2,HEFT,16.208995034850883,3569.685837431616,0.00026015792171652863,0.9999531726705249,4.8154125520534095
10,1,4,8,-1,2,GA,17.28165399070421,3614.389696249276,0.00025262931694336845,0.999954527756844,3.1889919701972405
10,1,4,16,-1,0,HEFT,13.461395228121997,4382.126640021598,0.00023224014938270986,0.9999581976468537,3.3306639105881275
10,1,4,16,-1,0,GA,16.606989514093442,5352.120554381156,0.0002795321146867202,0.9999496854851743,3.112514127689234
10,1,4,16,-1,1,HEFT,15.535457670902378,5191.647780757039,0.0002853798330676721,0.99994863294938,4.761259738333108
10,1,4,16,-1,1,GA,17.93878281819367,5988.32123572596,0.00032869185201973844,0.999940837216823,3.9100034277478786
10,1,4,16,-1,2,HEFT,13.13064381164345,4154.462085427475,0.00021103081054159344,0.9999620151755443,3.258680779811168
10,1,4,16,-1,2,GA,16.903196941617882,5253.02394906759,0.0002593811545577463,0.9999533124820758,3.1787287418749797
10,1,4,32,-1,0,HEFT,8.646110902729795,4517.6839865701295,0.00015472576226380978,0.9999721497506178,1.8322928935217797
10,1,4,32,-1,0,GA,9.921083271811112,5205.742423022696,0.00018036775796475825,0.9999675343305874,1.696690371469541
10,1,4,32,-1,1,HEFT,10.513002109422207,5502.996008011032,0.00018940609793189988,0.9999659074835352,2.363222661195147
10,1,4,32,-1,1,GA,12.512404381862403,6307.864334789801,0.00019419910234556067,0.9999650447725259,2.1048245748603387
10,1,4,32,-1,2,HEFT,12.34447811546871,6350.3790676672315,0.00020802318750998017,0.9999625565272725,2.7680630455952397
10,1,4,32,-1,2,GA,13.939500369985968,7335.725330995032,0.00025619601924036433,0.9999538857798301,2.3458082322409872
10,2,0.8,4,-1,0,HEFT,20.423981786715114,2550.014243689551,0.000202798852445378,0.9999634968728153,4.020953659054901
10,2,0.8,4,-1,0,GA,24.664871712519805,2880.7067941885825,0.00021922389560563726,0.9999605404773385,6.301941981989328
10,2,0.8,4,-1,1,HEFT,38.94492312080624,4294.604846384004,0.0003133396042099877,0.9999436004617562,8.227683389197056
10,2,0.8,4,-1,1,GA,41.27556079390472,4181.016142304896,0.00028421049408236044,0.9999488434196078,10.220186954484545
10,2,0.8,4,-1,2,HEFT,19.003107025100572,2292.773610753828,0.00017837525498049105,0.9999678929695455,6.3142780953618365
10,2,0.8,4,-1,2,GA,22.416341502896294,2371.721741393571,0.00016740792626027766,0.9999698670272805,4.790869984369673
10,2,0.8,8,-1,0,HEFT,20.252360049231484,3427.410539576368,0.0001916258365439465,0.9999655079442867,6.015808175785477
10,2,0.8,8,-1,0,GA,25.448729412430296,4046.1462152246604,0.00020711475344074314,0.9999627200392956,4.775074093340664
10,2,0.8,8,-1,1,HEFT,35.55059387557431,5648.5522859250195,0.0002888495185878406,0.9999480084382625,9.083234012013568
10,2,0.8,8,-1,1,GA,41.28822715886044,6167.154730459659,0.0002846879745748136,0.9999487574775194,6.162526601643066
10,2,0.8,8,-1,2,HEFT,23.211258561069485,3932.513857368157,0.00022018514670613522,0.9999603674589829,7.284323208719584
10,2,0.8,8,-1,2,GA,35.66085726316477,5154.2990779824395,0.00022362490706958943,0.999959748326848,5.24987883076274
10,2,0.8,16,-1,0,HEFT,26.122509762822276,6866.021869500377,0.0002390826866974807,0.9999569660423817,6.131806505109977
10,2,0.8,16,-1,0,GA,27.27067276348467,7082.554809848229,0.00023857695597663734,0.9999570570699983,5.0054561582528
10,2,0.8,16,-1,1,HEFT,18.56361463891194,5144.086553877166,0.0002041178996390276,0.9999632594530152,4.8339399166365995
10,2,0.8,16,-1,1,GA,24.991010125847396,6742.558890167541,0.00025119960542698206,0.9999547850932481,3.2378370566716344
10,2,0.8,16,-1,2,HEFT,20.305524861285377,5448.086580695553,0.00020018421283317324,0.9999639674908766,4.120442674770465
10,2,0.8,16,-1,2,GA,28.41041817886956,7295.265755477141,0.00023778623580545034,0.9999571993935269,3.7851258975483697
10,2,0.8,32,-1,0,HEFT,26.292130023855485,11869.285099139699,0.0002290836136924022,0.9999587657996885,3.8359245207108503
10,2,0.8,32,-1,0,GA,26.646782116719816,11968.280445418288,0.00022427856751910575,0.9999596306727098,2.7018339830303115
10,2,1,4,-1,0,HEFT,23.666169912839155,2957.324020041706,0.00023531626152783287,0.9999576439699668,7.555520701380888
10,2,1,4,-1,0,GA,26.055742098084657,2965.644219830926,0.00022157217042931043,0.9999601178046381,6.011569258874117
10,2,1,4,-1,1,HEFT,26.55047768209143,3149.474792760278,0.00024225476279326734,0.9999563950934187,5.814653091591505
10,2,1,4,-1,1,GA,23.56369576197976,2800.01016393654,0.0002156269725273271,0.9999611878981542,4.575938232895712
10,2,1,4,-1,2,HEFT,33.17479111702024,3984.54470283289,0.00030906391850334873,0.9999443700420729,10.216867410129629
10,2,1,4,-1,2,GA,39.02656409933665,3982.594409728577,0.00027252187764346486,0.9999509472651489,1.787042942786023
10,2,1,8,-1,0,HEFT,24.91733103487948,4213.734291933734,0.00023535794736244227,0.9999576364668343,7.886396219586437
10,2,1,8,-1,0,GA,26.79705613600553,4277.622062134492,0.00022029776137958147,0.9999603471891451,5.372874176065557
10,2,1,8,-1,2,HEFT,27.248999491500303,4947.329173223636,0.00030121772894568566,0.9999457822786237,9.376560802249069
10,2,1,8,-1,2,GA,29.54338246517925,5165.198856046956,0.0003009088035387272,0.9999458378821838,7.654724631700882
10,2,1,16,-1,1,HEFT,18.904487316874977,5001.979505276652,0.00017730205948794016,0.9999680861385501,4.280661495463589
10,2,1,16,-1,1,GA,22.973921240799307,5846.932308454165,0.00018552189020939246,0.9999666066173337,2.812875646072549
10,2,1,16,-1,2,HEFT,25.352957165063223,6892.863487244709,0.00026164027281040973,0.999952905859858,6.105931838968961
10,2,1,16,-1,2,GA,27.06197153195669,7225.245766123192,0.0002621895648562672,0.9999528069919509,4.0118861151443825
10,2,1,32,-1,0,HEFT,22.353336894576763,10146.53804452439,0.0002019194673135545,0.9999636551563734,3.3614311084703448
10,2,1,32,-1,0,GA,24.672508999551567,11153.2711931166,0.0002169286482285269,0.9999609536056491,2.4423422829453627
10,2,1,32,-1,1,HEFT,25.410029117958317,11291.882509004048,0.00019824694156434799,0.9999643161872007,3.720784826322366
10,2,1,32,-1,1,GA,29.108708647427513,12748.641121758426,0.00020295826888194572,0.9999634681789045,2.445261669277456
10,2,1,32,-1,2,HEFT,32.11017753531236,14262.71001842566,0.000249664321042082,0.9999550614319803,4.291270779476161
10,2,1,32,-1,2,GA,47.208756515209785,20679.83004794673,0.000329672809574441,0.9999406606549253,3.392104598156665
10,2,2,4,-1,0,HEFT,22.655481487438642,3463.9479721578477,0.00030703938769519295,0.9999447344374124,4.534289704149895
10,2,2,4,-1,0,GA,25.349651966279936,3279.622044324739,0.0002665166343595998,0.9999520281565009,7.2685516869136775
10,2,2,4,-1,1,HEFT,18.773278420903512,2984.0594607626545,0.00026911396596373204,0.9999515606593492,2.4126812821138763
10,2,2,4,-1,1,GA,20.272630334878812,2820.9046026644733,0.00023873622048970164,0.9999570284036173,5.1052714333557
10,2,2,4,-1,2,HEFT,16.155459716819873,2821.474521700072,0.0002643426944822633,0.9999524194469835,2.916069446425305
10,2,2,4,-1,2,GA,17.948715181228415,2582.5483433408353,0.0002223527150700092,0.9999599773122166,6.955210411952706
10,2,2,8,-1,0,HEFT,18.48731235645835,3761.0692232891824,0.00025662625801927406,0.9999538083404239,4.603483332297748
10,2,2,8,-1,0,GA,19.584918305434407,3822.298541446609,0.0002509233054424942,0.9999548348249976,3.893779858656951
10,2,2,8,-1,1,HEFT,17.549015722142457,3518.465981202165,0.00023691995760678164,0.9999573553169411,4.785193762127036
10,2,2,8,-1,1,GA,17.595627425559986,3508.5692357595603,0.00023506317867000027,0.9999576895229528,4.165135900896085
10,2,2,8,-1,2,HEFT,18.32042372544876,3997.0408916652495,0.00028918349018374276,0.9999479483265025,5.640913351170851
10,2,2,8,-1,2,GA,18.62352019223863,3897.735465619651,0.0002725939957577187,0.9999509342845253,5.906537076224057
10,2,2,16,-1,0,HEFT,14.524712593203331,4581.962716066277,0.00023168189898853197,0.9999582981277293,4.082884079789641
10,2,2,16,-1,0,GA,21.794445834380983,6362.542733228902,0.00028139652881495515,0.9999493499075726,3.5733023766207292
10,2,2,16,-1,1,HEFT,13.73494172170155,4278.3728950663735,0.0002120496233203716,0.9999618317962267,3.471341039929322
10,2,2,16,-1,1,GA,13.943131697434676,4440.841436251961,0.0002278759884166024,0.9999589831632985,2.580024626245652
10,2,2,16,-1,2,HEFT,11.679799436743197,3693.8031264167435,0.00018750408715271957,0.9999662498338623,3.245075305618213
10,2,2,16,-1,2,GA,13.34395734945079,3963.0577319731956,0.00018101006729698242,0.999967418718668,2.504942068283609
10,2,2,32,-1,0,HEFT,15.55170172019374,7613.553858233925,0.0002121059945322389,0.9999618216497959,2.749141813584922
10,2,2,32,-1,0,GA,17.12235847886153,8320.739979792892,0.00022554965425194658,0.9999594018863602,2.043426145431499
10,2,2,32,-1,1,HEFT,10.751618859099734,5411.585500797887,0.0001657576045095077,0.9999701640762884,2.1988365335798097
10,2,2,32,-1,1,GA,12.483668969606047,6145.993039834526,0.00017471113120230022,0.9999685524908669,1.7597161527918483
10,2,2,32,-1,2,HEFT,14.676224259751406,7255.616242273683,0.00020929536518464388,0.9999623275438917,2.6571020804919776
10,2,2,32,-1,2,GA,14.625426690908311,7202.381482604713,0.00020493767872040335,0.9999631118982129,2.52055719534617
10,2,4,4,-1,0,HEFT,19.316625382971335,3215.231967645781,0.0002956116213518291,0.9999467913237884,3.5702185570019984
10,2,4,4,-1,0,GA,18.700525809559664,3057.143140646116,0.0002790074808510662,0.9999497799145178,3.656263245536748
10,2,4,4,-1,1,HEFT,23.555104514431914,3683.7872686772753,0.0003298633400496826,0.9999406263614753,4.551710109605091
10,2,4,4,-1,1,GA,22.23619246412496,3444.2429909398934,0.0003070937664937849,0.9999447246497697,5.16126775052187
10,2,4,4,-1,2,HEFT,22.872881435856257,3751.071836903106,0.000342787277517055,0.9999383001935583,2.210227419874547
10,2,4,4,-1,2,GA,27.432947043774035,3521.070347852966,0.0002847918462211643,0.9999487387815814,7.883687431832345
10,2,4,8,-1,0,HEFT,13.052137089467376,2919.8769143579657,0.00021535810772210567,0.9999612362919422,4.932403380097233
10,2,4,8,-1,0,GA,13.637719194135027,3019.4416405049824,0.0002209587335746795,0.9999602282188749,3.263379688569139
10,2,4,8,-1,1,HEFT,18.76213946388541,3697.1486005434435,0.00024495907131917886,0.9999559083392284,4.62957020025701
10,2,4,8,-1,1,GA,19.325556481973774,3830.3903159043466,0.00025518564517246315,0.9999540676387921,2.9807730907860677
10,2,4,8,-1,2,HEFT,17.144452319412053,3725.9271686726815,0.00026874156925182484,0.9999516276875126,4.439459021740812
10,2,4,8,-1,2,GA,19.79325846442599,3788.8038291961802,0.00024401175925210404,0.9999560788478964,5.1872861656432745
10,2,4,16,-1,0,HEFT,15.353357185373138,4627.5370369925795,0.00021701452937996607,0.9999609381476455,4.160363645266251
10,2,4,16,-1,0,GA,15.353357185373138,4639.828465559454,0.00021860256924648736,0.9999606523116763,3.6559063124007043
10,2,4,16,-1,1,HEFT,15.44755255148974,5160.648986991674,0.0002835554130627447,0.9999489613281659,4.589779511796591
10,2,4,16,-1,1,GA,17.538537845348085,5545.152033824012,0.00028136340665596636,0.9999493558692591,3.577947881582197
10,2,4,16,-1,2,HEFT,15.1475330722989,4146.214136076374,0.00015993382250581204,0.9999712123263219,3.280375643943557
10,2,4,16,-1,2,GA,16.307434656909855,4473.499257852445,0.00017344596947361146,0.9999687802128424,3.1358572962483153
10,2,4,32,-1,0,HEFT,12.768109319738318,6121.025849088526,0.00015737362665491108,0.9999716731484148,2.0237804580641194
10,2,4,32,-1,0,GA,12.768109319738318,6203.215406487257,0.00016799243252038013,0.9999697618193294,1.5720511989345225
10,2,4,32,-1,1,HEFT,12.399086358212497,6267.838885256786,0.0001946498351037709,0.9999649636434688,2.611360090991806
10,2,4,32,-1,1,GA,15.99298588073258,8031.623122640272,0.000244226943725964,0.9999560401163933,2.184887165647441
10,2,4,32,-1,2,HEFT,15.092485153612138,7334.508046903275,0.00019883640153956246,0.999964210088197,2.4790822866788402
10,2,4,32,-1,2,GA,15.092485153612138,7496.811999133341,0.000219805904411664,0.9999604357198927,2.4310304155474975
10,5,0.8,4,-1,0,HEFT,47.434847725121784,4556.848039372999,0.00029457045847120834,0.9999469787231527,11.305597184091635
10,5,0.8,4,-1,0,GA,47.70831942404813,4572.073236919613,0.00029484158973711933,0.9999469299221136,9.726416749597059
10,5,0.8,4,-1,1,HEFT,59.55689699986813,5770.268258593625,0.0003761675972351363,0.9999322921247794,16.83356973259381
10,5,0.8,4,-1,1,GA,68.39217250059386,6372.2407184629665,0.0003991494106504473,0.999928155687009,11.342290355176367
10,5,0.8,4,-1,2,HEFT,41.07708507661865,4304.81828815063,0.00030143646052621897,0.9999457429090746,13.41909585666603
10,5,0.8,4,-1,2,GA,38.61457203580344,4197.124240708557,0.00030279389961111004,0.9999454985833262,14.610117131052386
10,5,0.8,8,-1,1,HEFT,28.03878973259267,4353.806078470794,0.00021473931061264832,0.9999613476711103,5.85358873814848
10,5,0.8,8,-1,1,GA,28.823366936923193,4421.331161481467,0.00021373229141302848,0.9999615289275764,5.193114159661462
10,5,0.8,8,-1,2,HEFT,29.34876591203544,4253.392220481102,0.00018551817738058144,0.9999666072856206,4.518202191426084
10,5,0.8,8,-1,2,GA,24.69012688282048,3741.631109160046,0.0001771807401045581,0.9999681079753424,6.1781496904759745
10,5,0.8,16,-1,0,HEFT,25.802582789306506,6550.135539681738,0.00020620667236884873,0.9999628834878083,5.495131057711381
10,5,0.8,16,-1,0,GA,34.35609103763883,8419.738701766302,0.00023557741893277082,0.9999575969636263,5.005376634745514
10,5,0.8,16,-1,2,HEFT,30.315764480905695,7725.922617319397,0.00024616225284050436,0.999955691776127,4.721591008353511
10,5,0.8,16,-1,2,GA,33.71724771758005,8421.494064725128,0.00025165148616921945,0.9999547037583951,4.214839914597219
10,5,0.8,32,-1,0,HEFT,29.58169683994841,12821.768135308143,0.00018894012257983893,0.9999659913562424,4.523056559818274
10,5,0.8,32,-1,0,GA,31.00703948136222,13316.50649707391,0.00018214513387995068,0.9999672144133607,2.7348131586688234
10,5,0.8,32,-1,1,HEFT,35.45701780877979,15114.146281148882,0.00019362421738726657,0.9999651482482067,3.1829336088161635
10,5,0.8,32,-1,1,GA,32.9218662895168,14283.482082328032,0.00021207822056247785,0.9999618266489197,4.307435414799069
10,5,1,4,-1,0,HEFT,39.19004466737336,4134.279946279861,0.0002911056592049018,0.9999476023541477,11.031954761377776
10,5,1,4,-1,0,GA,52.44376308518953,4544.315958515754,0.00026188828558483936,0.999952861219662,5.319900494889081
10,5,1,4,-1,1,HEFT,39.38719745295194,3874.2099897057933,0.0002562822366878683,0.9999538702614054,9.564068809840935
10,5,1,4,-1,1,GA,46.09169385658838,4174.093500151144,0.00025344860400967727,0.9999543802918889,8.216369155123168
10,5,1,8,-1,0,HEFT,31.361947555145555,5087.92622484014,0.0002683694133780577,0.9999516946723318,8.437808688542516
10,5,1,8,-1,0,GA,31.45978536969073,5050.223073000838,0.00026228471285665733,0.9999527898661191,5.645864995387357
10,5,1,8,-1,1,HEFT,23.513005049103665,3885.479050962119,0.0002103657062336133,0.9999621348897794,6.5371337531363025
10,5,1,8,-1,1,GA,25.655352708434393,4135.722755513362,0.00021612518029763054,0.9999610982242398,6.69623739696798
10,5,1,8,-1,2,HEFT,27.664261086670997,4123.885322813945,0.00018967910316453876,0.9999658583442698,7.6890124586847355
10,5,1,8,-1,2,GA,47.32576780565616,6166.9429787148165,0.00020977639139170868,0.9999622409624398,3.6663536442281353
10,5,1,16,-1,1,HEFT,15.161033654015053,4243.447197588796,0.00017216133540283029,0.9999690114397827,3.657936058932566
10,5,1,16,-1,1,GA,20.888897980355434,5376.447652508976,0.0001764572661861411,0.9999682381965032,3.263063729485547
10,5,2,4,-1,0,HEFT,12.34996962632883,2304.2169270718086,0.00022111348643514536,0.9999602003644684,1.2244267178913948
10,5,2,4,-1,0,GA,12.34996962632883,2173.76958164139,0.0002042598242348328,0.9999632339075271,1.25370465458816
10,5,2,4,-1,1,HEFT,15.13057287298287,2740.0067724908326,0.0002601730328924619,0.9999531699506404,1.4736882783373888
10,5,2,4,-1,1,GA,19.215720885186713,2628.499902509696,0.00022043220930500443,0.9999603229894786,7.303801821854718
10,5,2,4,-1,2,HEFT,21.108227201857652,2828.196555188348,0.0002344963371445969,0.9999577915501157,9.703701404658675
10,5,2,4,-1,2,GA,20.89058888710393,2768.7982123789175,0.0002281718276224714,0.999958929914427,8.528120081479214
10,5,2,8,-1,0,HEFT,26.33754694478498,4830.650710674764,0.0002974478299709826,0.9999464608238778,6.600219816883219
10,5,2,8,-1,0,GA,34.65216255296659,5720.086353996525,0.000309234980479552,0.9999443392526305,4.215229121731235
10,5,2,8,-1,1,HEFT,16.421331876600863,3075.602869343977,0.0001936892776731646,0.9999651365377634,4.952757283664811
10,5,2,8,-1,1,GA,21.14846035081177,3608.002764520298,0.0002038437430028899,0.9999633087993979,3.123644072014073
10,5,2,8,-1,2,HEFT,12.621323169558162,2214.21104174032,0.00012953023481430704,0.9999766848295362,2.9053839340829337
10,5,2,8,-1,2,GA,15.139218912877173,2513.046984491807,0.00013690981509762254,0.9999753565369375,3.3005705729843156
10,5,2,16,-1,0,HEFT,19.978078919749834,5501.405944104825,0.00021519570949778512,0.9999612655224897,3.4784349886321735
10,5,2,16,-1,0,GA,23.87518383535742,6223.282030357746,0.00021178898371694083,0.9999618787095659,2.4386512689054487
10,5,2,16,-1,1,HEFT,22.6678958212999,6277.801332341471,0.00024878105098861627,0.9999552204134576,4.642867593466604
10,5,2,16,-1,1,GA,23.88430187933035,6618.321269877626,0.0002626014611170799,0.9999527328541254,4.796655498104398
10,5,2,16,-1,2,HEFT,11.340680750907621,3282.353685949902,0.000142757491185483,0.9999743039817349,2.5397058559877124
10,5,2,16,-1,2,GA,14.170928572645044,3926.740235383135,0.00015580386943608352,0.9999719556967506,2.9926178071888723
10,5,2,32,-1,0,HEFT,21.302343137603717,9800.660162190497,0.0002093747283398797,0.9999623132590616,3.0440315975607737
10,5,2,32,-1,0,GA,25.003948335263075,11260.229140252908,0.00021430400252091562,0.9999614260235412,2.1267551070821913
10,5,2,32,-1,1,HEFT,16.49950493363005,7762.4303150974265,0.00018431788379631608,0.9999668233312744,2.969200440743083
10,5,2,32,-1,1,GA,30.65549523721053,13462.659951003192,0.00021846896381322347,0.9999606763597081,2.6303975253581005
10,5,2,32,-1,2,HEFT,18.383065610623618,8626.512704609615,0.00020250846384110407,0.9999635491408575,2.8163312044958433
10,5,2,32,-1,2,GA,21.380148001054955,9793.398858351442,0.00020457648914035383,0.9999631769099416,2.2873886352979085
10,5,4,4,-1,0,HEFT,20.784891594054223,2648.7769325345307,0.00021332068940825945,0.9999616030130897,6.421695995214707
10,5,4,4,-1,0,GA,22.932231053838585,2584.266980530371,0.00019166923642714717,0.9999655001325771,5.1436118625006895
10,5,4,4,-1,1,HEFT,27.055821102214754,3708.2939908726303,0.00031131971291554545,0.9999439640217493,3.1837026049102337
10,5,4,4,-1,1,GA,23.311654136268498,3237.8909399904314,0.00027376376504516063,0.9999507237364068,9.540256844481675
10,5,4,4,-1,2,HEFT,25.233745144338915,4104.542285556997,0.00037381427889260073,0.9999327156934897,5.641456390476416
10,5,4,4,-1,2,GA,41.23763769314892,4578.615255111621,0.0003358150705220249,0.9999395551141717,10.594237008558938
10,5,4,8,-1,0,HEFT,13.86584468137267,3018.132059232982,0.00021796007362031078,0.9999607679563449,5.253459742733374
10,5,4,8,-1,0,GA,14.283463828497027,3012.9324106239437,0.000212108512026903,0.9999618211966639,4.704474858816566
10,5,4,8,-1,1,HEFT,13.751771037106334,2574.615671600612,0.0001620730816587086,0.9999708272708338,3.149588826193109
10,5,4,8,-1,1,GA,13.415588221418872,2346.1101227929594,0.00013672011027606557,0.9999753906829645,4.500595696712564
10,5,4,8,-1,2,HEFT,20.7153672125527,3623.3672155982044,0.00021120051204045806,0.9999619846304354,6.563761613552224
10,5,4,8,-1,2,GA,19.464362957023496,3376.8270963542273,0.0001948641153074899,0.9999649250743841,4.403231330354691
10,5,4,16,-1,0,HEFT,24.832476345443975,6325.956008625133,0.0002013075646382287,0.9999637652948579,3.616729374818682
10,5,4,16,-1,0,GA,25.485952453200646,6512.453006476212,0.0002091925239614583,0.9999623460546144,3.0543195015515305
10,5,4,16,-1,1,HEFT,13.051757745016921,4105.460516928615,0.0002066567222074117,0.9999628024818474,3.3598661484831114
10,5,4,16,-1,1,GA,13.589383014452078,4206.699948050281,0.00020640031127590203,0.9999628486340992,3.181925476149831
10,5,4,16,-1,2,HEFT,23.113507992585706,6894.192324477629,0.0003173641847417536,0.9999428760783798,5.9801402205731655
10,5,4,16,-1,2,GA,24.6738239749207,7043.303720073514,0.00029792371019234375,0.9999463751700282,3.8262364656755032
10,5,4,32,-1,0,HEFT,18.011120927258332,8664.763249654654,0.00022590346428778496,0.9999593382031415,2.692085388497704
10,5,4,32,-1,0,GA,18.563274302889155,8821.538982013346,0.00021876507102117724,0.999960623062508,2.5905329554677485
10,5,4,32,-1,1,HEFT,21.002621112428212,9873.868892479266,0.00023370315055643847,0.9999579343176854,2.8933751838640873
10,5,4,32,-1,1,GA,22.76083270411032,10813.226850670026,0.00026783812561907813,0.9999517902995135,2.868608156610825
10,5,4,32,-1,2,HEFT,33.253735921271904,14722.685631833774,0.0002523580152539228,0.9999545765889287,3.7304244432889115
10,5,4,32,-1,2,GA,42.83128423081531,18871.235672164134,0.0003131812051073713,0.9999436289719871,2.931634055760371
10,8,0.8,4,-1,0,HEFT,29.04464306879902,2790.6478818526484,0.00018042700446386245,0.9999675236665642,8.200212732337217
10,8,0.8,4,-1,0,GA,31.558149881835675,2843.92178470625,0.00017172229849846742,0.9999690904639797,9.478559911010516
10,8,0.8,4,-1,1,HEFT,54.88687669164486,4476.869312297153,0.0002380231564726356,0.9999571567496333,12.203088960226046
10,8,0.8,4,-1,1,GA,53.73410715320358,4258.6423219194185,0.00021697741325137543,0.9999609448282878,9.312568414395964
10,8,0.8,4,-1,2,HEFT,27.046505918934418,2603.183585795968,0.0001685983593911003,0.9999696527557962,5.954870023733526
10,8,0.8,4,-1,2,GA,18.485751836806315,2096.237146269356,0.00015619135117605335,0.9999718859519955,4.685535598980764
10,8,0.8,8,-1,0,HEFT,23.711266302093076,3827.826318212533,0.00020045797845111082,0.9999639182148422,6.384679788080743
10,8,0.8,8,-1,0,GA,25.991185503227488,4045.2812574391023,0.000200274864228587,0.9999639511742132,3.1458484755064546
10,8,0.8,8,-1,1,HEFT,41.69937085579994,6374.490002656912,0.00030637602073644936,0.9999448538368728,12.111457229856315
10,8,0.8,8,-1,1,GA,67.67420756834642,8863.068934282499,0.00030572932916295137,0.9999449702349438,7.642711914878905
10,8,0.8,8,-1,2,HEFT,47.326123667875855,6270.772372598882,0.00022318662796935406,0.9999598272139135,9.783886872830001
10,8,0.8,8,-1,2,GA,52.02838028873052,6817.020334428087,0.00023543873730102815,0.9999576219252619,6.522783003009055
10,8,0.8,16,-1,0,HEFT,33.53029614486694,7861.200309086427,0.0001838996704485757,0.9999668986071825,4.704959028910418
10,8,0.8,16,-1,0,GA,43.47482230136735,9971.281623795441,0.00020983407518513066,0.999962230579749,3.643656058125789
10,8,0.8,16,-1,1,HEFT,50.90297829210844,11653.62632285358,0.00024292693679182957,0.9999562741073822,7.286814904945476
10,8,0.8,16,-1,1,GA,80.12558442986241,17490.383292748542,0.0002721280467977983,0.9999510181512264,5.623056690516351
10,8,0.8,16,-1,2,HEFT,32.83440778603914,7908.744495900297,0.0002073046771293002,0.9999626858543068,5.227657951698224
10,8,0.8,16,-1,2,GA,53.19870809080334,12158.29779642856,0.00025118163346179805,0.9999547883280553,3.9345109402640857
10,8,0.8,32,-1,0,HEFT,40.67105124813963,16937.204090807787,0.00017048067332327792,0.9999693139496282,2.5148286208343786
10,8,0.8,32,-1,0,GA,43.02845028823107,17991.482330046514,0.00018973610069325384,0.9999658480850651,2.6892514919104347
10,8,0.8,32,-1,2,HEFT,31.236652397167656,13763.207369721786,0.00022846677638364423,0.9999588768258321,5.382076178066502
10,8,0.8,32,-1,2,GA,43.48869299086176,18557.47316084863,0.00024002778454234038,0.999956795932105,2.876726472685535
10,8,1,4,-1,0,HEFT,54.74445098625556,5189.758707580037,0.00033101098969506073,0.9999404197968257,7.489065422880898
10,8,1,4,-1,0,GA,52.12993051093798,4753.2061926718625,0.00029082293645308005,0.9999476532415777,15.783658264660362
10,8,1,4,-1,1,HEFT,59.68861123689652,5021.170178134376,0.0002785680670236877,0.9999498590050375,8.76477218353827
10,8,1,4,-1,1,GA,33.76021334861811,3572.9314035028224,0.000252253380202733,0.9999545954223826,13.783594530499666
10,8,1,4,-1,2,HEFT,47.55672396057654,4423.840431618425,0.0002766301914096578,0.9999502078052187,7.83967759734938
10,8,1,4,-1,2,GA,46.29655482214436,4443.793936864793,0.0002870231660725922,0.9999483371646771,5.842636086111277
10,8,1,8,-1,0,HEFT,36.31728792772408,5192.365812858974,0.0002204013141857187,0.9999603285503793,8.544402655464598
10,8,1,8,-1,0,GA,42.32226795619314,5896.953133477173,0.00023695289530783364,0.9999573493884081,6.114905273480299
10,8,1,8,-1,2,HEFT,37.75124995811335,5737.30875503957,0.0002730218034962131,0.9999508572829134,9.54190357456016
10,8,1,8,-1,2,GA,71.07924414912367,9008.876323820841,0.0002823344813313914,0.999949181084685,3.958322121335616
10,8,1,16,-1,0,HEFT,29.901517965119098,7534.981884499559,0.0002317687900770919,0.9999582824879856,6.494464723962404
10,8,1,16,-1,0,GA,50.61681336537896,11518.00916933105,0.00023250400557859037,0.999958150154725,2.8113858126337905
10,8,1,16,-1,1,HEFT,48.19687601287498,11286.266325193468,0.00026259252334902733,0.9999527344628477,9.23805825712649
10,8,1,16,-1,1,GA,79.86716447466942,17130.694600700335,0.00023206705704958736,0.9999582288021719,4.01213069918447
10,8,1,32,-1,1,HEFT,28.05393971134871,12111.355644827272,0.00017295126559035756,0.9999688692567655,3.4568296774990355
10,8,1,32,-1,1,GA,35.2523389006824,14790.062172565917,0.00016190749802375644,0.9999708570750189,1.7844321509246959
10,8,2,4,-1,0,HEFT,50.93199031148659,5261.1594162445745,0.0003638790544306484,0.9999345039151647,5.871411323022709
10,8,2,4,-1,0,GA,40.44703080494914,4450.482394844048,0.0003241634258664714,0.999941652285638,13.891697324634572
10,8,2,4,-1,1,HEFT,27.867245377771063,3056.237766964613,0.0002220426342159693,0.9999600331245381,4.843686541638223
10,8,2,4,-1,1,GA,28.47553189404792,3030.643324547641,0.00021496353922911387,0.99996130731152,1.3081319613360436
10,8,2,4,-1,2,HEFT,33.47208168469647,4091.630233669575,0.00032105559596952774,0.999942211662536,3.2737076267817256
10,8,2,4,-1,2,GA,43.12687078003445,4500.835488278752,0.00031404983085750633,0.9999434726281777,5.573986678879006
10,8,2,8,-1,0,HEFT,29.442694384730505,4569.509608613354,0.00022519521287845304,0.9999594656832196,4.075885257071795
10,8,2,8,-1,0,GA,31.198476349720288,4651.4229962386225,0.00021400119724360138,0.9999614805263904,3.9965624932429185
10,8,2,8,-1,1,HEFT,25.55929725478895,4326.440265596664,0.00024195707094792307,0.9999564486756157,5.028736220651248
10,8,2,8,-1,1,GA,27.920749610452603,4468.016527069363,0.0002309592460550275,0.9999584281998414,5.19338167182159
10,8,2,8,-1,2,HEFT,35.26325562238959,5431.232471885882,0.000264335908544765,0.9999524206683941,3.7223491676657763
10,8,2,8,-1,2,GA,21.010589861005283,3835.7665306935514,0.0002349806077567241,0.9999577043850888,6.545774085730875
10,8,2,16,-1,0,HEFT,33.930997508978564,8299.83677688484,0.0002306311699174364,0.9999584872510927,5.0530096034136704
10,8,2,16,-1,0,GA,44.828150724149666,10601.560875779393,0.0002576945654706275,0.9999536160539837,4.368464689604293
10,8,2,16,-1,1,HEFT,27.283947995383116,6913.003300635975,0.00021634176815535104,0.999961059239943,4.522642593807727
10,8,2,16,-1,1,GA,38.528733278854055,9177.799306229417,0.00023001066107098683,0.9999585989380547,3.201818043802396
10,8,2,16,-1,2,HEFT,33.79420588245861,8205.355668426197,0.00022181758901733094,0.9999600736310554,3.7325967502496438
10,8,2,16,-1,2,GA,44.66025331147122,10583.382220859941,0.0002595107991030317,0.9999532891471473,3.0329438086859644
10,8,2,32,-1,0,HEFT,17.40783776143594,8135.5691831105305,0.0001874624654675878,0.9999662573255126,3.0922846984547485
10,8,2,32,-1,0,GA,22.117115727818888,10139.825544036987,0.00021277171893469408,0.9999617018239856,2.680603376903777
10,8,2,32,-1,1,HEFT,31.589760228589842,13984.877872156525,0.00023958784811085586,0.9999568751172447,3.678563336102253
10,8,2,32,-1,1,GA,45.081340141887004,19637.991772896683,0.00030061461994988076,0.999945890832363,2.794514402673666
10,8,2,32,-1,2,HEFT,24.59749845776573,11047.944325560256,0.00020704197904111328,0.9999627331381993,3.1027838893697552
10,8,2,32,-1,2,GA,24.05159650845575,10892.259396025062,0.00021401115462248748,0.9999614787341312,2.6273293345927127
10,8,4,4,-1,0,HEFT,45.034198682476436,4603.063888985241,0.00031542924447369145,0.999943224347793,3.152349133198911
10,8,4,4,-1,0,GA,33.3641260875087,3881.944914922002,0.00029463396159193594,0.9999469672931971,12.417278741970714
10,8,4,4,-1,1,HEFT,24.679825334172524,3071.5336045240315,0.00024378578662580754,0.9999561195211837,7.8799083698642445
10,8,4,4,-1,1,GA,27.394448866468473,3106.9218047651784,0.00023152303090112291,0.9999583267227928,11.095118951509841
10,8,4,4,-1,2,HEFT,43.15387770320872,4762.343998517099,0.00034766897529238763,0.9999374215425608,4.589371254771022
10,8,4,4,-1,2,GA,51.39121707242691,5102.721280329676,0.00034056109313348635,0.9999387008821037,10.338143855705566
10,8,4,8,-1,0,HEFT,22.25022279673762,3838.865869007547,0.00022000574683730433,0.9999603997496798,4.404949437017488
10,8,4,8,-1,0,GA,23.635113729541388,3713.251757886427,0.00018659959171194498,0.9999664126375599,5.479793251641315
10,8,4,8,-1,1,HEFT,14.425930189275341,2889.443468597376,0.00019438684372441128,0.9999650109802597,3.726099393082612
10,8,4,8,-1,1,GA,14.425930189275341,2911.8616858627593,0.00019728325422381472,0.9999644896447474,3.3324270001789045
10,8,4,8,-1,2,HEFT,36.64644453954326,5364.171094911684,0.00023851581642319531,0.9999570680746453,6.350135150336935
10,8,4,8,-1,2,GA,46.238518502724766,6087.885387064913,0.00021304749493583134,0.9999616521862078,3.5452206860432636
10,8,4,16,-1,0,HEFT,31.693527639996667,7628.757428337013,0.00019943154024000675,0.9999641029670708,3.8339769913378396
10,8,4,16,-1,0,GA,40.31933962014831,9233.420872771303,0.00019277876817865976,0.9999653004237721,2.413496996267948
10,8,4,16,-1,1,HEFT,16.535482623389683,4579.403012979314,0.00018147162135510262,0.9999673356416476,4.445104775367576
10,8,4,16,-1,1,GA,47.147487833768984,10370.464925636361,0.00017030326376650073,0.9999693458823692,1.9625892745631965
10,8,4,16,-1,2,HEFT,34.71409658604352,8694.334278122482,0.00026217412578838866,0.9999528097708519,5.145788756951945
10,8,4,16,-1,2,GA,38.92479084489892,9407.93974269884,0.000249919883782719,0.999955015432755,3.414384652238548
10,8,4,32,-1,0,HEFT,26.909568054352725,11702.843754684089,0.00017694697956235659,0.9999681500508993,1.9119921384097167
10,8,4,32,-1,0,GA,26.42983349483253,11634.255731537396,0.00019188626221210652,0.9999654610692845,1.8572560941500247
10,8,4,32,-1,1,HEFT,21.779407086541056,9952.82824504373,0.00020536639842531833,0.999963034731516,2.801704119033692
10,8,4,32,-1,1,GA,30.58870325585535,13615.8431646664,0.0002415737873924994,0.9999565176636535,2.3496833261452537
10,8,4,32,-1,2,HEFT,27.431700278116963,12443.12631056632,0.0002466864862751172,0.999955597418294,2.4763495876938397
10,8,4,32,-1,2,GA,20.60112209879038,9984.854986899269,0.000267961770150357,0.999951768044571,3.34478719468181
10,10,0.8,4,-1,2,HEFT,34.38723436612531,3559.4636487590305,0.00024662485777584187,0.9999556085109317,5.511939354326261
10,10,0.8,4,-1,2,GA,59.3088110233133,4836.228370291943,0.0002570291267665252,0.999953735827402,3.3741287887776825
10,10,0.8,8,-1,1,HEFT,47.23685865668717,6209.5576077464575,0.00021638490655096748,0.9999610514753343,12.23116378463584
10,10,0.8,8,-1,1,GA,74.24562723436611,9105.76511530727,0.0002555794445488531,0.9999539967581628,5.118985059428785
10,10,0.8,8,-1,2,HEFT,56.90970832312174,7423.98762552725,0.0002533146804273338,0.9999544043970343,9.59669074391091
10,10,0.8,8,-1,2,GA,72.89855841200736,8926.628737163584,0.00024914304000140546,0.9999551552583553,3.8162527579764767
10,10,0.8,16,-1,0,HEFT,44.08146402664135,10112.543241645617,0.00021303645329851133,0.9999616541736263,5.648438648635761
10,10,0.8,16,-1,0,GA,46.10869536987106,10411.946355065731,0.0002014311168023887,0.9999637430562744,3.7717396288555207
10,10,0.8,16,-1,1,HEFT,35.960800492939015,8613.298074770706,0.0002207783436855833,0.9999602606877642,6.8929191359408
10,10,0.8,16,-1,1,GA,55.86754625528159,12621.809563539602,0.0002448631372772011,0.9999559256065945,3.347091454226692
10,10,0.8,32,-1,0,HEFT,24.09856185067976,10348.526458526812,0.00014143135760539847,0.9999745426796742,3.153018011038323
10,10,0.8,32,-1,0,GA,32.644448266255345,13650.911319672123,0.00014411410664471203,0.9999740597972567,1.831087670017117
10,10,0.8,32,-1,1,HEFT,36.12357137770791,15053.023740267443,0.0001526579239312151,0.9999725219512208,2.941347725923073
10,10,0.8,32,-1,1,GA,40.631717252538856,16640.36480307221,0.00013408079820378447,0.999975865747559,1.5416114059539983
10,10,0.8,32,-1,2,HEFT,36.894522806828874,15709.26251522346,0.00019919454229989296,0.9999641456251696,3.9503644893771606
10,10,0.8,32,-1,2,GA,37.94977039562116,16021.910438504994,0.00018723496209127496,0.9999662982747394,3.4359382634661277
10,10,1,4,-1,0,HEFT,45.65648132341923,4490.860473351145,0.0002970735619931554,0.9999465281885095,13.636939513399165
10,10,1,4,-1,0,GA,71.39524896204901,5801.267017351196,0.0003067564686269823,0.9999447853600313,4.865197051262062
10,10,1,4,-1,2,HEFT,53.17854790109191,4814.221176535938,0.00029220295572138585,0.9999474048511433,10.239756690372705
10,10,1,4,-1,2,GA,51.356777247366736,4505.388389908359,0.0002635998813998391,0.9999525531469854,13.763465506340886
10,10,1,8,-1,1,HEFT,32.18055376231967,4604.1858941138635,0.0001957174073554489,0.9999647714872146,7.075444044823879
10,10,1,8,-1,1,GA,47.73682852762765,6116.700332331921,0.00019818666585008624,0.9999643270364424,5.506661561391286
10,10,1,8,-1,2,HEFT,67.4175143432183,8736.569774376703,0.0002925695603911816,0.999947338865776,12.049442795357516
10,10,1,8,-1,2,GA,77.93452799759166,9778.888145123608,0.00029679243635075033,0.9999465787884209,4.776873484811512
10,10,1,16,-1,0,HEFT,50.025139939634954,12055.51984170585,0.0003166269991338422,0.9999430087642178,7.350246405568454
10,10,1,16,-1,0,GA,73.33907284492813,16765.658986077062,0.00034684198964481447,0.9999375703906731,4.762296215398169
10,10,1,16,-1,2,HEFT,37.5622134236724,8290.844364007578,0.0001393926856153072,0.9999749096313579,3.2142161632423463
10,10,1,16,-1,2,GA,36.34997115191407,8014.869411111495,0.0001338081330676994,0.9999759148261002,2.7576098257712998
10,10,1,32,-1,1,HEFT,35.58434016345387,15644.009818546961,0.00025576527077269715,0.999953963310982,5.3668114932739455
10,10,1,32,-1,1,GA,68.48440985913777,28312.623566871072,0.0002602855530958878,0.9999531496979522,2.5588678656042783
10,10,1,32,-1,2,HEFT,58.137573328504814,24038.5921982633,0.00022141654265083293,0.9999601458165219,5.400248481547625
10,10,1,32,-1,2,GA,78.9922740034778,32200.776785930946,0.00024131053857822627,0.9999565650463809,3.7693554349134164
10,10,2,4,-1,0,HEFT,44.54217207865597,4257.483241493153,0.0002738319097826443,0.9999507114709586,5.8575719837286755
10,10,2,4,-1,0,GA,41.60735450770187,4287.046802747187,0.00029585191038468953,0.9999467480740647,5.448826181742459
10,10,2,4,-1,1,HEFT,33.33289107784756,3150.463126032895,0.00020032097600726254,0.9999639428743925,2.419427058714212
10,10,2,4,-1,1,GA,31.243998293092375,2860.5222715257096,0.00017581529114435088,0.9999683537483474,4.199779437011357
10,10,2,4,-1,2,HEFT,40.44795643217135,3552.751122777449,0.00020817173307922793,0.9999625297900716,3.066769729372483
10,10,2,4,-1,2,GA,22.77966833084737,2437.882551959043,0.00017370264497136554,0.9999687340126961,8.546429032429053
10,10,2,8,-1,0,HEFT,24.98074294780264,4519.989061749122,0.000274139242733859,0.9999506561537556,4.932272366949812
10,10,2,8,-1,0,GA,26.109100116227218,4580.4287313375025,0.0002679528579043527,0.999951769648698,6.4202494366640614
10,10,2,8,-1,1,HEFT,61.417075543098285,8050.931734482422,0.00027840988143992086,0.9999498874770153,4.562937565732209
10,10,2,8,-1,1,GA,61.417075543098285,7829.310131079603,0.00024977659934653334,0.9999550412227937,5.1810915227065255
10,10,2,8,-1,2,HEFT,25.34206268774586,3958.9980969658295,0.00019717830477289757,0.9999645085349776,4.923584009975255
10,10,2,8,-1,2,GA,29.256002441736452,4334.657687025501,0.00019716814633317863,0.9999645103634321,4.062454548413403
10,10,2,16,-1,0,HEFT,34.57902734134062,8211.003473897372,0.00020307884035658568,0.999963446476832,4.667792511671238
10,10,2,16,-1,0,GA,48.05364947032696,10767.468861144507,0.00019911733370048192,0.9999641595222191,2.9875248429265544
10,10,2,16,-1,1,HEFT,28.400019380889557,6816.929055242341,0.0001762435832185459,0.9999682766582165,3.9978001659172393
10,10,2,16,-1,1,GA,28.400019380889557,6846.564952901034,0.00018007251056463038,0.9999675874733955,2.9969146341986113
10,10,2,16,-1,2,HEFT,36.898197094591076,9229.456490342613,0.00027713212508800064,0.9999501174616594,6.182791329413057
10,10,2,16,-1,2,GA,60.8708626407822,13823.039725615286,0.00027594755795673183,0.9999503306731298,3.9800605356438945
10,10,2,32,-1,0,HEFT,32.2980372033602,14252.727963277779,0.0002390544802567779,0.9999569711193226,3.823153491314417
10,10,2,32,-1,0,GA,32.2980372033602,14093.249428980967,0.00021845001846132418,0.9999606797697375,2.452911700116646
10,10,2,32,-1,1,HEFT,17.407195684265854,7826.075606358927,0.00014750807023266641,0.999973448899845,2.1190930226269113
10,10,2,32,-1,1,GA,17.483020732771447,7728.707739525518,0.00013116637960481692,0.9999763903303838,1.551986556884411
10,10,2,32,-1,2,HEFT,21.609959847430126,9778.744666990244,0.00019128166480323995,0.9999655698930651,3.549445396596469
10,10,2,32,-1,2,GA,26.728339895079635,11681.16001022041,0.00018313662668085681,0.9999670359505236,2.0108708847137273
10,10,4,4,-1,0,HEFT,25.973855846199392,3183.8274296797213,0.0002502690373465311,0.9999549525879428,4.213726799133356
10,10,4,4,-1,0,GA,25.973855846199392,3113.457176359213,0.00024117727335163335,0.99995658903308,3.6866025101833695
10,10,4,4,-1,1,HEFT,49.035539237531644,4834.691353097234,0.00032054075835861957,0.9999423043279546,6.789154267754878
10,10,4,4,-1,1,GA,48.75029037076548,4636.7733842020025,0.00029673894656398714,0.9999465884160679,1.7023626322881253
10,10,4,4,-1,2,HEFT,57.219804478917354,5217.799012943384,0.00031928273875392137,0.9999425307584443,4.398923223709201
10,10,4,4,-1,2,GA,38.94941602308883,4255.097955288893,0.0003082074917546032,0.9999445241903239,10.88906160146221
10,10,4,8,-1,0,HEFT,35.11666451826002,5391.996099213972,0.0002610847939872106,0.9999530058413424,4.738839672845777
10,10,4,8,-1,0,GA,41.270287525773014,5931.417601482568,0.000254453488243974,0.9999541994209948,5.235625039150345
10,10,4,8,-1,1,HEFT,47.15968004228664,6334.051914813091,0.0002334266964797898,0.9999579840773272,5.033661977351518
10,10,4,8,-1,1,GA,47.15968004228664,6191.680771410271,0.00021503249190578215,0.9999612949005187,4.460013275682454
10,10,4,8,-1,2,HEFT,30.201338621123476,4944.069521365569,0.0002641784255475084,0.9999524490139855,2.597391209528097
10,10,4,8,-1,2,GA,28.66612283448982,4714.615630712221,0.0002535746561500256,0.9999543576035389,5.206112305487672
10,10,4,16,-1,0,HEFT,32.903951207492156,8144.549457491929,0.00023604532631181328,0.9999575127438729,3.2600821352890903
10,10,4,16,-1,0,GA,40.15431292517986,9645.953954595509,0.00025017130141614686,0.9999549701796179,3.213982286736374
10,10,4,16,-1,1,HEFT,23.124256760577218,6329.1005328996625,0.00024408827323886775,0.9999560650759839,5.3633362196486685
10,10,4,16,-1,1,GA,38.46088406313896,9293.776271620314,0.00024667784644672244,0.9999555989733945,3.5888234133563293
10,10,4,16,-1,2,HEFT,19.285174848552707,4938.80629943979,0.00015969673495060352,0.9999712550008543,3.112741746849525
10,10,4,16,-1,2,GA,19.15711184000173,4959.631503397846,0.00016556408657849016,0.9999701989084773,2.808752561893246
10,10,4,32,-1,0,HEFT,33.30584461863888,14514.916684849217,0.0002229292443529569,0.9999598735411043,4.25881063169264
10,10,4,32,-1,0,GA,40.32125537421325,17237.136858275255,0.00022658589077226976,0.9999592153713764,2.8688164043357793
10,10,4,32,-1,1,HEFT,21.447803393578752,9617.619869529772,0.00017850947886247152,0.9999678688100226,2.3871820133186357
10,10,4,32,-1,1,GA,25.459789283340214,11349.192118256244,0.00020318256246170573,0.9999634278075361,2.734210866915893
10,10,4,32,-1,2,HEFT,17.553711792564894,7729.848819151068,0.000127806652558934,0.999976995067157,2.8148118499764743
10,10,4,32,-1,2,GA,38.834797755410506,16072.78547229195,0.00014989962974345142,0.9999730184306552,1.5559956721591945
20,0.1,0.8,4,-1,0,HEFT,35.669665233095266,6379.738952673581,0.0006030484523882439,0.9998914571697691,3.594061346620006
20,0.1,0.8,4,-1,0,GA,41.73216008459283,6358.322877618026,0.0005626846503304353,0.9998987218919144,5.507419315984214
20,0.1,0.8,4,-1,1,HEFT,31.513031958479754,5158.338645056404,0.0004710223657686532,0.9999152195682256,5.504063198777289
20,0.1,0.8,4,-1,1,GA,38.77401803694221,5552.366923107386,0.0004769010409992456,0.9999141614969553,1.9244776062515287
20,0.1,0.8,4,-1,2,HEFT,30.487251680958593,5119.564108599188,0.0004723741638130718,0.9999149762652363,4.151067463516487
20,0.1,0.8,4,-1,2,GA,35.509841181022544,5317.208038776207,0.000466761713447949,0.9999159864209178,7.269703841212463
20,0.1,0.8,8,-1,0,HEFT,30.765710217837167,6838.815065823488,0.000501977633709447,0.99990964810791,8.046022222783828
20,0.1,0.8,8,-1,0,GA,31.101050296003528,6758.29684906518,0.0004874155065437781,0.9999122690574067,5.854695308151643
20,0.1,0.8,8,-1,1,HEFT,34.92078819606514,8315.01989718205,0.0006411659212351158,0.9998845967936402,5.710793489485594
20,0.1,0.8,8,-1,1,GA,37.13566500111701,8505.43779221499,0.0006382963762413123,0.9998851132522647,6.045218361541078
20,0.1,0.8,16,-1,0,HEFT,26.2553311819762,8428.721018090764,0.00043768700660869956,0.9999212194421614,6.341861237869532
20,0.1,0.8,16,-1,0,GA,28.479337240405002,9299.853317436393,0.0004950672567543454,0.9999108918641502,5.338471919884232
20,0.1,0.8,16,-1,1,HEFT,27.82506754922394,8115.104716479388,0.00035822890788480497,0.9999355208754486,5.239495923904019
20,0.1,0.8,16,-1,1,GA,29.71950891818869,8756.434548007395,0.0003940941648210809,0.9999290655662985,4.0437482423802855
20,0.1,0.8,16,-1,2,HEFT,28.46097557783129,8521.274396017907,0.0003949311479424159,0.9999289149200343,5.409147865854523
20,0.1,0.8,16,-1,2,GA,30.27051373221689,9146.470070487385,0.0004308180147159873,0.9999224557640608,4.073044375169113
20,0.1,0.8,32,-1,0,HEFT,30.86401160394955,15388.421259101666,0.0004569303363288165,0.9999177559216909,5.638930028197504
20,0.1,0.8,32,-1,0,GA,44.502417964254604,22106.528617634,0.0006482687492713481,0.9998833184329545,3.8710409225789832
20,0.1,0.8,32,-1,1,HEFT,25.82684038400147,13169.640342556475,0.0004201723042764741,0.9999243718451836,5.0306665236221635
20,0.1,0.8,32,-1,1,GA,28.954632058327803,15246.123590321466,0.0005332745322898693,0.9999040151910246,3.206002518706439
20,0.1,0.8,32,-1,2,HEFT,25.668774600220143,13186.44153322066,0.00043018502412611455,0.9999225696935383,4.840705887554016
20,0.1,0.8,32,-1,2,GA,30.524557813901076,15660.031074803508,0.0005088631620498057,0.9999084088255589,3.1730084888026995
20,0.1,1,4,-1,1,HEFT,35.13799354187948,6053.804107850026,0.0005642351961033347,0.9998984428219807,4.344143865249014
20,0.1,1,4,-1,1,GA,36.23768848509395,5765.106419646075,0.0005201159395815976,0.9999063835131718,4.767235981032627
20,0.1,1,4,-1,2,HEFT,28.69802244749247,5726.226047534452,0.0005618502545290455,0.9998988720679582,2.016901194771675
20,0.1,1,4,-1,2,GA,31.02951132176083,5537.16146055234,0.0005229644595746537,0.9999058708277049,2.5180942538191537
20,0.1,1,8,-1,1,HEFT,25.22696699491219,5699.142832357303,0.0004234307494632729,0.9999237853695792,7.277782014481899
20,0.1,1,8,-1,1,GA,26.85159189501953,6129.552816051653,0.0004588888881304623,0.9999174034114228,4.23812275204277
20,0.1,1,8,-1,2,HEFT,33.75586274844394,8096.952665660696,0.0006274405480374779,0.9998870670787554,8.906721545987972
20,0.1,1,8,-1,2,GA,46.67867673672853,9780.502101495553,0.0006846704308487874,0.9998767669162677,7.772088144468316
20,0.1,1,16,-1,0,HEFT,19.85497182978617,6871.586465242668,0.00039527543590745775,0.999928852952608,5.080703202810251
20,0.1,1,16,-1,0,GA,21.048360210535993,7343.492538714678,0.00042664178014105507,0.9999232074282751,3.3185216946121128
20,0.1,1,16,-1,1,HEFT,24.459132799152975,8403.900021541576,0.00047903701861811435,0.9999137770540607,6.4150310479137325
20,0.1,1,16,-1,1,GA,25.546260065799245,8856.098729568397,0.0005104931262189848,0.9999081154589239,4.7689130288016655
20,0.1,1,32,-1,0,HEFT,19.271406473629394,9898.968749132411,0.00032283574460707033,0.9999418912543492,3.8597834034085006
20,0.1,1,32,-1,0,GA,26.292940983522556,13565.828275546402,0.00044823500489324814,0.9999193209538487,3.175683619420133
20,0.1,1,32,-1,1,HEFT,30.03952640646463,15601.00063767076,0.0005253000642878996,0.9999054504585179,5.277277076578723
20,0.1,1,32,-1,1,GA,39.9796117629188,20680.535788690457,0.0006884192340735968,0.9998760922150706,4.251360285137174
20,0.1,1,32,-1,2,HEFT,28.807429068563927,14715.90654461768,0.000472074132078699,0.9999150302663581,5.887802109568707
20,0.1,1,32,-1,2,GA,35.636906273616844,18190.0920850325,0.0005821085369462051,0.9998952259525337,4.016195085644803
20,0.1,2,4,-1,0,HEFT,23.67898047609846,4706.511136984547,0.0004612299837379614,0.9999169820491078,1.6424613928729672
20,0.1,2,4,-1,0,GA,26.649837227699823,4665.078250918561,0.0004374529798435362,0.9999212615636616,7.020320709697887
20,0.1,2,4,-1,1,HEFT,40.37846675585648,7787.36474224929,0.0007557103795824521,0.999863981383046,1.8956288365630352
20,0.1,2,4,-1,1,GA,44.111524468224225,7482.490112520321,0.0006931701470343099,0.9998752371570647,7.5010542037975805
20,0.1,2,4,-1,2,HEFT,30.008161733239078,6051.373735957485,0.0005957341050080115,0.9998927736102589,1.6673253119203482
20,0.1,2,4,-1,2,GA,34.39007161681838,5737.247586934325,0.0005279746962954837,0.9999049690703915,7.95939872006169
20,0.1,2,8,-1,0,HEFT,19.869950048332356,5369.324442976937,0.00044726217549574036,0.999919496049028,4.243516255889352
20,0.1,2,8,-1,0,GA,29.412524960938413,6559.36804006453,0.0004826570599243464,0.9999131255030216,5.500005897911344
20,0.1,2,8,-1,1,HEFT,20.61502203013441,6413.7237240294035,0.0005729562802501938,0.9998968731874902,5.141710184947624
20,0.1,2,8,-1,1,GA,22.68944979010243,6494.168158821976,0.0005576202815209486,0.9998996333863917,4.087470636331861
20,0.1,2,8,-1,2,HEFT,17.499328321237694,5220.342171055585,0.000457416880131365,0.9999176683510125,3.3535750619419855
20,0.1,2,8,-1,2,GA,25.53250277979472,6144.541054990317,0.0004771861483372124,0.9999141101820406,5.35248755784516
20,0.1,2,16,-1,0,HEFT,16.92486846087833,6229.096958075517,0.0003849511903859016,0.9999307111863114,5.315137270485263
20,0.1,2,16,-1,0,GA,17.334194703855957,6595.42984093739,0.0004221271909298508,0.9999240199922597,3.0187167368655756
20,0.1,2,16,-1,1,HEFT,13.146728048553388,5521.293084381949,0.00038722497403872064,0.9999303019336963,4.214406032626902
20,0.1,2,16,-1,1,GA,14.884118932263103,6118.929235656059,0.00042134087863844236,0.999924161517728,3.774696556316706
20,0.1,2,16,-1,2,HEFT,19.15324591579251,7049.735769667788,0.00043569929636119205,0.9999215772018837,5.025796312550235
20,0.1,2,16,-1,2,GA,19.15324591579251,7287.567103968354,0.00046642685893232455,0.9999160466896685,4.141528424115787
20,0.1,2,32,-1,0,HEFT,17.417267764713927,9819.26655998107,0.0004045265811797058,0.9999271878663198,4.095181859207807
20,0.1,2,32,-1,0,GA,19.182076401374438,10897.542460769755,0.0004562823155868181,0.9999178725558376,3.333125984268576
20,0.1,2,32,-1,1,HEFT,15.715537797462641,8928.798827044087,0.0003739059835682729,0.9999326991877587,3.362330431869771
20,0.1,2,32,-1,1,GA,16.100788253556644,9611.202429352754,0.00044295862273733904,0.9999202706264629,3.064814677480107
20,0.1,2,32,-1,2,HEFT,15.936848151473306,9501.526911801508,0.00043692212165836666,0.9999213571106151,4.168729525148128
20,0.1,2,32,-1,2,GA,22.744712272977438,12939.573199420225,0.0005433596494311223,0.9999022000458294,3.766704912142056
20,0.1,4,4,-1,0,HEFT,29.095747428217603,5956.190499198641,0.0005890949124863304,0.9998939685374856,0.9955562213562341
20,0.1,4,4,-1,0,GA,30.427825000001164,5777.824149672592,0.0005577892183039454,0.9998996029808235,4.573306348804697
20,0.1,4,4,-1,1,HEFT,30.744990782059002,6368.126097278886,0.0006320887002248131,0.9998862305061992,2.049446978181165
20,0.1,4,4,-1,1,GA,33.13497916438017,5704.747127282693,0.0005315591895855872,0.999904323923122,8.72317335711846
20,0.1,4,4,-1,2,HEFT,26.30696012173031,5598.029648117863,0.0005601157057202595,0.9998991842552192,0.500822965225938
20,0.1,4,4,-1,2,GA,30.444497042742164,5671.837397962347,0.0005439924470168893,0.9999020861534104,1.5296208952587833
20,0.1,4,8,-1,0,HEFT,14.249818202538759,5090.7969422790675,0.00048098377194255115,0.9999134266687372,1.1384211369991077
20,0.1,4,8,-1,0,GA,16.06084222309127,5195.285462056678,0.000472021267266139,0.9999150397812159,3.046837715450914
20,0.1,4,8,-1,1,HEFT,14.627876699857573,4927.4822485156665,0.0004551945846678732,0.999918068331342,2.110589836635229
20,0.1,4,8,-1,1,GA,18.573628283637504,5520.828168180144,0.00048291470968358434,0.9999130791300945,2.889263531452874
20,0.1,4,8,-1,2,HEFT,14.942297868585698,5739.107931983113,0.0005561559866406831,0.9998998969330509,1.618368250429617
20,0.1,4,8,-1,2,GA,18.94609301379533,5923.5798097120705,0.0005303300879053901,0.9999045451402822,3.44967583172788
20,0.1,4,16,-1,0,HEFT,12.346599002438719,5471.306534550444,0.0004006149258504147,0.99992789191326,3.7656877251832723
20,0.1,4,16,-1,0,GA,13.556684427803267,5906.062312979309,0.000426767300108667,0.9999231848364161,3.43152438444317
20,0.1,4,16,-1,1,HEFT,10.618618985670274,5238.612201620615,0.0004134156791178195,0.999925587946473,3.558236251371396
20,0.1,4,16,-1,1,GA,12.934525128838459,5777.594535338425,0.0004256028049872664,0.9999233944294587,3.9777297077104916
20,0.1,4,16,-1,2,HEFT,12.119903782587196,6179.390141009693,0.0004977220432497353,0.9999104140452763,3.832166486219246
20,0.1,4,16,-1,2,GA,15.031872014615338,6905.818060942718,0.0005193409088031747,0.999906523005662,3.6974881208882717
20,0.1,4,32,-1,0,HEFT,12.202598927251655,7848.128064811694,0.00040856977735750097,0.9999264601442636,3.2927339167531824
20,0.1,4,32,-1,0,GA,12.86880927615488,8539.160023042456,0.0004647980957363027,0.9999163398424736,2.8406833508063434
20,0.1,4,32,-1,1,HEFT,12.159702764901969,7715.25108393844,0.00039353039046719434,0.9999291670384884,3.4433121129168596
20,0.1,4,32,-1,1,GA,14.752694758170463,9133.433089416762,0.0004481134757466801,0.9999193428273301,2.9501087494256657
20,0.1,4,32,-1,2,HEFT,12.424350035636575,8789.197394548573,0.0005191533567007917,0.9999065567618851,4.118477460399932
20,0.1,4,32,-1,2,GA,16.01471486497629,10709.236411400081,0.0005890937859495073,0.9998939687402402,4.284809937589174
20,0.5,0.8,4,-1,0,HEFT,38.95759077255021,6781.700930281166,0.000634591288526971,0.9998857800916554,6.083270983905249
20,0.5,0.8,4,-1,0,GA,44.04475748083572,6828.521030791369,0.0006090920764484826,0.999890369436109,1.3037505616484486
20,0.5,0.8,4,-1,1,HEFT,31.62589717776075,4686.437029588416,0.0004093532254594187,0.9999263191339856,6.012273297156664
20,0.5,0.8,4,-1,1,GA,34.96023271825344,4724.739100243109,0.00039362376353578083,0.9999291502325265,6.986010034839359
20,0.5,0.8,4,-1,2,HEFT,33.71613024330918,5453.88903732048,0.0004955445459485323,0.999910805959754,6.287115079755572
20,0.5,0.8,4,-1,2,GA,35.04658986666443,5382.891694728324,0.0004781208502749912,0.9999139419501567,4.067496552256912
20,0.5,0.8,8,-1,0,HEFT,27.61853883360952,6365.060592265305,0.0004798037292298179,0.9999136390580594,4.338546473265033
20,0.5,0.8,8,-1,0,GA,28.51041949516507,6448.515865591617,0.0004795239785601769,0.9999136894088326,5.36375131580279
20,0.5,0.8,8,-1,2,HEFT,34.112797707670765,6849.123811953683,0.00046179524961463694,0.9999168803097025,8.464172938739967
20,0.5,0.8,8,-1,2,GA,37.10486434069216,7143.095051931454,0.00046266512599806286,0.9999167237449801,7.951757785385654
20,0.5,0.8,16,-1,0,HEFT,19.710140402166115,6561.192725101504,0.0003587656030859963,0.9999354242765461,5.140318567286337
20,0.5,0.8,16,-1,0,GA,21.638009069254075,7447.899808545427,0.0004255041430553804,0.9999234121872463,4.289025207542882
20,0.5,0.8,16,-1,1,HEFT,25.311145109940743,7590.263101363869,0.0003527807803947348,0.9999365014756455,6.321942987730957
20,0.5,0.8,16,-1,1,GA,26.88432944865682,7970.112313742836,0.00036283217824298797,0.9999346923405542,4.172323187904097
20,0.5,0.8,16,-1,2,HEFT,30.899195324757113,8837.347319330938,0.00037528447247772256,0.9999324510764853,5.906883679076842
20,0.5,0.8,16,-1,2,GA,35.84621491146946,10123.521792146912,0.00041874012004454453,0.9999246296188818,4.23293990629819
20,0.5,0.8,32,-1,2,HEFT,29.63589044523425,14724.596639548687,0.0004320949235889839,0.9999222259383133,5.393719635536989
20,0.5,0.8,32,-1,2,GA,37.03904012495073,18195.106107230356,0.0005131931135980974,0.9999076295059695,4.0503571905196045
20,0.5,1,4,-1,0,HEFT,36.73980570098955,6476.4876129757195,0.0006089117492672121,0.9998904018914438,2.2760139274045192
20,0.5,1,4,-1,0,GA,38.4497925449001,6108.343823637388,0.0005507433826204372,0.9999008711047223,12.855344552699941
20,0.5,1,4,-1,1,HEFT,30.592238968474927,4824.285992787651,0.0004335734524936505,0.9999219598238447,5.793179781470045
20,0.5,1,4,-1,1,GA,41.44162335548812,5498.702677797641,0.0004534243871749627,0.9999183869408355,4.596329356903719
20,0.5,1,4,-1,2,HEFT,40.36981638291053,6890.763246437448,0.0006399240387671502,0.9998848203067121,5.665966941383281
20,0.5,1,4,-1,2,GA,53.64040009594049,7334.296210535843,0.0006149298457274804,0.99988931875339,9.208846128399342
20,0.5,1,8,-1,0,HEFT,31.096226993836247,6499.547687354372,0.0004540452061945856,0.9999182752025384,7.499124593277959
20,0.5,1,8,-1,0,GA,34.24991503283003,6855.3982471428135,0.00046090522015389284,0.9999170405017019,4.082582481665208
20,0.5,1,8,-1,1,HEFT,34.16590360009892,8112.077188860736,0.0006243088427973178,0.9998876307221969,7.20520161473136
20,0.5,1,8,-1,1,GA,37.6439113403341,8544.456036779895,0.0006370336625462303,0.9998853405146426,6.260518677863833
20,0.5,1,8,-1,2,HEFT,28.17014368424023,6306.576119783811,0.0004654059852838178,0.9999162304315151,7.7089627780089405
20,0.5,1,8,-1,2,GA,29.851715170159927,6686.30159839941,0.0004936094240392838,0.9999111542506905,4.604431819765444
20,0.5,1,16,-1,0,HEFT,24.755195046696656,7903.269247672577,0.00040701186029803863,0.9999267405487511,6.291009453681604
20,0.5,1,16,-1,0,GA,34.55802292055693,10400.570982872152,0.0004864897392926644,0.9999124356809062,5.236181581545706
20,0.5,1,16,-1,1,HEFT,28.561433219104046,8641.191459457383,0.00040793233609682253,0.9999265748752589,6.667575379216146
20,0.5,1,16,-1,1,GA,29.833783714113004,9229.190432140327,0.000452339012794655,0.9999185822922985,5.226146048432684
20,0.5,1,16,-1,2,HEFT,27.13276548758214,8495.776220107125,0.00042458465716942563,0.9999235776820437,6.348280244794649
20,0.5,1,16,-1,2,GA,30.20064056318655,9269.58285510627,0.00044845734715432203,0.999919280935471,3.711585518526519
20,0.5,1,32,-1,0,HEFT,24.54781211367876,12449.786886911521,0.0003906236479662633,0.9999296902152152,4.407505710543947
20,0.5,1,32,-1,0,GA,25.61016451835263,13146.200421211266,0.00042789370105476176,0.9999229820998408,3.3847156530691027
20,0.5,1,32,-1,1,HEFT,22.653984936435428,11191.449631417618,0.0003220050924840327,0.9999420407630538,3.512637099059195
20,0.5,1,32,-1,1,GA,24.06023009517638,12068.61080464799,0.00036556620776489145,0.999934200247501,2.7944110453671853
20,0.5,1,32,-1,2,HEFT,19.35379763943741,10159.854904619735,0.00035245434251624907,0.9999365602307341,4.122234820055452
20,0.5,1,32,-1,2,GA,28.93046105012528,14745.442293233918,0.0004697862080085026,0.9999154420577826,3.068192696028703
20,0.5,2,4,-1,0,HEFT,24.918940661803287,4730.092235914613,0.0004565869617762347,0.9999178177240289,2.3038088822889935
20,0.5,2,4,-1,0,GA,36.683463355851536,5364.3711071037005,0.00046557685607530064,0.9999161996773495,2.13860622766591
20,0.5,2,4,-1,1,HEFT,23.36448515337603,4565.523221197505,0.00044496484933274634,0.9999199095345328,3.182339162610262
20,0.5,2,4,-1,1,GA,26.76019884457998,4536.602064144989,0.0004201695761763759,0.999924372336204,3.7784642091718035
20,0.5,2,4,-1,2,HEFT,26.70044933495584,5148.853532434512,0.0004996423726558956,0.999910068417009,3.4555592134612905
20,0.5,2,4,-1,2,GA,29.035560743397205,5012.508420298833,0.0004675454140330449,0.9999158453666737,6.289480669608278
20,0.5,2,8,-1,0,HEFT,29.13404308235611,7446.460136198941,0.0006007224806579785,0.9998918757993244,7.165613646539903
20,0.5,2,8,-1,0,GA,28.32381288795873,6924.541565121848,0.0005433405074777532,0.9999022034910444,8.508952620962082
20,0.5,2,8,-1,1,HEFT,22.366467634394045,6220.624772526829,0.0005262847389696383,0.9999052732338489,6.185560288602242
20,0.5,2,8,-1,1,GA,27.2144989730488,6422.9303948899305,0.0004922917950229,0.9999113914028691,7.015558128725091
20,0.5,2,8,-1,2,HEFT,19.061106369868146,5588.287497152406,0.00048558414543217884,0.9999125986735408,5.395534758576476
20,0.5,2,8,-1,2,GA,27.252579263612173,6682.868774116143,0.000525403251267361,0.9999054318866176,4.44971561021409
20,0.5,2,16,-1,0,HEFT,16.424255495166527,6453.011670121542,0.0004262990458720374,0.9999232691157078,4.956615893946667
20,0.5,2,16,-1,0,GA,17.67204607196217,6806.531475826068,0.0004410204948332469,0.9999206194617312,4.742096115965467
20,0.5,2,16,-1,1,HEFT,22.57208269890261,8604.74575727912,0.0005517966252054033,0.9999006815398678,6.269722833233691
20,0.5,2,16,-1,1,GA,29.21378553482118,10766.634835977777,0.0006663550404770168,0.9998800632856968,6.498625503826386
20,0.5,2,16,-1,2,HEFT,17.214679890061255,6451.459433866804,0.000406491071702202,0.999926834283835,5.090460457499322
20,0.5,2,16,-1,2,GA,18.075982246527982,6792.126990742218,0.0004291393280889982,0.9999227579042683,3.673253498707308
20,0.5,2,32,-1,0,HEFT,19.92471177678821,10618.471379358907,0.00038338269471217514,0.9999309934960101,4.115179546249037
20,0.5,2,32,-1,0,GA,22.756254270763772,12068.603170506107,0.00043025859567607453,0.9999225564516849,2.844345291776639
20,0.5,2,32,-1,1,HEFT,21.47645113403491,11791.106441906599,0.00045790041426837114,0.9999175813220372,5.208414362999948
20,0.5,2,32,-1,1,GA,26.173403213775856,14379.792806173966,0.0005593289369617618,0.9998993258593285,4.230811015435918
20,0.5,2,32,-1,2,HEFT,20.324305006219348,10807.020318638773,0.00038791824240963073,0.9999301771540947,4.476325744953149
20,0.5,2,32,-1,2,GA,22.40845173958653,11892.158481372162,0.00042471744358797594,0.9999235537823152,3.13254890474509
20,0.5,4,4,-1,0,HEFT,24.83106876133054,5178.765372654697,0.0005151000093166448,0.999907286296504,0.5497702817417728
20,0.5,4,4,-1,0,GA,26.60170305714916,4741.190770396605,0.0004475851451748638,0.9999194379191673,4.584656388994409
20,0.5,4,4,-1,1,HEFT,29.037266456132407,6155.654227105915,0.0006152280926629923,0.999889265074885,1.3258475599180664
20,0.5,4,4,-1,1,GA,27.149739504601293,5601.220775262587,0.0005553014572405329,0.9999000507329571,1.9626706678594334
20,0.5,4,4,-1,2,HEFT,24.057234390983815,4853.625033747237,0.0004778911864315263,0.999913983286092,2.2212388312424474
20,0.5,4,4,-1,2,GA,23.653815471637653,4637.102676110003,0.0004524185443761492,0.9999185679777796,1.9453264306341105
20,0.5,4,8,-1,0,HEFT,14.497908261015798,5263.746539241915,0.0005002515951142634,0.9999099587668343,1.9626272789654564
20,0.5,4,8,-1,0,GA,17.440416389561197,5256.884588956062,0.0004628688133796107,0.9999166870843055,3.034287392206903
20,0.5,4,8,-1,1,HEFT,16.106405459105492,5970.19314343518,0.0005715734133541412,0.9998971220778928,1.975244738519721
20,0.5,4,8,-1,1,GA,18.406749938888858,5805.6112075139845,0.0005217781929432369,0.9999060843356226,2.986299074383646
20,0.5,4,8,-1,2,HEFT,15.88799803925069,5464.866341462919,0.0005089946420794383,0.9999083851613215,2.0284791686612325
20,0.5,4,8,-1,2,GA,24.574298280795684,6531.7404507584615,0.0005390966170286921,0.9999029673169101,3.8278347993136297
20,0.5,4,16,-1,0,HEFT,14.930811288975695,6683.170615574716,0.0004930820217172329,0.9999112491746782,4.20040475556959
20,0.5,4,16,-1,0,GA,19.87790919892626,7901.958289244907,0.000527829421582825,0.9999049952173551,5.113837462737968
20,0.5,4,16,-1,1,HEFT,14.522329876760773,6079.612009212617,0.00042523574584942485,0.9999234604950448,4.348164060334973
20,0.5,4,16,-1,1,GA,15.41465758577283,6660.682052389703,0.0004781741338399638,0.9999139323599407,3.8434700052685367
20,0.5,4,16,-1,2,HEFT,12.285313648454139,5475.675313082293,0.00040269962436422445,0.9999275166946562,3.863742534035756
20,0.5,4,16,-1,2,GA,20.36054115004964,7849.334821094009,0.0005090582584346871,0.9999083737114265,3.858267049240793
20,0.5,4,32,-1,0,HEFT,13.093099141662785,8253.782527860292,0.00041680005910358964,0.9999249788035921,3.531419761396952
20,0.5,4,32,-1,0,GA,16.570151443076856,10245.25697682017,0.0005015915791574491,0.9999097175914534,3.344310403658714
20,0.5,4,32,-1,1,HEFT,13.145834295309893,8423.141788963545,0.0004360647828894761,0.9999215114194699,3.525675707178074
20,0.5,4,32,-1,1,GA,15.583232596278407,9730.849507981879,0.0004840940815259652,0.999912866861638,3.168229862171113
20,0.5,4,32,-1,2,HEFT,15.548380001508836,10133.378285490522,0.0005378295045104818,0.9999031953750581,4.474134385054774
20,0.5,4,32,-1,2,GA,16.8521542789523,11089.702130171672,0.0005967021817899212,0.9998925993751377,4.119115147864292
20,0.8,0.8,4,-1,2,HEFT,51.55360729203368,7524.201940052206,0.0006524068204179055,0.9998825736673362,11.13897658008445
20,0.8,0.8,4,-1,2,GA,53.448849957300546,7510.970938495036,0.0006389439458067972,0.9998849967031411,9.455923363796972
20,0.8,0.8,8,-1,0,HEFT,26.188402238532237,5486.644766461128,0.00038405144077028854,0.9999308731300337,7.1435034321150015
20,0.8,0.8,8,-1,0,GA,30.3048911596103,6065.851521322827,0.00040782712790700756,0.9999265938113429,5.322000639008925
20,0.8,0.8,8,-1,2,HEFT,33.58659566497516,6789.434703282159,0.00046061001543211167,0.9999170936341448,8.997537477165316
20,0.8,0.8,8,-1,2,GA,42.994175428445246,8077.606000760565,0.0005103572557661268,0.999908139913358,7.328388915091453
20,0.8,0.8,16,-1,1,HEFT,34.35326727804941,10202.203714424788,0.00046594010297665403,0.9999161342983885,7.758114159256852
20,0.8,0.8,16,-1,1,GA,36.53849889318545,10973.981964142748,0.0005114457592572536,0.9999079440007471,4.662481865186327
20,0.8,0.8,16,-1,2,HEFT,31.13614087742099,9857.185763487387,0.0005011688262303047,0.9999097936801132,8.95537657760377
20,0.8,0.8,16,-1,2,GA,35.9034419236606,11069.353765011128,0.000539521048535955,0.9999028909266553,3.468420977399129
20,0.8,0.8,32,-1,0,HEFT,36.09984484023901,17360.985570018333,0.00045202133738585963,0.9999186394692182,5.819637206712728
20,0.8,0.8,32,-1,0,GA,40.84800953278283,19569.078247922687,0.000501736768389416,0.999909691459752,3.761181245081227
20,0.8,0.8,32,-1,1,HEFT,27.268169540661365,13207.17299836795,0.0003535136814927633,0.9999363695618333,4.170878206783879
20,0.8,0.8,32,-1,1,GA,33.68737281043374,16416.403783896974,0.0004496708817429479,0.999919062516901,3.3126666472113935
20,0.8,0.8,32,-1,2,HEFT,36.69606455902154,17626.01693872198,0.0004566832232632694,0.999917800398385,6.648233495178783
20,0.8,0.8,32,-1,2,GA,38.32182095609043,18602.500706083065,0.0005021862350057287,0.9999096105630705,3.5384547428851367
20,0.8,1,4,-1,0,HEFT,35.00194025785718,6559.575578394445,0.0006304240886327262,0.9998865301022419,3.5010713292654825
20,0.8,1,4,-1,0,GA,49.15973666787387,7170.7837082033175,0.0006215912594503064,0.9998881198323515,5.088529761284274
20,0.8,1,4,-1,1,HEFT,28.763105702882786,5038.044796468413,0.0004725343311020721,0.9999149474375761,6.243580671715234
20,0.8,1,4,-1,1,GA,33.35883746515144,5005.945619651832,0.0004398864885432252,0.9999208235666813,3.85487530890785
20,0.8,1,4,-1,2,HEFT,30.745750571276385,5436.983909357836,0.0005117813800951641,0.9999078835945593,4.3560239764623665
20,0.8,1,4,-1,2,GA,41.16835994904861,5900.602849438238,0.0005070441307343547,0.9999087362212598,6.901658838386321
20,0.8,1,8,-1,1,HEFT,26.25412272097483,6032.182848266567,0.0004537192593091711,0.9999183338681845,8.2350868902579
20,0.8,1,8,-1,1,GA,30.54699147968606,6448.082540076278,0.00045420818579152653,0.9999182458686089,3.928738855505702
20,0.8,1,8,-1,2,HEFT,36.06993558102706,7808.793023498258,0.0005615089415658476,0.9998989334980813,9.297236264156407
20,0.8,1,8,-1,2,GA,41.73083050653413,8267.779347149044,0.000550596849938213,0.9999008974779909,4.833537624889119
20,0.8,1,16,-1,0,HEFT,24.13063677143644,7394.643250670304,0.00035679082565303715,0.9999357797135933,6.075076747450368
20,0.8,1,16,-1,0,GA,31.327005285522095,9369.075774285977,0.00043337089915577976,0.9999219962806003,3.9654194371471476
20,0.8,1,16,-1,1,HEFT,28.121651517642547,8731.255280597557,0.0004304778022235384,0.9999225169975626,6.51836258516577
20,0.8,1,16,-1,1,GA,31.885913669431577,9752.26454626985,0.0004690140984158897,0.999915581025767,3.44951072410306
20,0.8,1,16,-1,2,HEFT,24.948378025974478,7479.393351174127,0.00034745539666499066,0.9999374599843085,5.194203419148352
20,0.8,1,16,-1,2,GA,26.745891678542172,8061.685398268629,0.00037809744134218755,0.99993194477642,3.166879112064217
20,0.8,1,32,-1,0,HEFT,24.676366766762552,12480.260770755918,0.0003881829369921317,0.9999301295123973,4.315692796289331
20,0.8,1,32,-1,0,GA,28.941770543129884,14562.031487563989,0.0004455286303620301,0.9999198080620801,3.3960111039409036
20,0.8,1,32,-1,1,HEFT,26.13857259892537,12781.91795191793,0.0003546131878463292,0.9999361716633026,4.448406080835517
20,0.8,1,32,-1,1,GA,28.435147028781046,13967.869660947143,0.00039389834649809053,0.9999291008110964,3.178193253029429
20,0.8,1,32,-1,2,HEFT,29.611847998805086,14705.95886583803,0.00043087974603318825,0.9999224446532853,5.064817881149403
20,0.8,1,32,-1,2,GA,34.767347134570294,17419.56633202513,0.000525698324593041,0.999905378778444,3.3004099041149813
20,0.8,2,4,-1,0,HEFT,30.35821485892528,6050.782558855981,0.0005934868534402541,0.9998931780722491,2.168280611722426
20,0.8,2,4,-1,0,GA,33.86686926495647,5921.100999940849,0.0005549730329745398,0.9999001098434184,4.5268260459455965
20,0.8,2,4,-1,1,HEFT,36.51333294993289,6744.119415231524,0.0006448939836737396,0.9998839258200675,4.568349644185494
20,0.8,2,4,-1,1,GA,36.06540104139356,6413.549083493022,0.000604962510788906,0.9998911126767129,3.1702012946862506
20,0.8,2,4,-1,2,HEFT,23.318818621486127,4651.467250357641,0.00045635193236773995,0.9999178600258458,0.9293146111559393
20,0.8,2,4,-1,2,GA,25.727584450515863,4505.009226569724,0.0004224916244114939,0.9999239543992196,3.0222483026935194
20,0.8,2,8,-1,0,HEFT,18.659615835356156,5475.674623252684,0.0004760144060799086,0.9999143210775542,3.8650037777522224
20,0.8,2,8,-1,0,GA,19.581860356094843,5555.653661717737,0.00047490892345382856,0.9999145200473979,3.7132989128950435
20,0.8,2,8,-1,1,HEFT,24.54379914802144,6907.325820951894,0.0005880001424731053,0.9998941655752127,6.14505831680363
20,0.8,2,8,-1,1,GA,28.07644130651306,7032.936815998712,0.0005604132365081987,0.9998991307050777,5.8315890125920085
20,0.8,2,8,-1,2,HEFT,21.62720009979133,5549.938445687505,0.0004488019684893459,0.9999192189086402,3.5219810116653347
20,0.8,2,8,-1,2,GA,21.80335148608635,5599.367048432492,0.000453003269479096,0.9999184627358373,6.183338073124565
20,0.8,2,16,-1,0,HEFT,22.11186475395545,8298.113895072318,0.0005235963646399058,0.9999057570955062,4.8888373789309325
20,0.8,2,16,-1,0,GA,30.377176349385795,10592.858896140438,0.0006150440616354479,0.9998892981968026,6.146363250744994
20,0.8,2,16,-1,1,HEFT,21.195170240569947,7506.7774024391665,0.0004440962165697334,0.9999200658759198,5.758720513345153
20,0.8,2,16,-1,1,GA,21.693906805509275,8152.992529863249,0.0005152147833598795,0.9999072656390917,3.6834275078881484
20,0.8,2,16,-1,2,HEFT,19.381052437776674,7093.662954218227,0.0004357236287035021,0.9999215728224053,5.498284105662655
20,0.8,2,16,-1,2,GA,24.688652511051295,8662.309588377273,0.0005067297553301585,0.9999087928036701,3.9363531696512157
20,0.8,2,32,-1,0,HEFT,19.333728533298945,10760.438072679375,0.0004310447436553721,0.9999224149560172,4.286621327350057
20,0.8,2,32,-1,0,GA,21.58873677926108,12209.077462816047,0.0005063310774650895,0.999908864559143,3.456258543890968
20,0.8,2,32,-1,1,HEFT,18.442701520434717,10359.166709316025,0.00042340688959549013,0.9999237896640284,3.873570803361796
20,0.8,2,32,-1,1,GA,20.7391199250698,11840.325013559963,0.0005008401760120361,0.9999098528318174,3.3085053565106928
20,0.8,2,32,-1,2,HEFT,17.00869671577034,9316.829537538233,0.0003598824287703388,0.9999352232609248,3.5261367867605613
20,0.8,2,32,-1,2,GA,20.287050760615223,11150.208521874123,0.00043410607620127627,0.9999218639590629,3.05323173186804
20,0.8,4,4,-1,0,HEFT,23.856403598115893,4988.080829729739,0.000496508198581418,0.9999106325177665,1.0100454035795772
20,0.8,4,4,-1,0,GA,25.101527654190328,4687.792018919744,0.0004499894950282439,0.9999190051711531,3.237001268416236
20,0.8,4,4,-1,1,HEFT,27.726888500013875,5697.367464641665,0.0005641442915556847,0.9998984591831378,1.8658454853789037
20,0.8,4,4,-1,1,GA,33.48136009494627,5682.577703304978,0.0005265468241275914,0.9999052260629906,6.738718762724106
20,0.8,4,4,-1,2,HEFT,35.4330387860306,7310.953006423182,0.0007248277964720559,0.9998695395073454,2.8769382272799766
20,0.8,4,4,-1,2,GA,33.950911880981465,6568.315327544349,0.0006380712606275503,0.9998851537684205,4.943170944626392
20,0.8,4,8,-1,0,HEFT,15.599230206511493,5397.457861364751,0.0005038671526537013,0.9999093080252881,2.1554601709609607
20,0.8,4,8,-1,0,GA,19.208343115959686,5343.516659773915,0.00045213381403640655,0.9999186192250684,5.0417484461615425
20,0.8,4,8,-1,1,HEFT,18.242331591371382,6873.336293335218,0.0006617664677730705,0.9998808891300637,1.6955792086765313
20,0.8,4,8,-1,1,GA,22.705821318174713,7031.999096404381,0.000626904425046461,0.9998871635700007,3.4666601832557946
20,0.8,4,8,-1,2,HEFT,14.377269946974645,5300.562535152573,0.0005065044728996133,0.9999088333508095,1.5411968638821036
20,0.8,4,8,-1,2,GA,20.07811787105837,5490.61082001309,0.00046035032356479165,0.9999171403748067,2.6961934410330715
20,0.8,4,16,-1,0,HEFT,14.632615201341856,6654.420497152298,0.0004967646483843231,0.9999105863609287,4.532998789411812
20,0.8,4,16,-1,0,GA,16.76464617874075,7365.035898936913,0.0005356878336716653,0.9999035808385652,4.76873327264303
20,0.8,4,16,-1,1,HEFT,15.979896065029344,6353.041288415965,0.000424405845469035,0.9999236098656903,4.699705348825916
20,0.8,4,16,-1,1,GA,17.672502093033494,6975.165742298421,0.00046279655561188497,0.99991670008962,3.9246307533535365
20,0.8,4,16,-1,2,HEFT,16.730924461943495,6676.838176990757,0.00044760990701519474,0.999919433462395,4.615221406676806
20,0.8,4,16,-1,2,GA,17.85083698998997,7051.643773251124,0.0004682536267665441,0.9999157178991177,4.5092097467351895
20,0.8,4,32,-1,0,HEFT,14.399991841737503,8453.25972544249,0.00037773421940766024,0.9999320101519212,3.611046083790449
20,0.8,4,32,-1,0,GA,19.082965873266083,11143.706873581916,0.0004930036147606898,0.9999112632866785,3.1241895251181404
20,0.8,4,32,-1,1,HEFT,13.818953568212919,8387.78876153304,0.000398102143583886,0.999928344181556,3.579579890965209
20,0.8,4,32,-1,1,GA,15.884105189902078,9706.62179024164,0.00046603687303866173,0.9999161168812387,3.162849708491316
20,0.8,4,32,-1,2,HEFT,14.22545467059098,8635.910122287783,0.0004099916703851225,0.9999262042223731,3.738360657430758
20,0.8,4,32,-1,2,GA,17.655136807566908,10753.883118956639,0.0005134768197481843,0.9999075784435808,3.5799078026676545
20,1,0.8,4,-1,2,HEFT,40.22045543708535,6081.892682383435,0.0005363450673647724,0.999903462547914,5.6794542342549335
20,1,0.8,4,-1,2,GA,43.3297004935987,5835.418309508251,0.0004852186932578183,0.9999126644491847,8.152883364028192
20,1,0.8,8,-1,1,HEFT,39.19234129906101,7328.217078205433,0.00046069151337152134,0.999917078965732,10.407925555837796
20,1,0.8,8,-1,1,GA,52.30492105447457,8993.020385963408,0.0005131457318777583,0.9999076380338907,6.6166131007556706
20,1,0.8,8,-1,2,HEFT,39.95680955463408,8111.531689344263,0.0005524131746898439,0.9999005705719892,9.794092497336665
20,1,0.8,8,-1,2,GA,44.71692435976578,8692.193963792646,0.0005683939567513092,0.9998976943213674,5.725129703552627
20,1,0.8,16,-1,0,HEFT,28.746399233970948,9129.212014641114,0.0004663957831677898,0.9999160522828365,7.573739382546036
20,1,0.8,16,-1,0,GA,39.565635457553725,11786.524977519111,0.0005413337170114723,0.9999025646780669,4.07282601162867
20,1,0.8,16,-1,1,HEFT,29.639978388940264,8470.151547183594,0.00035907954735233386,0.9999353677702291,6.210000332388049
20,1,0.8,16,-1,1,GA,40.97145892224791,11449.579471125338,0.00046292756564001786,0.9999166765097799,3.9705532256776555
20,1,0.8,16,-1,2,HEFT,30.569362783654466,9204.067091419442,0.00043084618048550195,0.9999224506946154,7.3915670713528785
20,1,0.8,16,-1,2,GA,37.36873033404744,11073.72758537977,0.0005037379019693359,0.999909331288302,4.971441690420549
20,1,0.8,32,-1,0,HEFT,28.872026314615034,14163.41014776941,0.00039748734405132234,0.9999284548375477,4.760574046062973
20,1,0.8,32,-1,0,GA,36.20693798731883,17522.01663351016,0.00046751323596637363,0.9999158511582384,3.4469685000462773
20,1,0.8,32,-1,1,HEFT,28.79529967994937,14033.03303686785,0.0003844493488071435,0.9999308015115403,4.4272631979676635
20,1,0.8,32,-1,1,GA,33.519407594403845,16056.699300540788,0.0004115305922854925,0.9999259272369113,2.6432831451829912
20,1,0.8,32,-1,2,HEFT,24.698803403335322,12223.739365695395,0.0003539275011388413,0.9999362950790396,3.9861382107340733
20,1,0.8,32,-1,2,GA,27.01612276722706,13393.531324116222,0.0003900956306848877,0.9999297852516473,2.927585068729375
20,1,1,4,-1,1,HEFT,28.46757704218117,5132.993168634684,0.00048663429852842215,0.9999124096625223,3.8897395958124736
20,1,1,4,-1,1,GA,38.76980926718036,5570.0623650130565,0.0004792133747013435,0.9999137453127032,6.405527644162419
20,1,1,4,-1,2,HEFT,43.3103728139622,6770.892856189797,0.0006062008993694589,0.9998908897910653,7.097084461924194
20,1,1,4,-1,2,GA,40.86141424975151,6280.074056696729,0.0005579749577142968,0.9998995695510868,4.0782900898264645
20,1,1,8,-1,0,HEFT,48.49889906838399,9386.759284693617,0.0006112228648745159,0.9998899859363136,14.424833084311818
20,1,1,8,-1,0,GA,61.11946190751751,11051.299274515575,0.000669745598371304,0.9998794530586598,6.640941606670089
20,1,1,8,-1,1,HEFT,39.62997151948284,8271.96402880203,0.000577194672213395,0.9998961103559045,7.88194363660077
20,1,1,8,-1,1,GA,41.64597039645,8488.6744609073,0.000580188798817584,0.9998955714692517,4.5379364682234735
20,1,1,8,-1,2,HEFT,31.563434000347954,6828.812556998599,0.0004907910714425317,0.9999116615092146,8.359848733728544
20,1,1,8,-1,2,GA,37.81227792128564,7521.270186069494,0.0005027508405201644,0.9999095089432691,4.571836610271792
20,1,1,16,-1,0,HEFT,30.515055575806926,8916.072904546458,0.0003949847847534274,0.9999289052660951,5.599717848111271
20,1,1,16,-1,0,GA,37.5005928121308,10477.896496758767,0.0004234861339573197,0.9999237754011303,4.666013099040321
20,1,1,16,-1,1,HEFT,39.698599641026604,11510.285269691849,0.0005023454959450571,0.9999095818986928,8.309551631684103
20,1,1,16,-1,1,GA,47.03883736757741,13310.806340548465,0.0005528875408234629,0.9999004851945785,4.614375726109134
20,1,1,16,-1,2,HEFT,33.69505011886468,9587.180079546348,0.00040280755254836295,0.9999274972689913,7.404439235477535
20,1,1,16,-1,2,GA,40.234301199999294,10988.434762278828,0.0004216342289249308,0.9999241087186824,4.4686569759466455
20,1,1,32,-1,0,HEFT,30.286790317909475,14606.50210465621,0.0003845445248810043,0.9999307843810326,5.103338827808876
20,1,1,32,-1,0,GA,33.16934664552271,16093.450652351792,0.0004336461938593118,0.9999219467314201,3.090047732574812
20,1,1,32,-1,1,HEFT,19.92208062410802,10649.15471769761,0.00038747748811888006,0.9999302564843304,4.135550551383936
20,1,1,32,-1,1,GA,24.09058691843899,12692.500651796732,0.00044466605621655813,0.9999199633129876,2.7291535023050217
20,1,1,32,-1,2,HEFT,26.31215797638297,13045.7123592842,0.00038008316490350624,0.9999315873705682,4.005336227716633
20,1,1,32,-1,2,GA,31.601060552923066,15326.548893048375,0.00041236972102402054,0.9999257762049378,3.120303461847288
20,1,2,4,-1,0,HEFT,22.731386976299945,4395.05809127906,0.00042686712098406493,0.9999231668700389,2.833207107972833
20,1,2,4,-1,0,GA,35.79390739865461,5133.365531997404,0.000441247800628163,0.9999205785499373,9.796477365776694
20,1,2,4,-1,1,HEFT,23.755478592565385,4748.995624157004,0.0004662445286452023,0.9999160795063655,2.5411918718192728
20,1,2,4,-1,1,GA,24.480016096190855,4304.110352491643,0.0004042725555393388,0.9999272335876068,4.329868125375626
20,1,2,4,-1,2,HEFT,30.39672892858037,5867.799298982583,0.0005696067584509982,0.9998974760394195,3.592128622172034
20,1,2,4,-1,2,GA,37.98192958123272,5787.1327109371705,0.0005121447146043929,0.9999078182003746,12.807261914974987
20,1,2,8,-1,0,HEFT,28.71377050910364,7668.775933159289,0.0006346581349205867,0.9998857680606794,6.05987572995287
20,1,2,8,-1,0,GA,34.433277279980516,8104.876222870622,0.0006200622227380482,0.9998883950282054,6.261827985846427
20,1,2,8,-1,1,HEFT,16.716822756451553,5001.706487184805,0.00043887487113248794,0.9999210056434146,4.084996330442095
20,1,2,8,-1,1,GA,26.07468659845693,5838.3726144077455,0.00043090474172556586,0.9999224401544099,2.925694501426109
20,1,2,8,-1,2,HEFT,19.889922338342913,5180.369900792069,0.00042260172562159557,0.9999239345825086,6.181141267229483
20,1,2,8,-1,2,GA,29.42973619771628,6610.790287920788,0.0004890872884935431,0.9999119681631006,5.573743925383497
20,1,2,16,-1,0,HEFT,23.023675648937562,7371.7282362221795,0.0003812897301842595,0.9999313702036993,5.225736521946228
20,1,2,16,-1,0,GA,23.580666499654292,7759.463317649545,0.00041756787464029995,0.9999248406071733,4.448640700795088
20,1,2,16,-1,1,HEFT,18.298673227985123,6926.181731688275,0.00044093494469187744,0.9999206348595348,4.870643735399694
20,1,2,16,-1,1,GA,18.135805378265527,6983.997066857546,0.0004524447589445175,0.9999185632595412,4.3164391650876635
20,1,2,16,-1,2,HEFT,25.927329635774246,9265.413464419184,0.0005539232783398617,0.9999002987803959,6.232027610578204
20,1,2,16,-1,2,GA,28.15318563739892,9874.480298109855,0.0005773990511278118,0.9998960735715223,4.830979042277359
20,1,2,32,-1,0,HEFT,20.858778851044054,11117.929708996558,0.0004015708824542173,0.9999277198534938,4.0832403849826795
20,1,2,32,-1,0,GA,24.979428695269277,13361.023147529591,0.00048694089516100646,0.999912354479964,3.225137546876805
20,1,2,32,-1,1,HEFT,19.969804726498946,11017.185507612745,0.00043265897837689273,0.999922124416353,4.2243990839941015
20,1,2,32,-1,1,GA,24.021965440502242,12847.529764345336,0.0004681001337457979,0.9999157455255334,3.793250231060445
20,1,2,32,-1,2,HEFT,18.662665109024495,10059.13351608105,0.00037372998891675,0.9999327308646649,3.8052427853595856
20,1,2,32,-1,2,GA,19.88721908436056,10792.581110603674,0.00040773759460067434,0.999926609926155,3.1007674560728384
20,1,4,4,-1,0,HEFT,26.04565727100316,5334.79264228273,0.0005277262394411601,0.9999050137883762,1.134562186750876
20,1,4,4,-1,0,GA,24.369082861662303,4719.228015970897,0.00045859328664226193,0.9999174566152969,2.424353773656612
20,1,4,4,-1,1,HEFT,38.32026165067695,7801.043132894819,0.000770241676183763,0.999861366108853,2.239338601471181
20,1,4,4,-1,1,GA,46.57744930455353,8200.104866418704,0.0007705926743927822,0.9998613029379361,10.559113651274304
20,1,4,4,-1,2,HEFT,25.152721003434902,5182.275815512513,0.0005135588123188163,0.999907563686282,1.772432210029532
20,1,4,4,-1,2,GA,25.7243879327447,4874.607163267502,0.00047026311918549823,0.9999153562210333,2.7955090464804426
20,1,4,8,-1,0,HEFT,17.96433095032795,6353.877418300721,0.0005981009879934416,0.999892347617095,2.8406487003287024
20,1,4,8,-1,0,GA,32.19119521234056,7891.492096802853,0.0006203019840333539,0.9998883518759897,6.478118367094134
20,1,4,8,-1,1,HEFT,15.383123290816247,5215.512284539043,0.00048304036803884794,0.9999130565135571,1.661564779725705
20,1,4,8,-1,1,GA,17.339445673291365,5178.223602599319,0.00045395824521490277,0.9999182908542352,3.052220228136467
20,1,4,8,-1,2,HEFT,13.298490395046068,4138.714530603477,0.0003697751230851492,0.9999334426928805,3.0221185549621947
20,1,4,8,-1,2,GA,13.822488000365562,4122.342451981831,0.00036116067234453965,0.9999349931920122,3.6531742318774283
20,1,4,16,-1,0,HEFT,14.640709004898227,6299.56021857365,0.00045071629065028296,0.999918874358546,4.838251580847552
20,1,4,16,-1,0,GA,17.216371014931827,7269.500851739123,0.000512139226986074,0.9999078191880549,4.479076582894764
20,1,4,16,-1,1,HEFT,17.26045493858288,7132.275062777726,0.0004933162421924825,0.9999112070187356,4.612222686079238
20,1,4,16,-1,1,GA,17.35048049641283,7315.844179669031,0.000514799990227102,0.9999073402949346,3.771387017278872
20,1,4,16,-1,2,HEFT,13.682925058809172,6352.0376368902,0.00048125530046496626,0.9999133777978357,4.048382266954684
20,1,4,16,-1,2,GA,15.680488268579948,6674.556182077661,0.0004733724075594717,0.9999147965966557,4.32153487637376
20,1,4,32,-1,0,HEFT,13.36786621051025,8338.36004571826,0.00041409553241373686,0.999925465581993,3.4844140140493756
20,1,4,32,-1,0,GA,15.560708413347957,9817.245691820837,0.0004963738580226383,0.9999106566969068,3.055126070643159
20,1,4,32,-1,1,HEFT,13.591836125354245,7930.801132505487,0.00035032765637848287,0.9999369430100274,3.2398825874984953
20,1,4,32,-1,1,GA,16.277736138587834,9482.03158037426,0.00041749107275924186,0.9999248544304731,2.8279125455894305
20,1,4,32,-1,2,HEFT,13.51606130422452,7850.072544877896,0.0003436569772681758,0.9999381436572743,3.151910942645333
20,1,4,32,-1,2,GA,17.569052192130663,10181.868278861173,0.00044384395827945733,0.9999201112787837,2.886028634528754
20,2,0.8,4,-1,1,HEFT,32.18960407991979,5454.360231046477,0.0005050722526111534,0.9999090911269924,9.024459312095612
20,2,0.8,4,-1,1,GA,36.89066661359714,5422.507186454621,0.00047180299599508497,0.9999150790667074,4.691858688235858
20,2,0.8,4,-1,2,HEFT,58.17644248975132,7763.838189887556,0.0006422957300231903,0.999884393451548,3.750052579578533
20,2,0.8,4,-1,2,GA,66.67012527915001,7773.930186330558,0.0005909256037379014,0.9998936390480541,6.044344077964752
20,2,0.8,8,-1,0,HEFT,40.02742942969839,7238.684994287638,0.0004387663784285004,0.9999210251705591,7.216957055396831
20,2,0.8,8,-1,0,GA,42.399190342610545,7374.818599751225,0.00042693750993031174,0.9999231542010022,8.103583783344245
20,2,0.8,8,-1,1,HEFT,49.65390341895784,8724.801480645929,0.0005113729654297129,0.9999079571024301,12.947157398398328
20,2,0.8,8,-1,1,GA,58.216544198784405,9604.072311795027,0.0005187705515131427,0.9999066256603825,6.503686742253626
20,2,0.8,8,-1,2,HEFT,44.25173372605623,8337.750886409965,0.0005283700838124764,0.9999048979074046,10.530664935470694
20,2,0.8,8,-1,2,GA,52.6326703713109,9174.647388355137,0.00053254664505288,0.9999041461981597,6.5607014999466156
20,2,0.8,16,-1,0,HEFT,38.00463125054531,10306.611344666755,0.0003888529902534954,0.9999300089112446,7.516654061992076
20,2,0.8,16,-1,0,GA,48.11901004571962,12814.122140863406,0.00046192147442961735,0.9999168575911243,4.8458469906353105
20,2,0.8,16,-1,1,HEFT,46.04078878581059,12363.333064480368,0.00045523276713239485,0.9999180614590617,9.143522619310737
20,2,0.8,16,-1,1,GA,51.827841066732795,13586.015065580066,0.00046964723265728283,0.999915467071231,4.565705559831588
20,2,0.8,32,-1,1,HEFT,40.873735206279065,18664.561628126532,0.00038359784352911836,0.9999309547718965,4.7539054337682485
20,2,0.8,32,-1,1,GA,45.7254644040856,20832.759679360046,0.0004230208460195314,0.9999238591465782,3.336770993221587
20,2,1,4,-1,0,HEFT,42.2117542106087,6861.7386521679455,0.0006247512209378202,0.9998875511030823,8.991675045739061
20,2,1,4,-1,0,GA,50.571181946162085,6844.283016534282,0.0005706545585424421,0.9998972874547569,11.292628018364963
20,2,1,4,-1,1,HEFT,43.82764287394676,7589.965091020692,0.0007088163091823317,0.9998724212032141,6.786427984107551
20,2,1,4,-1,1,GA,50.474429015491424,7182.979759266978,0.0006150138458040556,0.9998893036350501,10.810357208737699
20,2,1,4,-1,2,HEFT,34.51478968305025,5362.996685293323,0.0004788484212541228,0.9999138109986594,4.693848411568686
20,2,1,4,-1,2,GA,36.89393142046874,5271.01584136269,0.00045221022392508923,0.9999186054724079,6.974687658867471
20,2,1,8,-1,0,HEFT,37.31584487907903,7551.118782030579,0.0005127645573176991,0.999907706638977,6.994442062887442
20,2,1,8,-1,0,GA,47.29661112117803,8930.492039429093,0.000567185706950388,0.9998979117841054,6.040348648142895
20,2,1,8,-1,1,HEFT,52.61181747188848,9355.719097222252,0.0005561995632972814,0.9998998890900378,10.255407674930334
20,2,1,8,-1,1,GA,56.126315066719414,9783.387710992036,0.0005678632383187302,0.9998977898409168,10.031190046169897
20,2,1,8,-1,2,HEFT,34.18170064651136,7077.9931106245895,0.0004905103163513565,0.9999117120406682,9.363341445090676
20,2,1,8,-1,2,GA,39.83676940171721,7624.696205187363,0.000491003403439601,0.999911623292832,6.024284732910072
20,2,1,16,-1,0,HEFT,28.66642234197317,8388.008809161913,0.00037261701802365174,0.9999329311859689,6.457891453172521
20,2,1,16,-1,0,GA,36.39108240586446,10239.815707815767,0.00042024908086431403,0.9999243580264426,4.6204411715623
20,2,1,16,-1,1,HEFT,31.508140768322125,8899.278922971976,0.0003681803482498874,0.9999337297332862,7.879612778064711
20,2,1,16,-1,1,GA,35.58662582317749,10105.315657661442,0.00042282732553118395,0.9999238939776146,4.975683033114828
20,2,1,16,-1,2,HEFT,34.09980113086147,10099.18736254557,0.0004589180291240527,0.9999173981664771,7.10423031831035
20,2,1,16,-1,2,GA,37.63314293952677,11087.729361212972,0.000498987844550883,0.9999101862214796,4.935302177507658
20,2,1,32,-1,0,HEFT,34.62896672636042,16153.680760404628,0.0003690126017418899,0.9999335799375962,6.038789782103027
20,2,1,32,-1,0,GA,54.40562724721735,24587.321026583788,0.00047746255344345307,0.9999140604333963,3.04724008654847
20,2,1,32,-1,1,HEFT,45.63591602594311,21212.936002641633,0.0004765819442738343,0.9999142189294372,6.306581042549314
20,2,1,32,-1,1,GA,56.966156376071766,26642.117778378684,0.0006159061666624197,0.9998891430350885,4.026018986019889
20,2,1,32,-1,2,HEFT,45.790088456198134,21153.90410375497,0.0004613062191957214,0.9999169683278651,5.817074804387376
20,2,1,32,-1,2,GA,52.20430459008034,24182.707222702807,0.0005343997752082633,0.9999038126667608,3.6326919487785645
20,2,2,4,-1,0,HEFT,29.602941893949147,5215.765459638374,0.0004902873706367978,0.9999117521673545,2.3017861784297415
20,2,2,4,-1,0,GA,31.984590148854235,5183.632497148986,0.00047136591343720707,0.9999151577348896,3.57413183109221
20,2,2,4,-1,1,HEFT,33.22723258730316,5791.583033939439,0.0005422061847220785,0.9999024076491928,2.689801183705891
20,2,2,4,-1,1,GA,33.54475158393185,5540.6913228858275,0.0005078221249169378,0.9999085961950971,5.38847454064503
20,2,2,4,-1,2,HEFT,36.871959286822175,6388.707110220846,0.0005967510419190416,0.9998925905812598,4.517857588189996
20,2,2,4,-1,2,GA,37.950663641499816,6034.5121174969345,0.0005442997755432743,0.9999020308396941,7.692708013990481
20,2,2,8,-1,0,HEFT,24.61124773447214,6169.158284274539,0.0004917930880833609,0.9999114811621688,5.252160755103066
20,2,2,8,-1,0,GA,29.227541479986698,6294.806080222066,0.0004507702969177447,0.9999188646382062,4.318698577576125
20,2,2,8,-1,1,HEFT,24.906934383863796,5005.929243936637,0.00033783766706533755,0.9999391910688661,6.9020487050003965
20,2,2,8,-1,1,GA,26.668883437552314,5027.156592657736,0.0003187265869060354,0.9999426308600289,5.404613991418468
20,2,2,8,-1,2,HEFT,31.63553014163398,7325.706498379686,0.0005540950393776259,0.999900267866492,7.446445164910356
20,2,2,8,-1,2,GA,42.439803550060084,8772.101303248288,0.0006069612612974833,0.9998907529408608,4.748318144564075
20,2,2,16,-1,0,HEFT,30.249314695902928,9198.637771868976,0.00043808389538186216,0.9999211480078133,6.548612491580775
20,2,2,16,-1,0,GA,35.82186482399304,10718.36076692224,0.000496196733942581,0.9999106885763929,4.238777511918623
20,2,2,16,-1,1,HEFT,21.393222921197918,7151.162656509796,0.0003932382242428677,0.9999292196246853,5.078630907544485
20,2,2,16,-1,1,GA,27.58766233745858,8691.092687741162,0.0004385350799675859,0.9999210668009949,3.775638282767973
20,2,2,16,-1,2,HEFT,28.958317454820094,8760.391401785033,0.00041348765509813625,0.9999255749917604,5.846711376007151
20,2,2,16,-1,2,GA,30.1450798180416,9138.583877993604,0.00043291066575318056,0.9999220791161543,4.568761243596019
20,2,2,32,-1,0,HEFT,24.797135802228556,12509.510550186627,0.00038597033619261755,0.9999305277527937,4.641054932428295
20,2,2,32,-1,0,GA,36.59872945515201,17957.36858196799,0.0005043225414973667,0.9999092260627336,3.6792048748459982
20,2,2,32,-1,1,HEFT,31.74383155712725,16196.943642888975,0.0005177406104589289,0.9999068110324794,5.9736466960237085
20,2,2,32,-1,1,GA,37.51588972064919,19035.645524762476,0.0005981322832084223,0.9998923419845623,4.245017609207529
20,2,2,32,-1,2,HEFT,23.64946743921554,12183.421619234075,0.0004007785688081791,0.9999278624596517,4.747603962632796
20,2,2,32,-1,2,GA,27.83729038589142,14139.3988605967,0.00044572084656516723,0.9999197734659389,3.1059941769058024
20,2,4,4,-1,0,HEFT,25.96000720214235,5339.56848958925,0.0005288744371946276,0.9999048071324335,1.0891357164028765
20,2,4,4,-1,0,GA,27.93525315731036,5197.666057769135,0.0004982912023537775,0.999910311605821,3.8984168908239516
20,2,4,4,-1,1,HEFT,27.40740681671505,5485.776906341501,0.0005387882918784467,0.9999030228100537,1.994578109374961
20,2,4,4,-1,1,GA,31.670296259671275,5470.679853621454,0.0005104012445939577,0.9999081319960963,6.168194446252063
20,2,4,4,-1,2,HEFT,33.26064785310697,6420.960477753471,0.0006233138734889325,0.9998878097965637,2.3972347301251316
20,2,4,4,-1,2,GA,38.05208867339487,6349.823764811967,0.0005844087220270043,0.9998948119626848,8.34071421932501
20,2,4,8,-1,0,HEFT,21.77954448205046,6194.240709303191,0.0005301556122773058,0.9999045765428978,4.29483095233761
20,2,4,8,-1,0,GA,22.65613089687858,6173.156713538575,0.000516559192175482,0.9999070236679755,5.736025483550586
20,2,4,8,-1,1,HEFT,24.551065645151773,7085.397207945312,0.0006109166545233516,0.9998900410481145,3.1961601896088068
20,2,4,8,-1,1,GA,25.45850674573479,6932.062184886538,0.000579850844611886,0.9998956322946578,2.4903294003692054
20,2,4,8,-1,2,HEFT,31.844086971707952,7541.810237552556,0.0005794286677349603,0.9998957082785673,2.921243398420686
20,2,4,8,-1,2,GA,32.2224275637343,7491.050069283028,0.000568177909969578,0.9998977332058104,6.053543913956496
20,2,4,16,-1,0,HEFT,19.844379143931896,7344.851556092392,0.0004566835607826185,0.9999178003376361,5.881147459871178
20,2,4,16,-1,0,GA,21.344821768674592,7906.19569586315,0.0004919883612761794,0.9999114460161057,4.133460893117069
20,2,4,16,-1,1,HEFT,20.324334206463792,7562.688077319839,0.00047292195215488256,0.9999148776717229,5.027081617726782
20,2,4,16,-1,1,GA,21.481324636964644,7896.675425970372,0.00048737223458309575,0.9999122768456759,4.387973104829058
20,2,4,16,-1,2,HEFT,15.226914123316986,6302.937928009492,0.0004366111649008566,0.9999214130784314,4.374794014668144
20,2,4,16,-1,2,GA,17.293740878855214,6967.348051207235,0.0004711821450215805,0.9999151908103986,4.1419450129749515
20,2,4,32,-1,0,HEFT,18.7908595133124,10277.329087471917,0.0003955605987545159,0.9999288016269487,3.3794565145284627
20,2,4,32,-1,0,GA,19.607472082467446,11141.170382147728,0.000466653889209332,0.9999160058276505,3.100188752814826
20,2,4,32,-1,1,HEFT,21.358351766017105,10896.32902380147,0.0003481552901357754,0.9999373340113704,3.203594054263314
20,2,4,32,-1,1,GA,24.003089138040885,12330.601472722654,0.00040225003148772014,0.9999275976155116,2.8684963090216793
20,2,4,32,-1,2,HEFT,16.59546604116801,8898.26259425245,0.0003263053791271233,0.9999412667566218,3.7648448460634087
20,2,4,32,-1,2,GA,19.096663213303035,10373.671376760736,0.00039283626651839414,0.9999292919719572,2.5278042734477135
20,5,0.8,4,-1,1,HEFT,71.96078487853796,7393.281578818782,0.0005089359049934056,0.999908395733028,12.754930574872299
20,5,0.8,4,-1,1,GA,63.15697443408408,6718.586702552545,0.00047636329841298567,0.9999142582823166,22.787833012641503
20,5,0.8,4,-1,2,HEFT,50.594223120900466,6637.150181606779,0.0005437503193544647,0.9999021297321234,6.941322504724746
20,5,0.8,4,-1,2,GA,57.71828448183681,6187.252837516882,0.00044144382201404605,0.9999205432688911,17.368043316782217
20,5,0.8,8,-1,0,HEFT,65.08659149507658,10474.242588050103,0.0005459857628582367,0.999901727391755,20.821880457683363
20,5,0.8,8,-1,0,GA,91.60044284527405,12896.309503465294,0.0005300603346665355,0.9999045936912315,6.33066267497798
20,5,0.8,8,-1,1,HEFT,59.19683482762288,10407.440524556881,0.0006104062507887707,0.9998901329106886,15.055362011766459
20,5,0.8,8,-1,1,GA,71.36486642570566,11607.125688011238,0.0006144830117756451,0.9998893991746028,6.142735549204566
20,5,0.8,8,-1,2,HEFT,60.20335409877885,9812.663801066155,0.0005210777529177501,0.9999062104029945,15.87224532511123
20,5,0.8,8,-1,2,GA,72.27842059956531,11195.114235548972,0.0005499206534871708,0.9999010191812967,8.441056100805739
20,5,0.8,16,-1,0,HEFT,58.585614491253956,14692.684944840097,0.00044499314761231736,0.9999199044412503,12.212786445394524
20,5,0.8,16,-1,0,GA,80.20692423532162,18907.832271332245,0.00045324325815897834,0.9999184195413982,4.460960518738557
20,5,0.8,16,-1,1,HEFT,42.114124504705266,10999.536463574626,0.00037643728148206907,0.9999322435849028,6.776161607465172
20,5,0.8,16,-1,1,GA,45.832141720452455,11930.879881822953,0.00040453600406926125,0.9999271861703232,4.524456338543708
20,5,0.8,16,-1,2,HEFT,52.8829909774667,13617.635251913693,0.0004475582666976858,0.999919442756903,10.861846097955578
20,5,0.8,16,-1,2,GA,60.88590883872525,15223.662762323092,0.0004565333676082487,0.999917827370186,4.892150454737197
20,5,0.8,32,-1,1,HEFT,41.89042663084406,18983.52479935866,0.00037436705078999224,0.9999326162012481,6.820688069509931
20,5,0.8,32,-1,1,GA,59.01621503031909,26055.654131071577,0.00043842733325956634,0.9999210861938717,4.8673837465569845
20,5,1,4,-1,0,HEFT,50.74227332095187,6737.617132815239,0.0005558124048332751,0.9998999587715872,11.051074888729945
20,5,1,4,-1,0,GA,75.54389026472792,7796.828669212978,0.000538852963372873,0.9999030111703137,6.7330163121480116
20,5,1,4,-1,2,HEFT,53.011562003916474,6774.864698446119,0.0005465516437026007,0.999901625543218,6.488227485281263
20,5,1,4,-1,2,GA,67.40137890365051,7387.4819710865495,0.0005364619875596027,0.9999034415043112,5.3842838554716215
20,5,1,8,-1,0,HEFT,55.302151872407194,9197.063241101965,0.0005023329019833173,0.9999095841654012,8.94660621592905
20,5,1,8,-1,0,GA,60.71263116289107,9631.1940633417,0.0004913154356206921,0.9999115671320048,7.987583434628706
20,5,1,8,-1,1,HEFT,45.191777603511866,8025.026954079051,0.0004763070160390067,0.9999142684122756,8.318541471486148
20,5,1,8,-1,1,GA,45.86780646998742,8099.013898894587,0.0004774811986790432,0.9999140570775424,6.516123011000711
20,5,1,8,-1,2,HEFT,39.64427989225185,6995.68423347512,0.0004121231736200184,0.9999258205801776,10.40192416529297
20,5,1,8,-1,2,GA,59.37709876406211,9443.979927921046,0.00048369230575853777,0.9999129391749767,7.593553396242623
20,5,1,16,-1,0,HEFT,51.23949536451274,12615.500891359847,0.00035885242653403113,0.9999354086493347,6.567257444767718
20,5,1,16,-1,0,GA,59.81252480538922,14547.095919322775,0.000395748211458404,0.9999287678590668,4.275893194451625
20,5,1,16,-1,2,HEFT,58.910625078138374,14629.199165873735,0.00042872857246397506,0.9999228318345726,8.946190264171063
20,5,1,16,-1,2,GA,63.49402804476911,15758.652887189037,0.0004609560080869985,0.9999170313606323,4.235724005320513
20,5,1,32,-1,0,HEFT,44.92156541008613,20427.79893194334,0.00041058369695998263,0.9999260976654593,6.74588838399014
20,5,1,32,-1,0,GA,79.838308250855,34770.88749210027,0.0005313923932521909,0.9999043539435906,4.227112234033286
20,5,1,32,-1,1,HEFT,55.48511927693874,24351.526868625206,0.00039344199822748463,0.9999291829479646,6.088327251633723
20,5,1,32,-1,1,GA,64.33445312741313,28015.367500700686,0.00042776970281318405,0.9999230044178056,2.8931746946290477
20,5,1,32,-1,2,HEFT,57.0879351866614,25366.593693565686,0.0004450680338356214,0.9999198909628099,7.300441024101552
20,5,1,32,-1,2,GA,72.34985774502915,31726.271176828377,0.0005095511373045457,0.9999082850013626,4.07090394361495
20,5,2,4,-1,0,HEFT,47.44829235263942,6479.8954204873335,0.0005429428149303154,0.9999022750687049,11.223406816604928
20,5,2,4,-1,0,GA,50.037875285521096,6174.239291767144,0.0004873929299821876,0.9999122731208308,8.347839531490704
20,5,2,4,-1,1,HEFT,50.079327985160575,6374.685108269557,0.0005130332512896447,0.999907658278527,8.135173496311868
20,5,2,4,-1,1,GA,48.100134858003734,6100.785878646992,0.0004899198198272368,0.9999118183206636,11.200706036680044
20,5,2,4,-1,2,HEFT,37.97722544831559,5259.004438329055,0.00044394026056975553,0.9999200939457562,3.041997581074535
20,5,2,4,-1,2,GA,38.27283063887356,5023.736795992808,0.00041171071386652164,0.9999258948174287,10.937746828335285
20,5,2,8,-1,0,HEFT,33.3927846037201,6369.441258931809,0.00040875115464789145,0.9999264274987524,7.7123905422356
20,5,2,8,-1,0,GA,41.09787768602051,7023.755486903366,0.0003977208306260203,0.999928412812972,4.767723709479973
20,5,2,8,-1,1,HEFT,40.432993871638615,7523.595476114803,0.0004705462615552321,0.9999153052597216,6.947301020738102
20,5,2,8,-1,1,GA,46.89705321907352,7882.553235808118,0.0004367488535887675,0.9999213882964157,8.279979231421198
20,5,2,8,-1,2,HEFT,49.16334439061244,8628.403461728276,0.0005050028940864965,0.9999091036103916,11.861718563993984
20,5,2,8,-1,2,GA,49.75542798723349,8564.023710420865,0.0004893414242437273,0.9999119224226936,9.92196885295932
20,5,2,16,-1,0,HEFT,43.408623133480205,11635.417598076208,0.00042648087292609943,0.9999232363893499,7.682066602163594
20,5,2,16,-1,0,GA,44.06946717958795,12012.954141330007,0.0004588651734947183,0.9999174076797045,4.3729545701424755
20,5,2,16,-1,1,HEFT,50.88635200627843,13558.727423229564,0.0004894764648609956,0.9999118981175243,9.545597563894091
20,5,2,16,-1,1,GA,44.41945319822336,12813.12076407376,0.0005535640503895185,0.9999003634349818,6.423073308770298
20,5,2,16,-1,2,HEFT,33.286595999944424,10090.985928355523,0.00047803094268297075,0.9999139581321309,6.916068516948109
20,5,2,16,-1,2,GA,38.32350186527951,11391.275746759336,0.0005210805411661074,0.9999062099011563,5.634672734023523
20,5,2,32,-1,0,HEFT,41.01153402056939,19781.81951899248,0.0005211098779191003,0.9999062046210364,6.587920323526159
20,5,2,32,-1,0,GA,55.61327963261311,25759.735440021177,0.0005690227469118533,0.9998975811507247,3.8268666327533727
20,5,2,32,-1,1,HEFT,25.792711015940398,13222.072439283938,0.00042863971694610147,0.9999228478273318,5.2285599667005025
20,5,2,32,-1,1,GA,36.96476789076221,17786.308645576373,0.00046406172810383513,0.9999164723775673,3.5920195493855833
20,5,2,32,-1,2,HEFT,42.618720294887794,19535.56143512038,0.0004095572147136263,0.9999262824186257,6.095081300800096
20,5,2,32,-1,2,GA,59.68678108239208,26269.658980183023,0.0004328081452899825,0.9999220975683998,2.722267655408226
20,5,4,4,-1,0,HEFT,31.58727395657716,5621.380316128295,0.000530386455583022,0.9999045349950687,2.1812106283012604
20,5,4,4,-1,0,GA,42.89761992460412,6306.378409863251,0.0005487458208633404,0.9999012306302599,4.12931145963391
20,5,4,4,-1,1,HEFT,35.13562555659293,6149.620354066301,0.0005766292412596693,0.9998962121229078,2.2854784473278924
20,5,4,4,-1,1,GA,38.39781923564627,5977.888543848749,0.0005342110104053911,0.9999038466411576,4.391140433750351
20,5,4,4,-1,2,HEFT,26.2727050343786,5051.148333946637,0.0004896716398315845,0.9999118629891248,2.8959202252644025
20,5,4,4,-1,2,GA,26.668463374232495,4623.870120250987,0.0004320134209674196,0.9999222406076441,6.559846906489627
20,5,4,8,-1,0,HEFT,36.80795126316657,7719.063470611814,0.0005407622931973931,0.9999026675243372,3.5024098393264254
20,5,4,8,-1,0,GA,34.44423486911009,7282.974733521093,0.000513737491742445,0.999907531526959,5.235698781181407
20,5,4,8,-1,1,HEFT,32.95159289563098,7532.734006038481,0.0005645195204209183,0.9998983916488027,3.408922261007903
20,5,4,8,-1,1,GA,38.28339666567222,7610.456810683865,0.0005084303269740739,0.9999084867287396,5.016738385594364
20,5,4,8,-1,2,HEFT,34.94426315519104,7423.838502969217,0.0005257350439368058,0.9999053721695875,3.1972709246840836
20,5,4,8,-1,2,GA,34.551593152796855,7070.150778834575,0.00048490928115840776,0.9999127201385003,5.0101455535431505
20,5,4,16,-1,0,HEFT,26.988232864045905,8675.551082378312,0.00045139668895109817,0.9999187518967947,5.298349475128614
20,5,4,16,-1,0,GA,28.94121103618795,9036.296576546214,0.00044955866377236793,0.9999190827145013,4.048688752473377
20,5,4,16,-1,1,HEFT,27.366301798841,8628.818566515374,0.00043598044200748095,0.9999215265996372,5.434923655496019
20,5,4,16,-1,1,GA,27.366301798841,8700.150482853214,0.0004451964518702509,0.9999198678494153,4.728402038158069
20,5,4,16,-1,2,HEFT,21.322710642451124,6973.153771534449,0.00037198880209093465,0.9999330442572595,3.8714896207612433
20,5,4,16,-1,2,GA,23.66336317656134,7363.727538273857,0.00036438783053928685,0.9999344123414673,3.482299139831943
20,5,4,32,-1,0,HEFT,22.33632924163418,11818.566950507207,0.0004187876643048684,0.9999246210615599,3.657845765894924
20,5,4,32,-1,0,GA,22.835709693073376,12282.064995464045,0.00045389566838809656,0.9999183021171438,2.749147456496916
20,5,4,32,-1,1,HEFT,26.200354219233347,13721.408958292264,0.00047292932016881895,0.9999148763455936,4.386969583246804
20,5,4,32,-1,1,GA,32.72296508354968,17172.51219467916,0.0005952058918082794,0.9998928686784445,3.677910649163961
20,5,4,32,-1,2,HEFT,24.307121109909975,12009.971325836272,0.00034574119116677517,0.9999377685220489,4.858331617074446
20,5,4,32,-1,2,GA,35.45840331163391,16608.917336778068,0.00038667835466545786,0.9999304003183304,2.967906195977767
20,8,0.8,4,-1,0,HEFT,124.14108595873154,11538.488601406782,0.0007208936014712749,0.9998702475703102,22.505205721810377
20,8,0.8,4,-1,0,GA,130.99717290517094,11427.291625795297,0.0006640086984944563,0.9998804855766891,21.711618674320615
20,8,0.8,4,-1,1,HEFT,83.9916604276957,7286.588010045571,0.00042054112526048793,0.9999243054624293,16.220996941320305
20,8,0.8,4,-1,1,GA,96.67111170874226,7986.061701423279,0.00043228014720977405,0.9999221926006552,11.766328890590188
20,8,0.8,8,-1,0,HEFT,64.61896504891766,9407.998760162642,0.00041402818029283566,0.9999254777044718,19.450575715256434
20,8,0.8,8,-1,0,GA,95.39289687690358,12748.553956712305,0.0004639322812053697,0.9999164956760632,8.410035245390402
20,8,0.8,8,-1,2,HEFT,97.6619318857785,13500.858307896018,0.0005329861559252301,0.9999040670937888,12.514773067455904
20,8,0.8,8,-1,2,GA,95.04024200943473,13018.942069950306,0.0005032401598248803,0.999909420873768,12.102179926571615
20,8,0.8,16,-1,1,HEFT,75.69286424145646,17509.611737031442,0.000384571292334858,0.9999307795632247,8.126242994382828
20,8,0.8,16,-1,1,GA,86.87541665914794,20040.88888286163,0.00043421303414796166,0.9999218447081374,5.284046001131141
20,8,0.8,16,-1,2,HEFT,63.6208694223673,15815.720561006648,0.0004651826397819285,0.9999162706303387,9.88228312899424
20,8,0.8,16,-1,2,GA,79.12732832659158,19060.183948188635,0.0004997076110443219,0.9999100566751554,5.510859282102332
20,8,0.8,32,-1,0,HEFT,73.1967938715911,31461.00729926896,0.00043326078198681936,0.9999220161001446,4.597656456408357
20,8,0.8,32,-1,0,GA,89.3108736563881,37660.45444840041,0.0004347647240758889,0.9999217454117161,3.8253193144146196
20,8,0.8,32,-1,2,HEFT,87.28173052271401,36831.83301132401,0.0004283783579588929,0.9999228948683208,10.485620287875395
20,8,0.8,32,-1,2,GA,108.78178459298566,45180.74092503998,0.0004403792818260318,0.9999207348709178,4.503169385797427
20,8,1,4,-1,0,HEFT,60.55867634935284,6830.156882934564,0.000506891526894784,0.9999087636874443,13.222431894302117
20,8,1,4,-1,0,GA,68.2748840986467,6892.092999452003,0.0004670411579737676,0.9999159361251303,7.67915531569832
20,8,1,4,-1,1,HEFT,60.83621933347237,6447.556895381733,0.0004557388071544003,0.9999179703793256,21.170649742311017
20,8,1,4,-1,1,GA,106.22906628330995,8874.537249108982,0.00048779613275324354,0.999912200550702,6.459965531673638
20,8,1,4,-1,2,HEFT,87.20756381596523,9255.140201593276,0.0006549324468251868,0.9998821191080698,19.12994557614635
20,8,1,4,-1,2,GA,102.34493097132028,9431.747807147662,0.0005838748217731638,0.9998949080546266,10.270712566454387
20,8,1,8,-1,0,HEFT,93.44420948321373,12375.235630599744,0.00043986970545364674,0.9999208265873983,15.407110294913439
20,8,1,8,-1,0,GA,107.11958319041962,13778.25348678987,0.00045152112409684595,0.9999187295002883,5.308718530093496
20,8,1,8,-1,1,HEFT,84.25606401790576,12365.812407302656,0.0005526137288867835,0.9999005344758238,13.52557412389652
20,8,1,8,-1,1,GA,100.09679328734954,13638.634678958031,0.0005205868893246091,0.999906298750158,7.229482393494671
20,8,1,8,-1,2,HEFT,84.19486919134685,11935.698106666288,0.0004978024114078801,0.999910399580304,12.166968102533191
20,8,1,8,-1,2,GA,72.64184464909222,10792.301497780198,0.0004933700790009487,0.9999111973289708,13.034542410722366
20,8,1,16,-1,0,HEFT,56.425058896912475,13643.487836633893,0.00036303314320758356,0.9999346561692237,8.798596380610842
20,8,1,16,-1,0,GA,66.55273801539846,15904.624845781836,0.00040394045824616696,0.9999272933607712,4.000641072607125
20,8,1,16,-1,2,HEFT,78.20650418857629,18027.929266476513,0.00038918352225708825,0.9999299494196501,8.649918920234631
20,8,1,16,-1,2,GA,94.18901976194107,21481.411035328267,0.00043890429470743933,0.9999210003475896,4.755774825517127
20,8,1,32,-1,0,HEFT,63.72769842714486,27721.567100537424,0.00041991355355475396,0.9999244184167922,8.17680416866723
20,8,1,32,-1,0,GA,95.65840897381005,40599.2879817442,0.000499542498165522,0.9999100863928005,3.8460586401866266
20,8,1,32,-1,1,HEFT,75.64142860766886,32503.719545317213,0.00044669392247705065,0.9999195983263418,7.274006248526368
20,8,1,32,-1,1,GA,97.30848942831035,40981.18463460739,0.000467018694332844,0.9999159401682455,3.570791276558608
20,8,1,32,-1,2,HEFT,72.27168086788618,31556.06634203514,0.0004914393913135467,0.9999115448219537,10.49767822952838
20,8,1,32,-1,2,GA,126.18506056203456,53322.153945205726,0.0006288230864837799,0.9998868182499709,3.9843483029332836
20,8,2,4,-1,0,HEFT,58.91642695277834,7217.472131070167,0.0005671167490099234,0.9998979241952674,8.566420783223279
20,8,2,4,-1,0,GA,63.42191679569288,6957.826158566527,0.0005056297354487428,0.9999089907892086,8.822514701568776
20,8,2,4,-1,1,HEFT,59.85318730220457,7965.7201792646665,0.0006579802569455876,0.9998815705670688,9.150017764678328
20,8,2,4,-1,1,GA,62.33260335197233,7429.639577118278,0.0005733429736723005,0.9998968035898547,6.0167880345119595
20,8,2,4,-1,2,HEFT,52.613207081079324,6296.553143608543,0.00048722470332257566,0.9999123033989737,5.708654031823011
20,8,2,4,-1,2,GA,54.94331035126157,5992.358526100639,0.00043347282031525617,0.999921977936223,8.207099520631312
20,8,2,8,-1,0,HEFT,52.711838531844734,8317.452816606605,0.00042081606169890306,0.9999242559776175,6.726639815809837
20,8,2,8,-1,0,GA,51.35699602050233,7942.049031406329,0.00038911852886797224,0.999929961117641,7.52126368138634
20,8,2,8,-1,1,HEFT,61.905817779646384,10147.958676888073,0.0005432816757160232,0.9999022140797262,6.385708681414706
20,8,2,8,-1,1,GA,68.34022207365213,10462.824516107741,0.0005041554518135837,0.999909256136147,6.563843855195294
20,8,2,8,-1,2,HEFT,54.26883932409091,10001.447209510306,0.0006190747589660956,0.9998885727518628,11.111706720166543
20,8,2,8,-1,2,GA,58.737471170750126,10258.018466588164,0.0005967986090692703,0.9998925820200917,7.9121591858390214
20,8,2,16,-1,0,HEFT,43.73702427650956,11596.32001987977,0.0004132831212906892,0.9999256118051064,6.697377895404365
20,8,2,16,-1,0,GA,57.67487357480343,14239.81034183314,0.00040907423972492,0.999926369347719,5.3789454327992665
20,8,2,16,-1,1,HEFT,55.74083363100985,14072.891557845142,0.00043548469001178966,0.9999216158279975,8.160307968834669
20,8,2,16,-1,1,GA,67.29113060762253,16325.958366128183,0.0004400595981220487,0.9999207924094248,4.38563527883888
20,8,2,16,-1,2,HEFT,60.299539523876426,15047.621930606283,0.00044833466951188766,0.9999193030156646,10.167952037628549
20,8,2,16,-1,2,GA,63.01336634030938,16213.427685381586,0.0005316358330803856,0.999904310128613,6.187491675322128
20,8,2,32,-1,0,HEFT,59.927851482504074,26440.35068994236,0.00044290125589932733,0.9999202809516704,5.879765816995199
20,8,2,32,-1,0,GA,71.37551266865218,31202.655112657587,0.0004902400837073838,0.9999117606782506,3.43248834295458
20,8,2,32,-1,1,HEFT,45.195317434180495,20236.086204049287,0.0003722331148997381,0.9999330002838996,5.426411867174179
20,8,2,32,-1,1,GA,51.35070863898813,23016.410886770474,0.00042606444049083075,0.999923311341437,3.9168395193543786
20,8,2,32,-1,2,HEFT,43.745175924377364,19485.92003560641,0.00034725742643998766,0.999937495616721,4.545997435903211
20,8,2,32,-1,2,GA,55.61860942965077,24379.45941554122,0.00039042808715185047,0.9999297254136872,2.719240862451518
20,8,4,4,-1,0,HEFT,39.9005902572972,6120.07396679546,0.0005432617098766402,0.9999022176732257,4.374499600749379
20,8,4,4,-1,0,GA,49.458859939568804,6600.47661142041,0.0005460531439691353,0.9999017152643465,6.334249119280137
20,8,4,4,-1,1,HEFT,39.08953722080115,5301.2695099491375,0.0004425028066344551,0.9999203526668231,3.003718145284762
20,8,4,4,-1,1,GA,40.27836905838053,5145.82682835364,0.0004150471722934592,0.9999252942995969,4.56262594574176
20,8,4,4,-1,2,HEFT,38.48886149352177,5714.515216302603,0.0004996188455573073,0.9999100726515061,4.956248125948354
20,8,4,4,-1,2,GA,44.210936574073756,5701.195575309923,0.00046241222477446796,0.9999167692634104,3.410230332868074
20,8,4,8,-1,0,HEFT,33.31805756557754,7672.984884196648,0.00057809449068491,0.9998959484054193,7.378665118558175
20,8,4,8,-1,0,GA,42.42211332006607,8009.729984967457,0.0005086830886616427,0.9999084412358007,7.085637337777245
20,8,4,8,-1,1,HEFT,46.26314624667385,8911.966004459315,0.0005776103313667474,0.9998960355450328,8.58906797362856
20,8,4,8,-1,1,GA,46.30420956591153,8673.196678875822,0.0005462522688046917,0.9999016794253998,6.429244392846669
20,8,4,8,-1,2,HEFT,35.8682086530241,7280.480996043587,0.0004957536130947381,0.9999107683310253,6.733842461136425
20,8,4,8,-1,2,GA,40.37289497734997,7354.009046437681,0.00044938128276641906,0.9999191146404991,5.75350245938507
20,8,4,16,-1,0,HEFT,36.12489491533168,10001.46006307098,0.0003960568784660589,0.9999287123029645,5.394947671277045
20,8,4,16,-1,0,GA,51.53346971897384,13081.714250085955,0.0004117943235197644,0.9999258797688065,4.410204534374661
20,8,4,16,-1,1,HEFT,41.71631174319045,11766.936432096481,0.0004854527877782834,0.999912622315852,5.303918341009806
20,8,4,16,-1,1,GA,46.513238104391995,12571.898791815744,0.0004704595705132402,0.9999153208627878,4.931860114323669
20,8,4,16,-1,2,HEFT,31.022214275189558,8955.95992236616,0.00038755746531392326,0.9999302420894397,4.493618549937564
20,8,4,16,-1,2,GA,41.63870855389435,11069.463710534761,0.00039726507340917923,0.999928494843402,4.4917371241625
20,8,4,32,-1,0,HEFT,47.38952376710014,21263.50440332656,0.00039611463524032387,0.9999287019074866,3.6695727015936748
20,8,4,32,-1,0,GA,44.673224032360544,20619.27792519058,0.000447643397514746,0.999919427434591,3.177944317310136
20,8,4,32,-1,1,HEFT,28.278991204473208,13632.011864713477,0.00035825313206663654,0.9999355165153773,3.7885105540596773
20,8,4,32,-1,1,GA,35.01674807027142,16635.779403603534,0.0004120604838009442,0.9999258318635081,3.244601986343984
20,8,4,32,-1,2,HEFT,42.647889716651804,20194.59250553669,0.0004932561827315759,0.9999112178284786,5.373303748942872
20,8,4,32,-1,2,GA,50.5765672645088,23768.2798894518,0.0005616121524393311,0.9998989149220017,4.359863357337012
20,10,0.8,4,-1,0,HEFT,80.8046846629525,8954.401202674655,0.0006557850566993456,0.9998819656563954,29.985632805161607
20,10,0.8,4,-1,0,GA,124.35037257271641,10954.957626797011,0.000644204101202406,0.999884049984506,14.88706555752813
20,10,0.8,8,-1,1,HEFT,90.63749875440902,13197.472490220143,0.0005809137738755657,0.9998954409873769,13.36442301434748
20,10,0.8,8,-1,1,GA,108.864108058681,15296.646500605493,0.0006260584143374828,0.9998873158347565,7.055491430360224
20,10,0.8,8,-1,2,HEFT,84.02772481272699,11747.275989570699,0.00047553157720270123,0.9999144079793095,10.194220757066878
20,10,0.8,8,-1,2,GA,111.96450307136797,14185.944060778715,0.00044410229533945595,0.9999200647818286,8.108125010447367
20,10,0.8,16,-1,0,HEFT,72.35824533245388,16814.24028369471,0.00037744924804438833,0.9999320614432805,8.798586742271578
20,10,0.8,16,-1,0,GA,106.29455384383931,23669.672662243145,0.00042133311682506446,0.9999241629147488,5.094305619743614
20,10,0.8,16,-1,2,HEFT,75.10985127539271,18234.096860044905,0.0004926363585490317,0.9999113293869324,17.399520717182277
20,10,0.8,16,-1,2,GA,102.84045516402675,23780.05502413267,0.0005212774719172527,0.9999061744569464,7.040326556617011
20,10,0.8,32,-1,0,HEFT,74.09883849853354,31815.00450454356,0.0004342442533729566,0.9999218390891162,9.118133300618723
20,10,0.8,32,-1,0,GA,94.87272147466086,40075.38137713715,0.00047083415127485576,0.9999152534439626,3.8671911762321223
20,10,0.8,32,-1,2,HEFT,87.43967908114014,36673.908178479454,0.0004001384252353536,0.9999279776771898,7.704684752212714
20,10,0.8,32,-1,2,GA,122.8130307830598,50922.758040029374,0.00048611811619307606,0.9999125025672092,3.753757808318956
20,10,1,4,-1,0,HEFT,87.50665480656227,7978.545519011673,0.0004881429054646878,0.9999121381370959,16.43874778915993
20,10,1,4,-1,0,GA,109.03846696230569,9162.765759972819,0.0005076123185765046,0.9999086339567873,5.643893111993601
20,10,1,4,-1,1,HEFT,71.57076584498436,6446.760776032271,0.000389065118278168,0.9999299707308736,15.863210474557752
20,10,1,4,-1,1,GA,98.36814322813376,8279.854622083521,0.0004597136624202972,0.9999172549643235,8.532638183293539
20,10,1,8,-1,0,HEFT,68.48272877702951,10164.604130573865,0.0004638581612376014,0.9999165090165437,12.466487944194743
20,10,1,8,-1,0,GA,82.22586952638385,11453.903731728898,0.00045997677741551024,0.9999172076075442,7.379818114237856
20,10,1,8,-1,1,HEFT,118.34727792883653,15665.757167103482,0.0005561264193714697,0.9998999022546265,12.16313241107254
20,10,1,8,-1,1,GA,151.458236288593,18866.098633436966,0.0005589286756759738,0.9998993978991086,4.985036410750981
20,10,1,8,-1,2,HEFT,75.38156766690481,10660.947219726631,0.0004424181813570762,0.9999203678981599,17.403988795669726
20,10,1,8,-1,2,GA,72.46576582199236,10336.082309760695,0.00043661095489010707,0.999921413116231,9.268779787638863
20,10,1,16,-1,0,HEFT,59.466320475739266,14611.631109460726,0.00041267410570010164,0.9999257214197643,9.097992634449087
20,10,1,16,-1,0,GA,85.72603838662278,19642.641991221957,0.0004112716564587058,0.9999259738419085,3.5170715586936123
20,10,1,16,-1,1,HEFT,85.84241108442035,19740.78729285125,0.0004210651633905098,0.9999242111427104,11.449604486883493
20,10,1,16,-1,1,GA,103.99047254869919,23662.142147168506,0.0004775156870566229,0.9999140508701676,5.965407165273321
20,10,1,16,-1,2,HEFT,86.79619587365558,20687.729221410966,0.0005197493040916143,0.9999064495013844,19.543559303206955
20,10,1,16,-1,2,GA,118.2229882988414,27293.489751530797,0.0005936273899422801,0.9998931527783814,7.6123369117426405
20,10,1,32,-1,0,HEFT,65.8039638567821,28213.01924635235,0.0003804001453938011,0.999931530317985,8.15155350234093
20,10,1,32,-1,0,GA,104.71303829696825,43798.02136982615,0.0004635936258127054,0.9999165566289455,3.863625850524862
20,10,1,32,-1,1,HEFT,73.41890732295255,31483.583672769502,0.0004251580440252874,0.9999234744803025,6.22417757722924
20,10,1,32,-1,1,GA,96.95284882339344,40720.46235361695,0.0004509778301594147,0.9999188272852544,3.4784349205333416
20,10,1,32,-1,2,HEFT,68.29179919630356,29691.450353811517,0.00044798442667066485,0.9999193660542907,9.463438028083498
20,10,1,32,-1,2,GA,104.04726206129496,44127.222323821465,0.0005391568077886565,0.9999029564836246,3.6178290192559674
20,10,2,4,-1,0,HEFT,54.649865390374664,6295.056520078717,0.00047440090198200697,0.9999146114834501,4.866581392892923
20,10,2,4,-1,0,GA,59.147622404922956,6411.234712330977,0.0004615179375832913,0.9999169302217199,5.025658866583217
20,10,2,4,-1,1,HEFT,60.2788154018801,7157.313882093975,0.0005508954448066835,0.999900843736242,3.5503293552205903
20,10,2,4,-1,1,GA,61.27259382578658,6718.694334274357,0.000488063285611964,0.9999121524674104,11.910198999770456
20,10,2,4,-1,2,HEFT,64.4841368341166,8088.7420147433,0.0006451554840705043,0.9998838787554613,4.611939573787345
20,10,2,4,-1,2,GA,71.86130661046039,8060.1709279841525,0.0005957142391062085,0.9998927771857375,3.3514755330811603
20,10,2,8,-1,0,HEFT,64.0721268859235,10335.165359647768,0.0005405996354779216,0.9999026967998772,6.926945366224028
20,10,2,8,-1,0,GA,73.48879665597087,11021.399044657914,0.0005124644141711512,0.9999077606597588,5.71172216228592
20,10,2,8,-1,1,HEFT,76.85223255048702,11423.368434033851,0.0005226814094556972,0.9999059217719323,10.242680155899428
20,10,2,8,-1,1,GA,66.55002955821547,10051.320048021229,0.00047319343804038023,0.9999148288084246,10.256183485389748
20,10,2,8,-1,2,HEFT,87.55664184966201,12534.458257652877,0.000533465198977432,0.9999039808743154,7.579959422618796
20,10,2,8,-1,2,GA,97.10757379335749,13460.871909954276,0.0005346957139266094,0.9999037594029162,7.8170960577652355
20,10,2,16,-1,0,HEFT,50.97126771552663,12988.677236729638,0.0004137201337659595,0.9999255331487156,6.203855850748638
20,10,2,16,-1,0,GA,58.476702978746644,14306.550372989326,0.00039780664096511226,0.9999283973682171,4.413028048590745
20,10,2,16,-1,1,HEFT,49.99246946583697,13035.578115280718,0.00044405994545736703,0.9999200724041984,9.29063885210568
20,10,2,16,-1,1,GA,74.2879610957324,18118.10982737116,0.0004980389272597597,0.999910357011266,5.140759322100836
20,10,2,16,-1,2,HEFT,69.20272474077768,16978.549886638975,0.0004769543587092582,0.9999141519005914,6.261712157389417
20,10,2,16,-1,2,GA,61.64204484231612,15388.2696680812,0.00045904354759127974,0.9999173755750195,5.193032948321508
20,10,2,32,-1,0,HEFT,56.357344133745016,24602.16916042065,0.00038255155207526676,0.999931143091372,5.863884593595235
20,10,2,32,-1,0,GA,71.31572856052789,30593.577180832388,0.0004145138777247648,0.9999253902854529,2.7052379752541738
20,10,2,32,-1,1,HEFT,69.00355739577999,29589.749059651032,0.0003995326898800406,0.9999280867017067,4.65713277433732
20,10,2,32,-1,1,GA,93.2216160755424,39205.43399243611,0.0004403531549648353,0.9999207395733802,3.1370791385096184
20,10,2,32,-1,2,HEFT,52.47479686262847,22984.50049919425,0.0003661729333262168,0.9999340910440919,6.0551774462763275
20,10,2,32,-1,2,GA,80.602349557632,33842.98145268184,0.0003736019667378752,0.9999327539071069,3.369153478835322
20,10,4,4,-1,0,HEFT,60.6954316693289,7391.5582399729565,0.0005785759069567403,0.999895861759511,5.576248397706402
20,10,4,4,-1,0,GA,63.593155377271,7191.509725514268,0.000534759466073031,0.9999037479286348,10.99024428921999
20,10,4,4,-1,1,HEFT,44.85543425092758,6229.115149562027,0.000526622003296835,0.9999052125320226,3.9303888234898166
20,10,4,4,-1,1,GA,46.359440979971794,6007.360980650936,0.0004886444203633449,0.9999120478723497,3.010450380190929
20,10,4,4,-1,2,HEFT,33.94722888956312,5812.809304218055,0.0005404835035554295,0.9999027177015899,4.483238395593403
20,10,4,4,-1,2,GA,42.242505845515815,5728.272793532897,0.0004781178957297336,0.9999139424819291,9.17254768846146
20,10,4,8,-1,0,HEFT,40.34101605164914,8319.238722368316,0.0005744833567713175,0.9998965983421011,3.325272430858635
20,10,4,8,-1,0,GA,43.52715090540943,8227.234333745222,0.000523078533181643,0.9999058502963888,5.830641312089996
20,10,4,8,-1,1,HEFT,46.100141677052186,8603.800842436014,0.000539817473054135,0.9999028375754245,4.281841433312121
20,10,4,8,-1,1,GA,47.92369044354108,8457.064391071974,0.0004982416160842415,0.9999103205305491,5.637016452019911
20,10,4,8,-1,2,HEFT,27.114650393000424,6274.762844303523,0.0004743871326324912,0.9999146139617217,5.337786809702852
20,10,4,8,-1,2,GA,29.012104921204777,6093.709442773166,0.00042746090056040154,0.999923059997933,6.055573234163065
20,10,4,16,-1,0,HEFT,37.16847781212016,9794.890156466976,0.0003434809323694968,0.9999381753433965,4.425603743904805
20,10,4,16,-1,0,GA,47.85463165295941,11927.1831908967,0.00035388810252306107,0.9999363021703389,3.1975094263779362
20,10,4,16,-1,1,HEFT,45.06394772066044,12867.306146554305,0.000544577284778747,0.9999019808929266,5.034935520821249
20,10,4,16,-1,1,GA,52.029421904154574,14293.561354010679,0.0005560610269267443,0.9998999140240887,4.361925185260439
20,10,4,16,-1,2,HEFT,47.90913396287687,13352.492700949651,0.000536684622749004,0.9999034014338473,5.59132296094661
20,10,4,16,-1,2,GA,52.45737729962292,14480.374130248252,0.0005695810967339342,0.9998974806580551,5.653648930542609
20,10,4,32,-1,0,HEFT,37.050549191175314,17066.581624816587,0.0003668179244709647,0.9999339749533444,3.862632871259006
20,10,4,32,-1,0,GA,42.74008171472185,19244.892518936213,0.00036598205949393034,0.999934125399118,2.9951688717302436
20,10,4,32,-1,1,HEFT,38.66276747335991,17387.63828129674,0.0003283120893445138,0.9999409055700629,4.18614767955431
20,10,4,32,-1,1,GA,37.74356269930543,17241.845264213298,0.0003550797400103379,0.9999360876892769,2.9894196092860477
20,10,4,32,-1,2,HEFT,51.25721209856461,22601.983289540254,0.0003771594113296437,0.999932113610346,4.003385788249033
20,10,4,32,-1,2,GA,53.989972902281984,23697.431944529977,0.0003831114147356192,0.9999310423230378,3.058894488437101
30,0.1,0.8,4,-1,0,HEFT,54.622646170755665,10028.28223100871,0.0009568986065649145,0.9998277730835768,4.891770150162493
30,0.1,0.8,4,-1,0,GA,55.49460737924646,9837.817368396876,0.0009268832318078871,0.9998331749351237,7.589477416556437
30,0.1,0.8,4,-1,1,HEFT,38.29070211235916,6549.340336573727,0.00060870628361505,0.9998904388712083,6.773440017662847
30,0.1,0.8,4,-1,1,GA,41.73995561595645,6518.91897585047,0.0005833851558507182,0.9998949961852335,9.71246286903975
30,0.1,0.8,8,-1,0,HEFT,36.33318330919161,9807.868874489066,0.0008165223871843243,0.9998530367704606,6.137311687557962
30,0.1,0.8,8,-1,0,GA,48.053076614899695,11398.67691366273,0.0008766901238543101,0.9998422082281374,6.211817743321384
30,0.1,0.8,8,-1,1,HEFT,42.04209754005639,10563.75915169484,0.0008433743911950163,0.9998482041317436,8.305235478486424
30,0.1,0.8,8,-1,1,GA,51.18540188296788,11326.521231078386,0.0008285171382833939,0.9998508780348944,11.299817259950073
30,0.1,0.8,8,-1,2,HEFT,34.244922940397835,8606.017603618617,0.0006871453490103909,0.9998763214859959,5.824215908205452
30,0.1,0.8,8,-1,2,GA,46.15685152285664,9725.649133713585,0.0006840557348216211,0.9998768775479233,7.151465578286075
30,0.1,0.8,16,-1,0,HEFT,44.456030410499196,14361.178452751448,0.0007526641620071839,0.9998645296277784,10.710735401179765
30,0.1,0.8,16,-1,0,GA,56.679619315156856,18330.722295693606,0.000962304313589598,0.999826800224367,6.314787539352442
30,0.1,0.8,16,-1,1,HEFT,39.41845350447329,12548.720467916275,0.0006434596117645224,0.999884183977076,8.575734382928669
30,0.1,0.8,16,-1,1,GA,45.9900181655391,14578.977259897842,0.0007427511333481053,0.999866313732803,5.298613134176207
30,0.1,0.8,16,-1,2,HEFT,36.57034037127771,12251.299995641695,0.000675684062578343,0.9998783842645291,7.594796117399161
30,0.1,0.8,16,-1,2,GA,45.91583202092483,14851.240827919853,0.0007797675813827244,0.9998596516850973,5.084778509865756
30,0.1,0.8,32,-1,0,HEFT,31.6366768255836,17045.382256566965,0.000632674206142489,0.99988612512713,6.293267466763573
30,0.1,0.8,32,-1,0,GA,42.670958840185975,23074.234800255683,0.0008641584761788461,0.9998444635713327,4.508396668453321
30,0.1,0.8,32,-1,1,HEFT,32.84643183070239,16993.53260033588,0.0005659564311816742,0.9998981330311794,5.7631459056742305
30,0.1,0.8,32,-1,1,GA,39.82641821569234,20632.371693455087,0.0006897967827686341,0.9998758442870601,3.7313874848788
30,0.1,1,4,-1,0,HEFT,46.00100293622104,9443.747737879434,0.0009348449091654811,0.999831742073303,2.378715219895845
30,0.1,1,4,-1,0,GA,52.810919141429046,9147.738286922066,0.0008543687555728,0.9998462254485153,2.546495245929556
30,0.1,1,4,-1,1,HEFT,48.249314157723006,9019.485506781075,0.0008660876520943632,0.9998441163737382,6.5516698900967025
30,0.1,1,4,-1,1,GA,54.369634754663544,8820.906917349568,0.0008024760270188266,0.9998555647469124,8.693032313170844
30,0.1,1,4,-1,2,HEFT,45.52781241100219,8437.038574719578,0.0008077136406965728,0.9998546221130641,1.8100840405630458
30,0.1,1,4,-1,2,GA,52.39468878869956,8570.793715591799,0.0007824093867873671,0.9998591762269763,3.304097236975751
30,0.1,1,8,-1,0,HEFT,29.207355850305582,8515.198503080008,0.0007378930673708878,0.9998671880681589,2.898548983482384
30,0.1,1,8,-1,0,GA,32.968715290015815,8695.941914383962,0.000714592409114011,0.9998713816384103,5.3427898151756175
30,0.1,1,8,-1,1,HEFT,38.3533211223681,9630.431445831886,0.0007685416819230681,0.9998616720654446,9.789828418409998
30,0.1,1,8,-1,1,GA,43.62093099386212,10099.345988014906,0.0007637902600263751,0.9998625272034459,9.108707057046525
30,0.1,1,8,-1,2,HEFT,35.78408682143433,9057.680787261164,0.0007264093607756419,0.9998692548629506,8.325957947114748
30,0.1,1,8,-1,2,GA,54.68241435070982,11288.773048423447,0.0007802663140510731,0.9998595619258198,7.215680270445674
30,0.1,1,16,-1,0,HEFT,33.054797327338264,11274.88146035629,0.0006367390663446182,0.9998853935358804,7.96432362674373
30,0.1,1,16,-1,0,GA,39.849608377040816,13590.5811488834,0.0007673716202185483,0.9998618826474406,4.827585925344089
30,0.1,1,16,-1,1,HEFT,34.18722352464609,11745.293218892337,0.0006694245868424144,0.9998795108337709,8.329755201265613
30,0.1,1,16,-1,1,GA,41.10686270966529,13679.61007711276,0.0007476863613510367,0.9998654255109158,6.841793003249147
30,0.1,1,16,-1,2,HEFT,32.63562048570489,11381.06339129559,0.0006608558472920221,0.9998810530222403,6.1039608989896195
30,0.1,1,16,-1,2,GA,35.38988860675428,12610.366238748422,0.0007513575744511108,0.9998647647817054,4.408393440348918
30,0.1,1,32,-1,0,HEFT,29.095357951023885,15226.470674874592,0.0005237536462120696,0.9999057287874917,5.514743524754969
30,0.1,1,32,-1,0,GA,34.643730862880034,18527.755278979275,0.0006750080914254967,0.9998785059245464,4.003274736419578
30,0.1,1,32,-1,1,HEFT,32.20491495525868,16945.228994328983,0.0005915428490322547,0.9998935279557245,5.809645118154919
30,0.1,1,32,-1,1,GA,34.32862242344879,18599.010345790197,0.0006998474593263384,0.9998740353915287,4.1890191634896095
30,0.1,1,32,-1,2,HEFT,28.342926760490695,14601.437306744989,0.00048032990060937504,0.9999135443553943,5.2286114998874815
30,0.1,1,32,-1,2,GA,41.20321354607728,20979.806823005532,0.0006663789174821522,0.9998800589883519,4.248855159836504
30,0.1,2,4,-1,0,HEFT,29.79831876606319,6358.43962495509,0.0006367080522201624,0.9998853991177833,0.9812623468736559
30,0.1,2,4,-1,0,GA,34.571401526098256,6296.275236862376,0.0005990759642906537,0.9998921721402692,4.415337716725947
30,0.1,2,4,-1,1,HEFT,37.650756913415556,8158.036438256003,0.0008205168096139608,0.9998523178803476,0.5763559500075875
30,0.1,2,4,-1,1,GA,41.309681484008784,7938.55243185469,0.0007694686977548151,0.9998615052256913,1.4497907208206253
30,0.1,2,4,-1,2,HEFT,43.066487467730575,9220.367527143204,0.000924182962363325,0.9998336609026565,1.389256336120085
30,0.1,2,4,-1,2,GA,50.50181806871108,9011.800476241786,0.0008511257375896196,0.9998468091021575,12.994788509032519
30,0.1,2,8,-1,0,HEFT,23.9715378841033,8892.142730142257,0.0008515342497762714,0.9998467355812316,2.445871050613314
30,0.1,2,8,-1,0,GA,30.521968174805902,9117.93259346758,0.0007994604197269009,0.9998561074779708,7.002924036512219
30,0.1,2,8,-1,1,HEFT,19.93748545607638,7407.615568601701,0.0007097696336974636,0.9998722496267084,2.760459871080947
30,0.1,2,8,-1,1,GA,35.19893680546201,9255.04543007828,0.0007591663432498615,0.9998633593943932,7.128705198245496
30,0.1,2,8,-1,2,HEFT,21.022987710995395,7907.0897620560245,0.0007608375893799051,0.9998630586112397,1.9021382943070928
30,0.1,2,8,-1,2,GA,27.56731014565257,8556.407634527528,0.0007635588967112249,0.9998625688431192,5.06124339640302
30,0.1,2,16,-1,0,HEFT,17.521675093843292,8270.02807050994,0.00063383287499897,0.9998859165905073,5.498513727582319
30,0.1,2,16,-1,0,GA,21.57736743106062,9896.510590148046,0.0007433664138739543,0.9998662029971201,4.565916063328581
30,0.1,2,16,-1,1,HEFT,17.38417776840299,8213.896446267216,0.0006299915135315042,0.9998866079569281,4.702398381007943
30,0.1,2,16,-1,1,GA,23.779281084799244,10191.31468408538,0.0007268336842123937,0.999869178494721,4.4303664710883
30,0.1,2,16,-1,2,HEFT,21.432725198150923,10327.232784465185,0.0008026033005710863,0.9998555418409822,7.073209224132728
30,0.1,2,16,-1,2,GA,32.17387352304094,13302.10938058115,0.0009205071917515881,0.9998343224315287,6.676423851824877
30,0.1,2,32,-1,0,HEFT,17.255533058274377,11737.355268799389,0.0006603657072896679,0.9998811412369505,5.04442380388375
30,0.1,2,32,-1,0,GA,21.26173783181718,14369.500034119064,0.0008016786442766498,0.9998557082550855,4.886648279632974
30,0.1,2,32,-1,1,HEFT,18.69353076305686,12620.053488979302,0.0007030668831996728,0.9998734559683955,4.70862751906936
30,0.1,2,32,-1,1,GA,26.19103332187544,16788.436201714132,0.0008696485020819069,0.9998434755208598,4.045002800800292
30,0.1,2,32,-1,2,HEFT,17.85107147421175,11342.525701515391,0.0005798080433356693,0.999895639998083,4.891348478317192
30,0.1,2,32,-1,2,GA,20.764901918896847,13410.714311031343,0.0007024537434334567,0.9998735663195936,3.7888682500376096
30,0.1,4,4,-1,0,HEFT,39.71927436001485,8574.150063788718,0.0008614502447684761,0.999844950977284,0.7717153724207502
30,0.1,4,4,-1,0,GA,43.6458556880082,8534.1442937932,0.0008319306486781401,0.9998502636948373,4.1864100368523545
30,0.1,4,4,-1,1,HEFT,41.7003894527176,8942.387165898293,0.0008967401126831845,0.9998385998061299,0.8687364793534422
30,0.1,4,4,-1,1,GA,42.98327274894733,8284.246719108758,0.0008037531818035253,0.9998553348922814,5.268007568167381
30,0.1,4,4,-1,2,HEFT,37.48813060404271,8102.468556975883,0.0008143460320389964,0.9998534284568912,0.49208689465060523
30,0.1,4,4,-1,2,GA,39.0005306582322,7727.620106889555,0.0007565367745858411,0.9998638326521891,3.814922966516976
30,0.1,4,8,-1,0,HEFT,20.8266901401234,8349.20247065369,0.0008203927929201348,0.9998523402000559,1.355526640788788
30,0.1,4,8,-1,0,GA,22.566014095815234,8318.681615326599,0.0007948765196548239,0.9998569324615983,4.867998404517835
30,0.1,4,8,-1,1,HEFT,21.195224183405422,8879.849283609652,0.0008843808478039701,0.9998408241172205,0.7723381644586854
30,0.1,4,8,-1,1,GA,29.761860040464136,9328.646147409348,0.000836112090894676,0.9998495111482225,6.2647278989079815
30,0.1,4,8,-1,2,HEFT,23.322609632001445,9458.497001110727,0.0009327553587129958,0.9998321181291705,1.6856716193597994
30,0.1,4,8,-1,2,GA,29.428143113497217,9681.117578334895,0.0008857901601342588,0.9998405704814123,6.252218046520458
30,0.1,4,16,-1,0,HEFT,15.940364731044593,9377.66833187661,0.0008161651554930292,0.9998531010627172,3.9431094663137114
30,0.1,4,16,-1,0,GA,21.124641937546524,10637.490827649981,0.0008503306945272677,0.9998469521879967,5.574686938403725
30,0.1,4,16,-1,1,HEFT,12.382646353882667,7790.377432858859,0.0006993422910740811,0.9998741263103644,2.4753298198604585
30,0.1,4,16,-1,1,GA,17.953531645463237,9006.853949910364,0.0007183172963800287,0.9998707112451629,4.9272854505043595
30,0.1,4,16,-1,2,HEFT,13.48913961890511,8207.86067265877,0.0007258327992027118,0.9998693586304706,3.174660311815365
30,0.1,4,16,-1,2,GA,18.02329369855658,9304.460271783973,0.0007550371940130634,0.9998641025399743,3.1793398857428574
30,0.1,4,32,-1,0,HEFT,11.880749736098004,9368.924238044227,0.000621022782865968,0.9998882221466942,3.7260934418011624
30,0.1,4,32,-1,0,GA,16.122846605495866,12144.661906475449,0.0007691846007706765,0.999861556356067,3.5218118286013524
30,0.1,4,32,-1,1,HEFT,11.79477376843766,8989.773232412786,0.0005763023391902747,0.9998962709591744,3.738651472763699
30,0.1,4,32,-1,1,GA,14.845095230331754,11051.418162675993,0.0006913309553266921,0.9998755681703234,3.564270440180416
30,0.1,4,32,-1,2,HEFT,13.145697802700669,10501.423104610296,0.0007045833525030026,0.9998731830385005,4.426225157512221
30,0.1,4,32,-1,2,GA,19.00805131971844,13690.22514343568,0.0008257278341942893,0.9998513800348858,4.4803857975480765
30,0.5,0.8,4,-1,0,HEFT,43.620014211353826,7556.686672177531,0.0007058043914770734,0.9998729632793818,4.872694567693408
30,0.5,0.8,4,-1,0,GA,48.878524144963286,7379.991251178594,0.0006503646113979789,0.9998829412218622,6.514411974921454
30,0.5,0.8,4,-1,1,HEFT,54.126936895068084,9759.38574698249,0.000925231624808685,0.999833472174832,6.609392535102624
30,0.5,0.8,4,-1,1,GA,57.00961538916966,9454.253934681838,0.0008679318341087458,0.9998437844727768,4.705648073518251
30,0.5,0.8,8,-1,1,HEFT,38.05433375952745,8851.946798096906,0.0006716706404628256,0.9998791065929138,6.919974799905046
30,0.5,0.8,8,-1,1,GA,46.59766820970161,10074.029413714816,0.0007235986131244782,0.9998697607315076,7.071072752573264
30,0.5,0.8,8,-1,2,HEFT,35.28015748619155,8719.552989429107,0.0006889738851104285,0.9998759923902599,7.513417201181823
30,0.5,0.8,8,-1,2,GA,40.41951162007432,9457.96651638897,0.0007206322223335705,0.9998702946124515,6.464789014216617
30,0.5,0.8,16,-1,0,HEFT,33.52687706519254,11075.007988877254,0.0005992051152920267,0.9998921488955963,7.751269940623701
30,0.5,0.8,16,-1,0,GA,41.238742918069896,13378.173058242992,0.0007054695630456812,0.999873023540845,4.643632003057742
30,0.5,0.8,16,-1,1,HEFT,30.97606756518902,10479.121442405267,0.0005854930839649839,0.9998946167980862,6.840024145682111
30,0.5,0.8,16,-1,1,GA,36.07272815731893,12121.178825408733,0.000671216410749806,0.9998791883443807,5.093090672435421
30,0.5,0.8,16,-1,2,HEFT,38.49133129730576,12359.161390854299,0.0006419671552676476,0.9998844525881685,7.714606890066895
30,0.5,0.8,16,-1,2,GA,51.44410602949934,15808.257573858715,0.0007662776765109615,0.9998620795301307,5.110225579238692
30,0.5,0.8,32,-1,0,HEFT,26.871243370650056,14374.864705785365,0.0005240707043224477,0.999905671722414,4.824941980972341
30,0.5,0.8,32,-1,0,GA,33.843531424290575,17930.906750361417,0.0006375956955340873,0.9998852393603099,3.8534291930469027
30,0.5,0.8,32,-1,1,HEFT,27.91391401525479,14414.031916783946,0.00047740167117908363,0.9999140713912622,4.703689465028494
30,0.5,0.8,32,-1,1,GA,32.67389131207902,17227.07821301881,0.0006046904327106544,0.9998911616454356,3.131196888644398
30,0.5,1,4,-1,0,HEFT,52.18742690377422,9626.006008959339,0.0009200270694545447,0.9998344088392281,6.3454798657220035
30,0.5,1,4,-1,0,GA,63.59304600931719,9783.841508408332,0.0008696867312611248,0.9998434686406849,3.860977137182311
30,0.5,1,4,-1,1,HEFT,42.49702882300385,8749.404470600279,0.0008668665487204259,0.9998439761942111,2.6929809094658688
30,0.5,1,4,-1,1,GA,62.26325146027599,9643.341380704087,0.0008597810478825375,0.9998452513861836,7.941023308325845
30,0.5,1,4,-1,2,HEFT,49.44824371368376,9666.712280768663,0.0009422734602728478,0.9998304051599819,1.043222775703001
30,0.5,1,4,-1,2,GA,58.15022317556626,9490.912868620873,0.0008655945938234744,0.9998442051103962,8.578548963790485
30,0.5,1,8,-1,0,HEFT,36.19030742005877,8469.961523842232,0.0006454382443819884,0.9998838278645165,7.3333398698609145
30,0.5,1,8,-1,0,GA,54.72708501812258,10828.773229613518,0.0007202807581232236,0.9998703578678054,7.243870692484018
30,0.5,1,8,-1,1,HEFT,40.692437936558505,10589.13231262955,0.0008633925414366836,0.9998446014181525,10.550824703853792
30,0.5,1,8,-1,1,GA,50.48014315795244,11834.185498525483,0.000902854231958921,0.9998374994428935,8.854733029632545
30,0.5,1,16,-1,0,HEFT,26.67618724874061,9397.11864368896,0.0005523631384923465,0.9999005795776095,6.257554732886858
30,0.5,1,16,-1,0,GA,33.0309512868178,11510.612024547294,0.0006677867412762631,0.9998798056104948,4.18815643799847
30,0.5,1,16,-1,1,HEFT,35.91584264844753,12761.730464050795,0.0007578667539468825,0.999863593288531,9.956481556746539
30,0.5,1,16,-1,1,GA,48.3711895716897,16398.107861202763,0.0009187131089713621,0.9998346453129783,6.2111111882762735
30,0.5,1,16,-1,2,HEFT,30.974023640300942,10398.057486598098,0.0005750704066744597,0.9998964926840506,8.849320501225186
30,0.5,1,16,-1,2,GA,37.99397064543771,12596.919196704146,0.0006850228466124169,0.9998767034892497,4.638533516318333
30,0.5,1,32,-1,0,HEFT,33.546992059242065,18042.481948802364,0.00066672312636349,0.9998799970381859,6.6237936183009785
30,0.5,1,32,-1,0,GA,39.22151798015723,21273.377606084985,0.0008026246384631277,0.9998555380007161,4.353767797110044
30,0.5,1,32,-1,1,HEFT,33.237980159562845,17580.447805432334,0.000622359615524574,0.9998879815437417,6.189342075467478
30,0.5,1,32,-1,1,GA,37.74193476344296,20038.91012055869,0.0007165383942372859,0.9998710314062016,4.1494585837806754
30,0.5,1,32,-1,2,HEFT,29.80820553321933,15705.15284490028,0.0005502328062201628,0.9999009629993681,5.811406358209134
30,0.5,1,32,-1,2,GA,36.60224415987794,19374.41377582634,0.0006872289429500268,0.9998763064409483,3.74794472190406
30,0.5,2,4,-1,0,HEFT,35.504439282610136,7628.571268229529,0.0007654209538325894,0.999862233718956,1.599153048866827
30,0.5,2,4,-1,0,GA,48.11421905577899,8213.707524918067,0.0007628197687649453,0.9998627018678735,6.435449701379439
30,0.5,2,4,-1,1,HEFT,40.99618246952706,8503.944349507048,0.0008444609290658591,0.9998480085846337,2.3400782867388354
30,0.5,2,4,-1,1,GA,53.27303150344899,9023.746897469227,0.0008354833831141701,0.9998496242985992,6.130181249489507
30,0.5,2,4,-1,2,HEFT,38.14473415459041,8211.006788596776,0.0008242970993768005,0.9998516375289126,0.44802192653210565
30,0.5,2,4,-1,2,GA,46.1546185387661,8261.225746437518,0.0007811116352166339,0.9998594097893909,6.61475525247217
30,0.5,2,8,-1,0,HEFT,28.42608453326862,9687.063428865575,0.0008989869914304637,0.9998381954333135,5.277658110079299
30,0.5,2,8,-1,0,GA,36.05060630148343,10228.558250545577,0.0008743798508531227,0.9998426240117471,7.277552804112996
30,0.5,2,8,-1,1,HEFT,20.8902944086905,7821.472991978357,0.0007514217995793369,0.9998647532227458,2.610138827310396
30,0.5,2,8,-1,1,GA,32.41561943097145,8810.75493351683,0.0007362862361942601,0.9998674772593991,5.418138783101268
30,0.5,2,8,-1,2,HEFT,23.62084395249606,9169.583707370035,0.0008917290294483737,0.9998395016559366,1.79467211895741
30,0.5,2,8,-1,2,GA,34.65432497258588,9636.676528196735,0.0008152275621225441,0.9998532698047461,8.041348303740365
30,0.5,2,16,-1,0,HEFT,17.80220895013378,7342.571508583354,0.0005070474664286394,0.9999087356208902,4.761019622185057
30,0.5,2,16,-1,0,GA,19.660869575602334,8158.12335738452,0.0005663096122569604,0.9998980694650633,3.8267454382785457
30,0.5,2,16,-1,1,HEFT,20.834440275074375,9818.714621612919,0.0007517444559171369,0.9998646951524617,5.091928655249429
30,0.5,2,16,-1,1,GA,24.83490953360573,10824.147999746576,0.0007824089624411211,0.9998591763033482,4.670848103515743
30,0.5,2,16,-1,2,HEFT,19.563193925444295,8776.227805025996,0.0006485910298889782,0.999883260429214,5.3713618005633545
30,0.5,2,16,-1,2,GA,28.06408725101551,11494.946129735627,0.0007889717542042181,0.9998579951678839,6.050347242427445
30,0.5,2,32,-1,0,HEFT,19.387641066370783,12016.372319379205,0.0005906354198827938,0.9998936912755937,4.8358195237154575
30,0.5,2,32,-1,0,GA,22.530832685178417,14403.091579728454,0.0007430557918113623,0.9998662589016122,4.074512731424544
30,0.5,2,32,-1,1,HEFT,17.852694155663528,11234.63306487869,0.0005657879210728547,0.9998981633599096,4.453746505207388
30,0.5,2,32,-1,1,GA,21.719749707410326,13817.683057150001,0.000707661391408842,0.9998726290619133,3.3888569760881295
30,0.5,2,32,-1,2,HEFT,20.183762314508442,12610.117922137179,0.0006278492497888809,0.9998869935207509,5.45083546762687
30,0.5,2,32,-1,2,GA,26.48002523232343,16736.80305647647,0.0008486399699307843,0.999847256471893,3.8385206379702193
30,0.5,4,4,-1,0,HEFT,38.980677040364995,8331.617299264766,0.0008346957107657943,0.9998497660583117,0.5954313382734612
30,0.5,4,4,-1,0,GA,38.98778732634639,8017.029031500408,0.0007940071369296874,0.9998570889281131,3.1213800471547186
30,0.5,4,4,-1,1,HEFT,41.847400662656874,8957.919113903228,0.0008978351268857491,0.9998384027354049,1.4080583731666876
30,0.5,4,4,-1,1,GA,45.21833811540787,8504.348713376821,0.0008183292614776802,0.9998527115809382,4.8584383010516685
30,0.5,4,4,-1,2,HEFT,27.57360061674758,5880.356133354901,0.0005887368609497439,0.9998940329799301,1.1144501416654917
30,0.5,4,4,-1,2,GA,31.4358129143037,6035.450079594572,0.0005848231343291982,0.9998947373763195,2.876739804404045
30,0.5,4,8,-1,0,HEFT,21.85769266610829,8415.35494075987,0.0008161519954539371,0.9998531034311758,2.0126837834878635
30,0.5,4,8,-1,0,GA,26.657330280244796,8731.51039534571,0.0007974685643982181,0.9998564659604043,5.441090988466904
30,0.5,4,8,-1,1,HEFT,19.628425379328974,8000.0032966618055,0.0007901388191532589,0.9998577851260465,1.7540939925293522
30,0.5,4,8,-1,1,GA,24.99263858449509,8088.929271007211,0.000735095086162233,0.9998676916380144,5.601824986707408
30,0.5,4,8,-1,2,HEFT,18.124096810951066,7191.502074326375,0.0007043396357202936,0.9998732269019587,1.85966645796927
30,0.5,4,8,-1,2,GA,22.802025870708224,7436.028715142591,0.000677911399425659,0.999877983392735,5.343385832954356
30,0.5,4,16,-1,0,HEFT,13.979886319468324,7582.922305976602,0.0006329178465941451,0.9998860812768436,3.3485251508370726
30,0.5,4,16,-1,0,GA,17.083030666129304,8344.575972540373,0.0006543454889720347,0.9998822247480346,4.706972746755276
30,0.5,4,16,-1,1,HEFT,15.274177886056805,8940.14882502451,0.0007761636525712665,0.9998603003014487,3.400312132643624
30,0.5,4,16,-1,1,GA,21.560055684978447,10542.576845618596,0.0008272669449745135,0.9998511030361579,4.851942639507988
30,0.5,4,16,-1,2,HEFT,13.692789344124826,7360.074742266381,0.0006112479571310612,0.9998899814202039,3.2853422442656783
30,0.5,4,16,-1,2,GA,17.796387626794736,8557.152307543498,0.0006641144551936576,0.9998804665427582,4.925221866177604
30,0.5,4,32,-1,0,HEFT,12.75893901428693,9639.615039777236,0.000612426674197811,0.9998897692744972,3.518820744842754
30,0.5,4,32,-1,0,GA,15.32191179975361,11355.289235486076,0.000706934768007841,0.9998727598374748,3.416033474980013
30,0.5,4,32,-1,1,HEFT,16.10059486377258,11070.156506103613,0.0006314635760226022,0.9998863430157604,4.218581237276818
30,0.5,4,32,-1,1,GA,18.80790057406235,12932.357653805017,0.000737742097333989,0.9998672152391566,3.639350209023378
30,0.5,4,32,-1,2,HEFT,13.98271353919632,11004.566289353692,0.0007280625698064995,0.9998689573242766,3.961270414952685
30,0.5,4,32,-1,2,GA,20.002783541633573,14267.83971707815,0.0008510039841202662,0.9998468310144255,4.320958223750391
30,0.8,0.5,8,-1,1,HEFT,50.01026615488973,10381.933674871007,0.0007210527291991721,0.9998702189310354,12.504823510483334
30,0.8,0.5,8,-1,1,GA,63.93394406622824,11698.872291828618,0.0007185030570375594,0.9998706778125687,12.106851460202405
30,0.8,0.8,4,-1,0,HEFT,52.487515619202775,8560.895418008193,0.000780554866703677,0.9998595099936387,10.252685340657195
30,0.8,0.8,4,-1,0,GA,68.61334664159259,9327.455991104947,0.0007795885468098843,0.9998596839067982,4.578545323576633
30,0.8,0.8,4,-1,1,HEFT,61.754541630969534,10268.786877664075,0.0009437427492735838,0.9998301407328499,6.590399107519058
30,0.8,0.8,4,-1,1,GA,82.2491699448203,11686.762013097983,0.0009998452010008538,0.9998200440578333,4.138430969509017
30,0.8,0.8,4,-1,2,HEFT,52.192514890444414,9498.809304501367,0.0009035618333023299,0.9998373720953571,7.135446082583821
30,0.8,0.8,4,-1,2,GA,58.553601794515316,9276.103127882048,0.0008353398245148984,0.9998496501352611,10.528987648576829
30,0.8,0.8,8,-1,2,HEFT,49.90924806231462,11119.803646950164,0.0008176377045178246,0.9998528360428646,13.290830118423031
30,0.8,0.8,8,-1,2,GA,66.46659389671876,13436.385691599738,0.0009115752813326534,0.9998359299103299,8.599976041175374
30,0.8,0.8,16,-1,0,HEFT,36.737309012217615,11761.532374415332,0.0006082647343759111,0.9998905183413668,7.469734749119342
30,0.8,0.8,16,-1,0,GA,43.12510163128251,13876.73793940435,0.000723090235942908,0.9998698522274866,4.531947498586628
30,0.8,0.8,16,-1,2,HEFT,33.908193896500364,10708.440897212735,0.0005423860037577084,0.9999023752849264,7.379746578580154
30,0.8,0.8,16,-1,2,GA,36.296512644678465,11539.472390427043,0.0005905092974998422,0.9998937139752099,5.256787316940317
30,0.8,0.8,32,-1,0,HEFT,39.67569530328102,19453.777477906922,0.0005450013541921204,0.9999019045679169,5.4572974092796676
30,0.8,0.8,32,-1,0,GA,41.870935364296926,20906.47796637137,0.000623777620992423,0.9998877263313811,3.604882298463297
30,0.8,0.8,32,-1,1,HEFT,31.842747329943904,16332.278438093479,0.000530318276924421,0.9999045472660556,5.970158699337067
30,0.8,0.8,32,-1,1,GA,43.97961095307076,21905.380657887807,0.000648218352959772,0.9998833275032324,4.190169035847213
30,0.8,0.8,32,-1,2,HEFT,27.3168760970374,14774.894148362991,0.0005536451843799265,0.9999003488323193,4.993439730539236
30,0.8,0.8,32,-1,2,GA,33.57199632864723,17886.169526547324,0.0006452872010783965,0.9998838550491531,3.3952213944448157
30,0.8,1,4,-1,0,HEFT,50.756602670221206,9188.38138059267,0.0008723597483749423,0.9998429875730341,1.852545499938365
30,0.8,1,4,-1,0,GA,63.669060679002214,9151.924940090688,0.000787572354973977,0.999858247024007,14.77744466762895
30,0.8,1,4,-1,1,HEFT,44.29651618715291,8385.366707138786,0.0008086736343870085,0.9998544493393359,4.140465635811153
30,0.8,1,4,-1,1,GA,62.14334267051195,9199.442375889936,0.0008031733756725275,0.9998554392422924,5.704270189008434
30,0.8,1,4,-1,2,HEFT,57.912684417935935,10426.941745827928,0.00098800166586137,0.9998221755127938,3.757691829023259
30,0.8,1,4,-1,2,GA,66.85904218987264,9935.765602463687,0.0008690609273061757,0.9998435812677708,11.258362148660915
30,0.8,1,8,-1,0,HEFT,32.53255405249163,7914.004481624268,0.000618976652788769,0.9998885904090071,8.472126501160892
30,0.8,1,8,-1,0,GA,37.21020957678743,8887.999205905075,0.0006867983315934731,0.9998763839414079,7.258002582625909
30,0.8,1,8,-1,1,HEFT,36.38397429265621,8001.956966428295,0.0005825704695521058,0.9998951428133794,12.748282590732147
30,0.8,1,8,-1,1,GA,42.9542965281657,9028.966816882355,0.0006337667119093604,0.9998859284985048,7.2674907904970025
30,0.8,1,8,-1,2,HEFT,38.40930503211236,9776.910368610404,0.0007867722332723019,0.9998583910255084,7.48313128351337
30,0.8,1,8,-1,2,GA,50.36281976872816,10673.63842563262,0.0007543679234928574,0.9998642229923036,8.101346743104411
30,0.8,1,16,-1,0,HEFT,34.46992668187646,11697.965706041077,0.0006562971296021703,0.9998818734941566,8.558503033217448
30,0.8,1,16,-1,0,GA,40.15195267151557,13627.018249304088,0.0007645792424254647,0.9998623852061476,5.67605429503344
30,0.8,1,16,-1,1,HEFT,35.81634247992527,11540.999295947548,0.0006026177700002449,0.9998915346841872,8.862584503722188
30,0.8,1,16,-1,1,GA,39.39725044573092,12746.577459449822,0.0006695484979159544,0.9998794885324658,5.73255730359132
30,0.8,1,16,-1,2,HEFT,35.003519709776405,11969.198353616364,0.000678103691129108,0.9998779487844524,8.351765709667184
30,0.8,1,16,-1,2,GA,42.1474348024839,14278.897531508312,0.0007993010399782173,0.9998561361621983,5.211694584281098
30,0.8,1,32,-1,0,HEFT,28.808557895367233,15386.776574334861,0.0005586938427020468,0.9998994401647929,5.834589523648105
30,0.8,1,32,-1,0,GA,35.52609580496696,18998.414192839653,0.0006920404914382872,0.9998754404697234,3.8856558100169223
30,0.8,1,32,-1,2,HEFT,41.41681533017591,20799.451230380422,0.0006324798635132912,0.9998861601048205,7.608299130145239
30,0.8,1,32,-1,2,GA,51.84803882730337,25761.76798639324,0.0007560879944068142,0.9998639134216254,3.5937875962339945
30,0.8,2,4,-1,0,HEFT,38.238607155630845,7946.160662672897,0.0007894970955042141,0.9998579006198826,1.5383401426712289
30,0.8,2,4,-1,0,GA,43.00035415722288,7529.444153076464,0.0007061275392157323,0.9998729051201796,7.194197782005566
30,0.8,2,4,-1,1,HEFT,47.46443758985956,9707.937884677865,0.0009599024393235925,0.9998272324869478,1.6502759772097426
30,0.8,2,4,-1,1,GA,57.72658957131482,9876.002205054116,0.0009179749232081403,0.9998347781644542,2.319908459719937
30,0.8,2,4,-1,2,HEFT,37.17195524446464,7867.093534519874,0.0007858965998430971,0.9998585486172188,1.2882023817458486
30,0.8,2,4,-1,2,GA,42.04793365960661,7910.366799525767,0.0007612488351246317,0.9998629845971454,3.5618391160352645
30,0.8,2,8,-1,0,HEFT,30.63838566756725,10308.112025149021,0.0009517864342458098,0.9998286931165359,5.199589318272857
30,0.8,2,8,-1,0,GA,37.687533524116624,10313.618511552024,0.0008650665753535953,0.9998443001389179,6.708001803489831
30,0.8,2,8,-1,1,HEFT,22.63905813363237,7827.563218695552,0.0007305185578639333,0.999868515304455,3.3313027229991055
30,0.8,2,8,-1,1,GA,29.202031403256857,8178.969710817208,0.0006945186945871512,0.9998749944488196,6.89267961538629
30,0.8,2,8,-1,2,HEFT,23.919612522693804,7849.1484773631455,0.000717424505837796,0.999870871926697,3.5263521144773198
30,0.8,2,8,-1,2,GA,39.44004898233477,9724.227131055177,0.0007671811923450958,0.9998619169197241,5.722985044949856
30,0.8,2,16,-1,0,HEFT,22.26349200341988,9459.429864789734,0.000669875891490067,0.9998794296087258,5.32946145598895
30,0.8,2,16,-1,0,GA,27.23536651753753,11121.069373246917,0.000761224677245441,0.9998629889449677,4.2252033427117395
30,0.8,2,16,-1,1,HEFT,22.39632638248046,9828.529527610248,0.0007142680700483204,0.9998714400119357,5.934243721577292
30,0.8,2,16,-1,1,GA,30.2579784560786,11697.231869024039,0.0007606847552269957,0.9998630861176206,6.258893692287073
30,0.8,2,16,-1,2,HEFT,22.865362009934973,9856.813294365616,0.0007062873111702975,0.9998728763648835,6.330156286049062
30,0.8,2,16,-1,2,GA,30.446235878390496,11670.422835365025,0.0007525511042266215,0.9998645499754223,5.339794631950405
30,0.8,2,32,-1,0,HEFT,21.602660800209275,12453.902417002786,0.0005372714043569024,0.9999032958233659,4.406478033092753
30,0.8,2,32,-1,0,GA,25.759497175865732,14716.887149358245,0.0006234160508818865,0.9998877914066966,3.7799386188890667
30,0.8,2,32,-1,1,HEFT,21.515181576543736,13218.763930208726,0.0006404307758160118,0.9998847291045536,5.015907160375017
30,0.8,2,32,-1,1,GA,27.101726536898447,16509.031766161002,0.0007883680589136954,0.9998581038176113,3.9990161311002717
30,0.8,2,32,-1,2,HEFT,19.74580557203759,12251.914593402638,0.0006032978364005433,0.9998914122855208,4.8550487595418845
30,0.8,2,32,-1,2,GA,24.4950773687871,15036.169012390354,0.0007273978427359312,0.9998690769594769,3.412631930219248
30,0.8,4,4,-1,0,HEFT,46.514754609500585,9944.111932339405,0.0009963053890288602,0.9998206811095292,1.2060605131488764
30,0.8,4,4,-1,0,GA,53.02288084481245,9919.820033152644,0.0009528064279847087,0.9998285095491315,3.8069609534252655
30,0.8,4,4,-1,1,HEFT,45.16307909731215,9702.907376576102,0.0009735244935277933,0.999824780943817,1.236349136045169
30,0.8,4,4,-1,1,GA,48.01135986164839,9163.27875612208,0.0008861412768427594,0.9998405072904829,5.120053880384779
30,0.8,4,4,-1,2,HEFT,47.88771955645168,10354.630908462426,0.001040829505136014,0.9998126682378612,0.5019601618019401
30,0.8,4,4,-1,2,GA,53.30942653778531,10148.909898763992,0.0009806275742829838,0.9998235026141254,2.9589757439466013
30,0.8,4,8,-1,0,HEFT,18.082340508826544,7121.675936322261,0.0006958360784851309,0.9998747573493884,1.3572021741631126
30,0.8,4,8,-1,0,GA,22.419128918123956,7073.855328555064,0.0006358680817073855,0.99988555029516,4.137403652807503
30,0.8,4,8,-1,1,HEFT,21.9141186430628,8854.332947848388,0.00087216764316723,0.9998430221465429,1.3664025571485707
30,0.8,4,8,-1,1,GA,31.17848234275937,9609.768422508321,0.0008548622890960491,0.9998461366261459,5.438674744665595
30,0.8,4,8,-1,2,HEFT,21.064748099418203,8213.87194562626,0.0007999555721036324,0.9998560183633722,1.3876184165370866
30,0.8,4,8,-1,2,GA,26.256833774276224,8385.488429834499,0.0007577302826232532,0.9998636178500192,6.84682072554323
30,0.8,4,16,-1,0,HEFT,16.11453124064024,9079.929789480462,0.0007733772340151859,0.9998608017868477,2.676961876069487
30,0.8,4,16,-1,0,GA,23.349421437848022,10592.82127883089,0.0007893711063002675,0.9998579232947172,4.789109618148908
30,0.8,4,16,-1,1,HEFT,17.905436089499865,10563.349080035177,0.0009206079264665637,0.9998343043022846,3.150853171998391
30,0.8,4,16,-1,1,GA,26.528226978229796,12907.118243089957,0.0010095217911201338,0.9998183025865733,6.000661297047952
30,0.8,4,16,-1,2,HEFT,15.309870281047884,9279.780028690302,0.0008191582603009185,0.9998525623831394,3.1118518802918285
30,0.8,4,16,-1,2,GA,22.559781735931846,10709.793465805144,0.0008240717535537765,0.9998516780851431,5.000230498613954
30,0.8,4,32,-1,0,HEFT,13.565449096974096,9936.94505518977,0.0006108285015441494,0.9998900569139059,3.873039786584564
30,0.8,4,32,-1,0,GA,21.352022818194236,14266.568558350555,0.0007839007488583934,0.9998589078196439,3.7412996928642763
30,0.8,4,32,-1,1,HEFT,13.277391677819136,10763.342039768573,0.000731889358589926,0.999868268592798,4.200945613371576
30,0.8,4,32,-1,1,GA,16.717561405348107,13049.869605173451,0.0008566312694469996,0.9998458182587261,4.35710796363545
30,0.8,4,32,-1,2,HEFT,13.921678083138763,9827.826189230693,0.0005790570807888123,0.9998957751572439,3.7882980674704134
30,0.8,4,32,-1,2,GA,16.08611470254614,11244.279001548151,0.0006546784180581956,0.9998821648278587,3.199752546046865
30,1,0.8,4,-1,0,HEFT,43.11175217220145,8110.033388685705,0.000780448227961245,0.9998595291859158,5.893927320547709
30,1,0.8,4,-1,0,GA,54.93507329779561,8286.113362965949,0.000729874656934336,0.9998686311913897,11.23528719734466
30,1,0.8,4,-1,1,HEFT,37.91493179476481,6972.79660793606,0.0006657467547528875,0.9998801727640015,4.8624978506362755
30,1,0.8,4,-1,1,GA,39.989117171869324,6892.25838273965,0.0006424781341718247,0.999884360622598,4.7632204006981365
30,1,0.8,4,-1,2,HEFT,44.36280617618547,7553.158812467058,0.0007007421338514412,0.9998738743704132,6.306702745695871
30,1,0.8,4,-1,2,GA,59.30951994074871,8239.745777290329,0.0006967556615160712,0.9998745918451873,3.4086054603328653
30,1,0.8,8,-1,1,HEFT,50.76760258267998,10651.92434226349,0.0007465419243315519,0.9998656314818782,11.215366603514397
30,1,0.8,8,-1,1,GA,65.29564220922994,12368.428540822002,0.0007881197530666574,0.999858148506323,7.389734688148566
30,1,0.8,8,-1,2,HEFT,37.419354436964625,8485.684651188707,0.0006322256621757239,0.9998862058558533,9.220771957741407
30,1,0.8,8,-1,2,GA,47.29417131388568,9455.46283935016,0.0006350416528704308,0.9998856990353363,6.744883761835438
30,1,0.8,16,-1,2,HEFT,45.3315315571291,14054.84645415176,0.0006913685265094281,0.9998755614083519,9.64022262212494
30,1,0.8,16,-1,2,GA,49.569703866797646,15438.640630874484,0.0007650203473448756,0.9998623058181921,5.840475506060036
30,1,0.8,32,-1,1,HEFT,38.44558251144063,19197.91192191231,0.0005729726405063449,0.999896870242948,7.192805681977925
30,1,0.8,32,-1,1,GA,45.91946384635541,23014.777276091856,0.0006953104856707205,0.9998748519442507,4.556971688494117
30,1,0.8,32,-1,2,HEFT,39.4382612618412,20309.536531951493,0.0006673442128429557,0.9998798852560422,6.2063732522450605
30,1,0.8,32,-1,2,GA,46.644608589835244,23834.26246397272,0.0007652109516118839,0.9998622715141486,4.090625393460904
30,1,1,4,-1,0,HEFT,45.032660268723134,8016.117061275659,0.0007564017271804842,0.9998638569574129,6.316410812096272
30,1,1,4,-1,0,GA,62.19919198585019,9015.421013064155,0.0007790516534552125,0.9998597805340462,7.658382045354699
30,1,1,4,-1,1,HEFT,49.04400601380404,8638.577759620097,0.0008119464432761632,0.9998538603196542,7.391778265413157
30,1,1,4,-1,1,GA,65.90372037640253,9340.167224890925,0.0007980347088919386,0.9998563640690279,9.079840789950559
30,1,1,4,-1,2,HEFT,50.666118248112575,8565.765492411061,0.0007924795628555112,0.9998573638521887,4.487830665842092
30,1,1,4,-1,2,GA,60.964867283121166,8757.324300212229,0.0007533605517600017,0.9998644042946119,8.080830690278617
30,1,1,8,-1,0,HEFT,38.4013751434302,9439.030493581842,0.0007432168578569178,0.9998662299136014,9.431852422320272
30,1,1,8,-1,0,GA,47.65531272095031,10428.704203125226,0.0007563041578700254,0.9998638745174978,8.535062045687695
30,1,1,8,-1,1,HEFT,46.75202207866806,10403.823949881913,0.0007642932597325294,0.9998624366759495,9.47947176929352
30,1,1,8,-1,1,GA,66.92942569812634,13002.311918100182,0.0008497528489767512,0.9998470561842826,7.410222922531393
30,1,1,8,-1,2,HEFT,46.03900827086995,10898.490927829727,0.0008370473041119138,0.9998493428351904,10.99076046874392
30,1,1,8,-1,2,GA,52.250323330616084,11647.073389184123,0.0008567238177577491,0.9998458016025986,7.631758275968932
30,1,1,16,-1,0,HEFT,36.84330606102224,11822.066419143353,0.0006134562862308892,0.9998895839647772,9.133805138838174
30,1,1,16,-1,0,GA,45.64870329157513,14160.994847890488,0.0006972149632956151,0.9998745091812383,6.2122529673677285
30,1,1,16,-1,1,HEFT,42.60228514968545,12594.5746482608,0.0005704051549768982,0.9998973323427885,7.900539145849007
30,1,1,16,-1,1,GA,45.400214471834346,13610.289325510897,0.0006322284427543544,0.9998862053554058,4.711397198882587
30,1,1,16,-1,2,HEFT,40.74689052118072,13191.909590858897,0.00069360550527031,0.999875158802362,8.80800432791045
30,1,1,16,-1,2,GA,55.48901479045719,17454.628240854596,0.0008786482430344723,0.9998418558223626,4.183120602689427
30,1,1,32,-1,0,HEFT,28.20910565921649,15236.598505545888,0.0005690312574168937,0.9998975796189903,5.644123361387193
30,1,1,32,-1,0,GA,33.118934654625455,17894.23505966687,0.0006688067380220536,0.9998796220331652,4.228140358619602
30,1,1,32,-1,1,HEFT,40.513158272699016,20264.086891631625,0.0006081439424955044,0.9998905400815251,6.398761085428964
30,1,1,32,-1,1,GA,44.75275914732646,22712.33586300848,0.0007141183915290852,0.999871466950605,4.358876247312058
30,1,1,32,-1,2,HEFT,35.82053386313886,18167.590678812398,0.0005700911725280456,0.9998973888538292,6.2039592959729575
30,1,1,32,-1,2,GA,41.91896272212858,21443.433479811407,0.0006907689656994871,0.9998756693158745,4.230020108516724
30,1,2,4,-1,0,HEFT,33.425188385958734,6635.500422169462,0.0006500118061554835,0.9998830047193733,2.772455984606045
30,1,2,4,-1,0,GA,36.03359633093905,6286.1711185935355,0.00058870264789515,0.9998940391376274,3.8731118485155505
30,1,2,4,-1,1,HEFT,39.43129280046797,7788.779643626343,0.0007617671303880982,0.9998628913167852,3.111096273266486
30,1,2,4,-1,1,GA,46.2879535225364,7800.930651617262,0.0007208151011027797,0.9998702616985422,8.946760058401559
30,1,2,4,-1,2,HEFT,45.443245160685635,9034.079613423455,0.0008853751738644117,0.9998406451670347,1.5435776071103378
30,1,2,4,-1,2,GA,47.87908535259131,8702.745723628414,0.0008274611920806239,0.9998510680768853,6.416236392155668
30,1,2,8,-1,0,HEFT,26.724031869515645,9120.93842447591,0.0008469549567186574,0.9998475597279894,2.502404363503468
30,1,2,8,-1,0,GA,34.610464382526445,9511.922387108898,0.0007996534633574109,0.9998560727351181,5.833829672850461
30,1,2,8,-1,1,HEFT,28.71177444018974,9541.621380555935,0.0008766525884105582,0.9998422149834514,3.6491344290009624
30,1,2,8,-1,1,GA,40.60986914418652,10390.743081420711,0.0008387849668706467,0.9998490301030653,6.252133807737411
30,1,2,8,-1,2,HEFT,33.662638459171504,10860.559802433054,0.000985652003921523,0.9998225983768231,4.788284727518122
30,1,2,8,-1,2,GA,46.331187627571296,11726.882309569519,0.0009404506844086143,0.9998307332040476,6.37512754884573
30,1,2,16,-1,0,HEFT,20.982882223621907,8829.159930712714,0.0006202127317541739,0.9998883679396066,4.817285747002842
30,1,2,16,-1,0,GA,22.960282965376628,9634.444911661416,0.0006752029176109953,0.9998784708600944,3.740442072379002
30,1,2,16,-1,1,HEFT,26.837283388171528,11544.986457571269,0.000825869256723816,0.9998513545826145,5.947733367921141
30,1,2,16,-1,1,GA,31.460803278192827,12401.481537625139,0.0008218355695364492,0.9998520805386462,6.728502096091831
30,1,2,16,-1,2,HEFT,25.356412024837297,9754.166635508836,0.0006312319801989761,0.9998863846982713,6.167620882110934
30,1,2,16,-1,2,GA,29.022535591586905,10620.197476888643,0.000652179669677514,0.9998826145496692,6.480364695696893
30,1,2,32,-1,0,HEFT,23.587939481186204,13609.846366817737,0.000588123721710883,0.9998941433333045,5.095412018818415
30,1,2,32,-1,0,GA,26.01362719558232,15665.46698475879,0.0007333635841931756,0.9998680032671807,3.4093284009846605
30,1,2,32,-1,1,HEFT,22.730582084381147,13629.836648372362,0.0006332420061976748,0.999886022934764,5.464512927452223
30,1,2,32,-1,1,GA,28.474930741993244,16752.27905528023,0.0007516673966866695,0.9998647090212466,4.520074824360373
30,1,2,32,-1,2,HEFT,21.852826827176074,12796.419330544593,0.0005691128977918581,0.999897564925228,5.130654565917614
30,1,2,32,-1,2,GA,24.440080430960336,14517.403940070792,0.0006631024618323028,0.999880648679806,3.8253528530750254
30,1,4,4,-1,0,HEFT,39.75298541484371,8531.89806906757,0.0008557822699166762,0.9998459710550912,1.6023452778133511
30,1,4,4,-1,0,GA,46.72734756733982,8444.383749572757,0.0008012236519819697,0.9998557901418845,8.341077643958593
30,1,4,4,-1,1,HEFT,32.57812805308351,6895.923801884259,0.0006889113249788437,0.9998760036496868,0.9980016656756122
30,1,4,4,-1,1,GA,36.935250263951744,6626.484390091089,0.0006270791185298973,0.999887132128722,5.489541472952409
30,1,4,4,-1,2,HEFT,36.75185303940196,7874.503583245014,0.000789459255472057,0.9998579074301207,1.0112492211983537
30,1,4,4,-1,2,GA,38.11637840853277,7770.606942163522,0.0007675737439992183,0.9998618462701855,0.9524982070804021
30,1,4,8,-1,0,HEFT,23.51324649860323,9453.360758380186,0.0009297272731930592,0.9998326630932075,1.685793646267308
30,1,4,8,-1,0,GA,31.811488961036208,9881.169314583565,0.000882075758956601,0.9998412389672546,7.7481752564801045
30,1,4,8,-1,1,HEFT,22.464048484377543,8822.378110135649,0.000861218275921887,0.9998449927252033,1.7285095631973286
30,1,4,8,-1,1,GA,29.100787304896357,9305.047403158997,0.0008412625092879776,0.9998485842128556,5.9254461941947545
30,1,4,8,-1,2,HEFT,15.797683520631319,5926.405435269822,0.0005697451960321983,0.9998974511232097,1.2411428104005255
30,1,4,8,-1,2,GA,20.91206850228342,6201.0327209819825,0.0005417925251631491,0.9999024821006499,4.284526767045935
30,1,4,16,-1,0,HEFT,14.288104555133671,7688.513535336498,0.0006389144006138027,0.9998850020206643,2.894005658563638
30,1,4,16,-1,0,GA,21.933658932834753,9732.840817133889,0.0007133822095645501,0.9998715994463353,4.979014965731245
30,1,4,16,-1,1,HEFT,16.24853031806221,9443.898906501936,0.0008170776596167949,0.999852936836116,3.0197583851536156
30,1,4,16,-1,1,GA,25.71706002536907,11771.276019555444,0.0008828941207602819,0.9998410916855274,5.121988104376955
30,1,4,16,-1,2,HEFT,14.946069244040208,7799.593173531739,0.0006369441703715785,0.9998853566213874,2.9689516028003453
30,1,4,16,-1,2,GA,19.081145347939284,8928.557281425732,0.0006802296349640039,0.9998775661613412,4.73704501208034
30,1,4,32,-1,0,HEFT,13.309772745728493,9670.73562464613,0.0005891192364711097,0.9998939641596326,3.2995359448337913
30,1,4,32,-1,0,GA,16.278295904945082,11370.64510858312,0.0006614702171943421,0.9998809424488182,3.7293960067519474
30,1,4,32,-1,1,HEFT,16.77618226497142,11390.776370738147,0.0006393698166652612,0.999884920055205,4.451018355671522
30,1,4,32,-1,1,GA,18.424025715133318,12929.216958058249,0.0007563812769311441,0.9998638606379566,3.479028312398055
30,1,4,32,-1,2,HEFT,16.372655374304923,11488.790995919997,0.0006720531436933989,0.9998790377506581,4.089363921682346
30,1,4,32,-1,2,GA,21.533993766648535,14777.142923333628,0.0008408384130414199,0.9998486605386241,4.525867447896837
30,2,0.8,4,-1,0,HEFT,56.62203291628471,8626.922245114996,0.0007634450471748492,0.9998625893332193,7.117685630426588
30,2,0.8,4,-1,0,GA,63.10517097086712,8292.681698954177,0.0006800560067638958,0.9998775974105905,4.634102788839674
30,2,0.8,4,-1,1,HEFT,55.45061638242591,8499.558086717927,0.000754254328212078,0.999864243436678,5.011475373504956
30,2,0.8,4,-1,1,GA,58.30765065837149,8606.790642751279,0.000750390621595536,0.9998649388096967,10.282540259588254
30,2,0.8,4,-1,2,HEFT,65.98963240744641,10775.814690730307,0.0009829860898156175,0.999823078156349,7.304710640129636
30,2,0.8,4,-1,2,GA,74.68928778069717,10421.54887670991,0.0008832639616584556,0.9998410251247465,14.366115384712458
30,2,0.8,8,-1,0,HEFT,71.95395143410191,13132.242901481306,0.0008042200986831423,0.999855250859405,17.079425131855768
30,2,0.8,8,-1,0,GA,87.09949765307366,14994.14225433936,0.0008569238345793656,0.9998457656051226,6.878259134187936
30,2,0.8,8,-1,1,HEFT,50.30905156758163,9841.401087788705,0.0006475106120543757,0.9998834548817401,10.446841397712088
30,2,0.8,8,-1,1,GA,56.07722762093702,10590.450123146611,0.0006727437043329014,0.9998789134647867,8.52789804881744
30,2,0.8,8,-1,2,HEFT,70.04131884698134,13351.423797698171,0.0008562606186547754,0.9998458849655841,10.23759526673421
30,2,0.8,8,-1,2,GA,84.47111562283838,14736.021252467033,0.0008561749551259107,0.9998459003826431,10.567296664534489
30,2,0.8,16,-1,0,HEFT,54.283362356401625,16054.276433714971,0.0007276318942229794,0.9998690348357256,10.409027103505329
30,2,0.8,16,-1,0,GA,70.2233381359058,20156.793774804482,0.0008622626424690657,0.9998448047683817,6.214173974868456
30,2,0.8,16,-1,1,HEFT,46.17955462445502,14151.925786988428,0.0006828748448440651,0.999877090081971,8.737465937895692
30,2,0.8,16,-1,1,GA,62.41760154477682,18465.701954046843,0.0008374060022544821,0.9998492782792543,5.6927014973960945
30,2,0.8,32,-1,0,HEFT,48.94401250252211,23485.221965043784,0.0006060363261079193,0.9998909194110208,7.492694429275533
30,2,0.8,32,-1,0,GA,60.043060387303896,28617.34836970337,0.0007184513153719222,0.9998706871248636,4.646429311577481
30,2,0.8,32,-1,1,HEFT,48.13564126386815,23405.17876264729,0.0006358000668374572,0.9998855625364352,7.701899444916028
30,2,0.8,32,-1,1,GA,54.72575335791297,26814.72384199931,0.0007493584693230912,0.9998651245720301,4.555990871315491
30,2,0.8,32,-1,2,HEFT,42.44225473250573,20753.596741611538,0.0005756809979753664,0.9998963827889984,5.983630627170924
30,2,0.8,32,-1,2,GA,51.97545638429546,25281.992301614173,0.0006877799806259321,0.99987620726644,3.777059873265995
30,2,1,4,-1,2,HEFT,56.128448416940586,8362.718760440666,0.0007323712191766821,0.9998681818693214,9.312950180647526
30,2,1,4,-1,2,GA,57.928139839735785,8186.979799989591,0.0006985050500881491,0.9998742769947839,5.2277091243193405
30,2,1,8,-1,0,HEFT,42.13959910869266,9198.637970198852,0.0006657928237421648,0.9998801644725767,9.767238448562377
30,2,1,8,-1,0,GA,55.199675529564004,10833.148145744577,0.000714984405026671,0.9998713110882238,7.009794735494962
30,2,1,8,-1,1,HEFT,55.758962045427154,11485.881438667227,0.0007923799847940856,0.9998573817736833,11.740051188083655
30,2,1,8,-1,1,GA,75.00832687281981,13947.47710555818,0.0008716637888588478,0.9998431128260856,7.574415894466625
30,2,1,8,-1,2,HEFT,41.039529264961764,9989.538170452583,0.0007816205892785856,0.9998593181905439,8.88553973597517
30,2,1,8,-1,2,GA,57.55987195776996,11679.737928285194,0.000795089175754429,0.9998568941889778,9.178894121940045
30,2,1,16,-1,0,HEFT,39.148404752714995,13944.872001825832,0.0008305398306595029,0.9998505140046265,6.438963537981099
30,2,1,16,-1,0,GA,48.242007224124315,15780.083636239806,0.0008420695412413356,0.99984843896911,7.776356002913693
30,2,1,16,-1,1,HEFT,43.867241380510045,12616.697481634626,0.0005418846429685657,0.9999024655210623,7.627623787574849
30,2,1,16,-1,1,GA,55.684090925670375,15805.554515149957,0.0006607505242146311,0.9998810719781394,3.2923124854913546
30,2,1,16,-1,2,HEFT,42.212928347565864,13336.110593553245,0.0006758692959716538,0.9998783509265737,9.893843043134268
30,2,1,16,-1,2,GA,49.94767787488943,15626.686705209147,0.0007799396063605138,0.9998596207249475,4.853029392878572
30,2,1,32,-1,0,HEFT,48.00108969543943,23246.07856154843,0.0006219199119508639,0.9998880606815224,6.633696395945222
30,2,1,32,-1,0,GA,61.976584642504115,29300.84180921183,0.0007108311765491278,0.9998720585734236,4.259608735577959
30,2,1,32,-1,1,HEFT,59.09182379748415,28094.654251656462,0.0006981129087109232,0.9998743475713598,9.425452949095883
30,2,1,32,-1,1,GA,60.18290616388278,29121.25976580506,0.0007766180618700358,0.9998602185192048,5.249611748864381
30,2,1,32,-1,2,HEFT,45.692961577367974,22707.128254979776,0.0006667998719987695,0.9998799832256294,7.222472569049505
30,2,1,32,-1,2,GA,67.57458750254408,32682.543520313764,0.0008700131678729766,0.9998434098912945,4.948828327500712
30,2,2,4,-1,0,HEFT,33.60025009759645,6980.491239430252,0.0006934986091402613,0.999875178041264,2.1833629283120928
30,2,2,4,-1,0,GA,39.48066561383223,7175.2792103831425,0.0006821973205321959,0.9998772120213653,6.650047997935873
30,2,2,4,-1,1,HEFT,40.00393167075649,7416.919128784641,0.0007101718874145128,0.9998721772302916,3.4259265507784153
30,2,2,4,-1,1,GA,49.03419362849156,7883.3546734469655,0.0007144332531368696,0.9998714102828015,5.330911980534602
30,2,2,4,-1,2,HEFT,52.34905524116722,9602.79200812171,0.0009160254982617163,0.9998351290030298,4.4755575940187
30,2,2,4,-1,2,GA,63.43932417037723,9876.011267757958,0.0008825482826330557,0.9998411539265001,5.432816988436117
30,2,2,8,-1,0,HEFT,26.140620932749954,7653.294200135646,0.0006645729445208851,0.9998803840245475,3.2877107655682587
30,2,2,8,-1,0,GA,32.70605998426158,8200.788665343996,0.0006538768613507601,0.9998823090910754,5.709216359708649
30,2,2,8,-1,1,HEFT,31.712562850097544,8394.283209409532,0.0006911986015245693,0.999875591991044,4.1817983916307435
30,2,2,8,-1,1,GA,35.68907010045558,8396.3655681234,0.000642146619958613,0.999884420288257,7.111476717975901
30,2,2,8,-1,2,HEFT,30.561850708788178,8217.63324093947,0.0006826480068340834,0.9998771309077951,5.7495672986201605
30,2,2,8,-1,2,GA,37.93471172897317,9401.613187090958,0.0007441706538901204,0.9998660582532966,6.449783189677332
30,2,2,16,-1,0,HEFT,30.966670962963114,11849.951961487921,0.0007628360641600782,0.9998626989351057,8.030826773750706
30,2,2,16,-1,0,GA,35.59825614134424,13237.693651669277,0.0008272388207404634,0.9998511080977663,4.839216509603941
30,2,2,16,-1,1,HEFT,30.092779458670407,12448.04850238243,0.0008617874478446657,0.9998448902901431,7.8907545948518685
30,2,2,16,-1,1,GA,37.41291948829756,14024.171653943973,0.0008838360610065688,0.9998409221632399,6.186127842791232
30,2,2,16,-1,2,HEFT,23.17504565841579,8705.332561240888,0.0005498351156104724,0.9999010345765906,6.287718388048488
30,2,2,16,-1,2,GA,28.261627396009196,10190.762516780587,0.0006155723587528193,0.9998892031138532,4.929906048421825
30,2,2,32,-1,0,HEFT,30.79156937130747,16384.002794769607,0.0005891524749596303,0.9998939581773391,5.75472016584978
30,2,2,32,-1,0,GA,31.24683682356011,17418.719090220016,0.0007002498384977953,0.9998739629724039,4.267868951103666
30,2,2,32,-1,1,HEFT,31.00404063220498,16481.25587300618,0.0005911762623048404,0.9998935939343123,5.843459005063202
30,2,2,32,-1,1,GA,38.715182257260125,20559.64246267492,0.0007355313276339838,0.999867613124942,4.316520393713933
30,2,2,32,-1,2,HEFT,27.42788423228014,15188.254551056181,0.000601543540808864,0.9998917280244877,5.220950202603985
30,2,2,32,-1,2,GA,29.933158554617727,16662.47560453412,0.0006677186976176895,0.9998798178568811,4.0489540360948
30,2,4,4,-1,0,HEFT,35.44953527656521,7281.856283808199,0.0007209662261670631,0.9998702344995606,1.3396955912321373
30,2,4,4,-1,0,GA,41.798938007356895,7338.862552535604,0.0006889552361992858,0.9998759957466469,1.9800090311344727
30,2,4,4,-1,1,HEFT,38.24395384354114,7713.956275739347,0.0007594633709624511,0.9998633059367114,2.2441633049763348
30,2,4,4,-1,1,GA,40.13328013765124,7516.973318169854,0.0007222966242328931,0.9998699950590128,0.6948956230599141
30,2,4,4,-1,2,HEFT,42.492468050257195,9096.498388941458,0.0009117390080786967,0.9998359004443516,0.6565273169803156
30,2,4,4,-1,2,GA,44.10121309306826,8386.082002923298,0.0008099772318418631,0.9998542147259741,6.941106097474164
30,2,4,8,-1,0,HEFT,27.162764149612133,9508.76329053651,0.0008916198878777447,0.9998395212982667,1.914903907798677
30,2,4,8,-1,0,GA,33.24859622603795,9797.261547684484,0.0008534103759670337,0.999846397930332,7.091968699144851
30,2,4,8,-1,1,HEFT,23.349186745341648,8577.73109484265,0.0008186316753604457,0.999852657154459,2.4230305161202397
30,2,4,8,-1,1,GA,29.9636545031287,9155.718920507432,0.0008112671948587955,0.9998539825665091,5.243278087034733
30,2,4,8,-1,2,HEFT,21.546793280353864,7509.1922623236405,0.0007029328304146859,0.9998734800948433,1.772628041842131
30,2,4,8,-1,2,GA,32.749168503209916,8907.505570213712,0.0007446492756983929,0.9998659721129141,3.9932792186548522
30,2,4,16,-1,0,HEFT,22.859006585967492,9976.344487890394,0.0007218882717551209,0.9998700685529059,4.908010613887797
30,2,4,16,-1,0,GA,25.367934329960537,10745.97402599418,0.0007590866453025521,0.9998633737380632,4.808573400696208
30,2,4,16,-1,1,HEFT,21.932276782944232,10373.762045082955,0.0007962228556534447,0.9998566901558192,3.6219640771080797
30,2,4,16,-1,1,GA,25.98465362778507,11222.113723902305,0.0008053049389363784,0.9998550556164437,4.865190046222868
30,2,4,16,-1,2,HEFT,16.934007017435885,7787.604882730209,0.0005860821105145375,0.9998945107844864,3.883474666754402
30,2,4,16,-1,2,GA,20.621449732463724,8493.779081442046,0.0005858476398978051,0.9998945529847457,4.758518637243294
30,2,4,32,-1,0,HEFT,21.109890702580888,13546.699647031666,0.0007029071856900008,0.9998734847103101,4.706186434779984
30,2,4,32,-1,0,GA,23.692452601194155,15496.786338368383,0.0008267292686705202,0.9998511998034871,4.934624737352758
30,2,4,32,-1,1,HEFT,15.370946930986438,10221.545698838958,0.0005580235242041558,0.9998995608099963,2.8528953470629492
30,2,4,32,-1,1,GA,18.84273258858108,12163.82358494173,0.0006367201900421962,0.9998853969332254,3.119327363270155
30,2,4,32,-1,2,HEFT,20.387685283724707,12638.432862307141,0.0006213904022424872,0.9998881559826044,4.43010085658844
30,2,4,32,-1,2,GA,23.836542412926686,15104.643646839268,0.0007689161964180128,0.9998616046621629,3.929998266151162
30,5,0.8,4,-1,0,HEFT,82.67169167272206,11983.232611313559,0.00103552860607531,0.9998136222214031,18.825302411254103
30,5,0.8,4,-1,0,GA,121.5913463893175,13302.425626457829,0.0009646047803321176,0.9998263862121582,15.392044945200855
30,5,0.8,8,-1,0,HEFT,77.04056931339855,13176.725268735932,0.0007468773403940145,0.9998655711151014,15.493867994294272
30,5,0.8,8,-1,0,GA,79.47748025665707,13422.785571238604,0.0007484428251420574,0.9998652893657667,12.368624307810318
30,5,0.8,8,-1,2,HEFT,88.12843158334027,14063.916223937504,0.000723977621697266,0.9998696925188522,18.86234535226602
30,5,0.8,8,-1,2,GA,115.2254064335931,16688.19276831679,0.000726944929029955,0.9998691584732736,9.518490899806292
30,5,0.8,16,-1,1,HEFT,87.88836654332758,22347.74705735068,0.0007071292869550108,0.99987272482852,13.951578022690954
30,5,0.8,16,-1,1,GA,126.21678815944048,30514.739544540633,0.0008115137232465191,0.9998539381978793,6.317270447550916
30,5,0.8,16,-1,2,HEFT,72.39104340642822,18884.75526797404,0.0006441440483126382,0.9998840607927733,13.552913529125307
30,5,0.8,16,-1,2,GA,102.3152598849638,25053.244278979808,0.0006988003076313642,0.9998742238551094,8.86151628187605
30,5,0.8,32,-1,0,HEFT,72.82574662565749,33063.26193321948,0.0006586789701507758,0.9998814448135943,9.072641344171965
30,5,0.8,32,-1,0,GA,94.32285814268577,42150.08485435341,0.0007661637374111203,0.9998621000363399,4.8825429867554115
30,5,0.8,32,-1,1,HEFT,71.22543646557243,32555.279886492317,0.0006724434475080754,0.9998789675044718,8.863020731395023
30,5,0.8,32,-1,1,GA,95.44159108664647,43031.9068305849,0.0008245911955184304,0.9998515845994624,4.93784247749553
30,5,0.8,32,-1,2,HEFT,60.738646869225875,27275.202399426074,0.0005105377263105093,0.9999081074316445,7.448768333365025
30,5,0.8,32,-1,2,GA,79.5940560650047,35005.339970212306,0.0005738013489987732,0.9998967210908136,3.440602346265774
30,5,1,4,-1,0,HEFT,83.13861371698195,11266.107542178903,0.0009399811477730967,0.9998308177063391,10.936268550358617
30,5,1,4,-1,0,GA,99.4643701166607,11619.306259726314,0.0008843690560887081,0.9998408262393915,12.114045344511197
30,5,1,4,-1,1,HEFT,109.65017526596492,12615.967879342861,0.0009499689233303028,0.9998290202125104,14.110753651558603
30,5,1,4,-1,1,GA,138.23791317315354,13794.919518652896,0.0009249999594756493,0.9998335138676486,12.433720240053999
30,5,1,4,-1,2,HEFT,70.53538536249643,9998.666650562309,0.0008543886502793903,0.9998462218680192,10.370508467595023
30,5,1,4,-1,2,GA,90.65702356979493,10492.48274627196,0.0007934038262172871,0.9998571975085268,2.266520523206294
30,5,1,8,-1,0,HEFT,67.60983568949148,12179.550599717899,0.0007350137433497052,0.9998677062777834,14.342509623993099
30,5,1,8,-1,0,GA,80.3550960662444,13766.722340561055,0.0007819939429201026,0.9998592509963447,5.839919865886506
30,5,1,8,-1,1,HEFT,72.71605500853047,12245.307164983307,0.0006801764708222716,0.9998775757297144,14.066092676337009
30,5,1,8,-1,1,GA,83.28665265743592,13073.625042600823,0.0006560860965745442,0.9998819114756153,9.019596159630568
30,5,1,8,-1,2,HEFT,73.31994542492335,12946.503045719055,0.0007632801401713711,0.9998626190124019,18.563592977860964
30,5,1,8,-1,2,GA,86.2567886120561,14422.082183974238,0.0007934664699246578,0.9998571862342704,10.2406743691341
30,5,1,16,-1,0,HEFT,74.80773212073419,20048.35112067688,0.000734530562467173,0.9998677932388401,14.350478538652027
30,5,1,16,-1,0,GA,92.48642689269981,24787.221193572404,0.0009082464121671882,0.9998365290086493,6.257890260389916
30,5,1,16,-1,1,HEFT,79.49748708617436,21017.265598852406,0.000743378304690818,0.9998662008570594,14.995594502979058
30,5,1,16,-1,1,GA,89.78351088596065,23440.131957250844,0.0008012529544116793,0.9998557848682083,6.278181787329046
30,5,1,16,-1,2,HEFT,71.46238951538979,18686.847979355858,0.0006416110067701575,0.9998845166874926,13.370653888084
30,5,1,16,-1,2,GA,84.63303285567258,21588.439157696645,0.0006897799547038122,0.999875847315736,5.294964731303624
30,5,1,32,-1,0,HEFT,68.46377813591359,31386.91719052288,0.0006585047010764936,0.9998814761783092,8.363266668834308
30,5,1,32,-1,0,GA,88.5548928338723,39601.11385215928,0.0007230019384951311,0.9998698681189583,5.136630261914057
30,5,1,32,-1,2,HEFT,67.99181501675822,30206.754595014492,0.0005294441380593454,0.9999047045960449,8.226074631707222
30,5,1,32,-1,2,GA,73.79241942265678,32851.2886708587,0.000583333283276293,0.9998950055213166,3.850965749798621
30,5,2,4,-1,0,HEFT,59.06365551077239,9149.336112346455,0.0008157985333112894,0.9998531670450178,3.988359052133894
30,5,2,4,-1,0,GA,67.12531683176343,9291.944867388524,0.0007842286381736278,0.9998588488078959,7.49043560237441
30,5,2,4,-1,1,HEFT,48.406477773267575,8544.609754960966,0.0008037595377059591,0.9998553337483843,4.437749192226239
30,5,2,4,-1,1,GA,74.57454537611575,9929.26714947017,0.0008203732521210094,0.9998523437168804,10.413621266871822
30,5,2,4,-1,2,HEFT,60.3448987012971,10616.375130636803,0.0009973927639501993,0.9998204854171603,2.5886569455027946
30,5,2,4,-1,2,GA,76.70123525231747,10819.082373252939,0.0009221476849020285,0.9998340271917283,11.371317051707685
30,5,2,8,-1,0,HEFT,43.883220154462585,9972.062615398507,0.000744092180952209,0.9998660723765336,7.797468506312529
30,5,2,8,-1,0,GA,56.29877714427606,11022.106125764469,0.0007257653126503834,0.9998693707764631,5.307518123015917
30,5,2,8,-1,1,HEFT,54.19530814717879,11422.50316160688,0.0008035857337826506,0.9998553650285654,8.182087500120975
30,5,2,8,-1,1,GA,57.94497329800034,11625.258769116339,0.0007832740739674815,0.9998590206052146,7.1094938841744995
30,5,2,8,-1,2,HEFT,63.3294357595584,12319.079164442424,0.0008061309213856355,0.9998549069611641,10.554852184659635
30,5,2,8,-1,2,GA,75.2470469908924,14303.549999766612,0.0009147071690750569,0.9998353662631879,9.390586511138261
30,5,2,16,-1,0,HEFT,44.55431525950088,13682.216853545993,0.0006625049513852485,0.9998807562188554,6.715635175596616
30,5,2,16,-1,0,GA,56.84349607631731,16896.515672166257,0.0007729411402472005,0.9998608802728023,5.809485883430858
30,5,2,16,-1,1,HEFT,47.55067918079367,14071.898236396297,0.0006385229759281541,0.9998850724690077,7.401068270151244
30,5,2,16,-1,1,GA,54.34517995275544,15639.393520240981,0.0006724959908671756,0.9998789580478123,5.58398102611536
30,5,2,16,-1,2,HEFT,49.484344626496195,14727.507346569018,0.0006752601005531977,0.999878460568416,9.968203448037764
30,5,2,16,-1,2,GA,58.85826863703351,17111.93953690108,0.0007507948266912984,0.9998648660626088,6.4908743636636315
30,5,2,32,-1,0,HEFT,61.29290551638289,29216.07766421354,0.0007337987010235801,0.9998679249564921,7.2085836228334434
30,5,2,32,-1,0,GA,69.47039234875164,33260.309364251254,0.0008506044835052481,0.9998469029135243,4.489261038771376
30,5,2,32,-1,1,HEFT,39.24010670336054,19592.53164549466,0.0005845388464346527,0.9998947885427549,6.252150175942375
30,5,2,32,-1,1,GA,47.503118695879685,23349.42699113716,0.0006599779601963,0.9998812110231335,4.237421338004177
30,5,2,32,-1,2,HEFT,47.96045789656748,23926.0204668796,0.0007117835445216652,0.9998718871691362,7.934722103234409
30,5,2,32,-1,2,GA,54.255275504774104,27199.28661877244,0.0008223851195011866,0.9998519816342892,4.153404208309623
30,5,4,4,-1,0,HEFT,51.722739738905446,9556.512660246895,0.0009139303814960509,0.9998355060619426,4.578313448517967
30,5,4,4,-1,0,GA,55.590680889659914,9274.70273530639,0.0008535335985274824,0.9998463757536781,8.196957160482546
30,5,4,4,-1,1,HEFT,38.158043783188106,7364.073134761027,0.0007147916063524545,0.9998713457875196,1.6587817115896204
30,5,4,4,-1,1,GA,42.492795065405865,7119.273901422134,0.0006562816199331594,0.9998818762855674,8.562698782141828
30,5,4,4,-1,2,HEFT,44.2053840708259,8827.209792707587,0.0008663244647684682,0.9998440737541024,3.3247350870300547
30,5,4,4,-1,2,GA,55.776750401779886,9218.586739859413,0.0008451295504617544,0.9998478882510824,6.151603673676064
30,5,4,8,-1,0,HEFT,26.970520150007538,8153.954165679,0.0007189643709661854,0.9998705947868033,4.742904700270089
30,5,4,8,-1,0,GA,42.03212178472518,10016.330488814398,0.0007727709040672842,0.9998609109110521,4.578308288392853
30,5,4,8,-1,1,HEFT,35.793445309967886,9133.185198696987,0.0007360483784160297,0.9998675200681265,5.311581960888061
30,5,4,8,-1,1,GA,42.21230704397951,9602.248005728017,0.0007170370193160186,0.9998709416652659,9.135190242282558
30,5,4,8,-1,2,HEFT,37.228897804309234,10013.120318680285,0.0008319310244788886,0.9998502636272041,2.7927967431324565
30,5,4,8,-1,2,GA,40.74426994360559,9935.410075008816,0.000778289426411199,0.9998599177156854,5.336075090988793
30,5,4,16,-1,0,HEFT,32.19905131963865,11266.685114529959,0.0006569079148784673,0.9998817635657998,6.501197194777611
30,5,4,16,-1,0,GA,33.19782817756973,12120.819967789617,0.0007424853950511926,0.999866361559303,5.705662961695141
30,5,4,16,-1,1,HEFT,32.63310921092149,12335.08903243189,0.0007841772692422434,0.9998588580529982,4.008036538180623
30,5,4,16,-1,1,GA,36.408715109395956,13013.64340775429,0.0007781873522933161,0.9998599360864531,6.365340479146529
30,5,4,16,-1,2,HEFT,33.71461727385034,12856.219295366287,0.0008246786535900547,0.9998515688593453,5.189449376864094
30,5,4,16,-1,2,GA,39.97704716399451,14241.88222747829,0.0008483577741590884,0.9998473072593745,5.625514464902263
30,5,4,32,-1,0,HEFT,28.552753181431786,15626.541575913774,0.0006023623196697634,0.9998915806602613,5.3950992104212805
30,5,4,32,-1,0,GA,32.542862802322716,17875.72191949929,0.0006949951683988846,0.9998749086942581,3.9447931378969967
30,5,4,32,-1,1,HEFT,29.056736404647914,16494.59480845183,0.0006895100812748106,0.9998758958869235,4.994162717685679
30,5,4,32,-1,1,GA,37.831247444425244,20554.838121473873,0.0007787647419657083,0.9998598321708745,4.372346002556322
30,5,4,32,-1,2,HEFT,30.91881203682132,17234.45254751544,0.0006927168895834696,0.9998753187332302,5.138271135425983
30,5,4,32,-1,2,GA,34.580209642223316,18672.165052809785,0.0006968171253483245,0.9998745807830851,3.919898946901035
30,8,0.8,4,-1,0,HEFT,112.72604050085185,12074.860931514213,0.0008609833317148999,0.9998450350086058,27.286330807172003
30,8,0.8,4,-1,0,GA,145.51670435235354,13972.425852867202,0.0009027938041284536,0.9998375103181351,11.678649053836514
30,8,0.8,4,-1,1,HEFT,156.2591904711435,15102.189424550448,0.0009821380209219068,0.9998232307817534,29.940865145162928
30,8,0.8,4,-1,1,GA,184.35383984053544,15772.362339764692,0.0008944932851962518,0.9998390041698841,4.294026007542985
30,8,0.8,4,-1,2,HEFT,98.97108184259696,10653.665416696585,0.0007626684093348751,0.9998627291088306,27.829489646308165
30,8,0.8,4,-1,2,GA,136.81896710090257,12385.047595076061,0.0007516456297458315,0.9998647129387658,16.061218270530844
30,8,0.8,8,-1,0,HEFT,107.6562864341729,17781.369665525617,0.0009620628123830774,0.9998268436870561,28.046535707411458
30,8,0.8,8,-1,0,GA,161.7463341459274,23709.00583717317,0.0010570229663002762,0.9998097539651382,17.43432415531454
30,8,0.8,8,-1,1,HEFT,83.16703318631572,12625.969520418754,0.0005997331181566465,0.9998920538653352,13.459556012553723
30,8,0.8,8,-1,1,GA,94.52545844698031,13900.052971717434,0.0006234636900267862,0.9998877828326124,6.920430361290596
30,8,0.8,8,-1,2,HEFT,89.32052389192306,15005.431978987146,0.0008308348430700944,0.9998504609103321,18.17916824382139
30,8,0.8,8,-1,2,GA,151.19139941829783,20756.903465308264,0.000806528310226314,0.9998548354415538,11.221489863483542
30,8,0.8,16,-1,0,HEFT,97.862411358155,24808.98551087008,0.000777700585284796,0.999860023692246,10.859003335323257
30,8,0.8,16,-1,0,GA,123.08298814975484,30302.873244834696,0.0008618784909666364,0.999844873904923,8.464353579455947
30,8,0.8,16,-1,2,HEFT,106.45207608789602,25682.331503769205,0.0006774590303479546,0.9998780648092371,15.353112221381988
30,8,0.8,16,-1,2,GA,132.0204575653826,31299.1864774021,0.0007688964631587389,0.9998616082136585,6.569695151933129
30,8,0.8,32,-1,0,HEFT,94.08030268539483,41815.52633210748,0.0007349728812552804,0.9998677136319875,10.038384473025552
30,8,0.8,32,-1,0,GA,134.60685880504556,58068.12224878912,0.0008241716366474976,0.9998516601088537,5.069489986584563
30,8,0.8,32,-1,1,HEFT,113.91310837716105,48763.34202053181,0.0006486703363956019,0.9998832461557096,10.357785736144988
30,8,0.8,32,-1,1,GA,134.25972249269353,57758.41401994643,0.0008013799202522121,0.9998557620176527,4.627363716019532
30,8,0.8,32,-1,2,HEFT,91.60172173252617,40580.05875316104,0.0006983201043760973,0.999874310280827,10.34559955593472
30,8,0.8,32,-1,2,GA,123.89162997350647,53980.19153678046,0.0008276234660147258,0.999851038871928,4.110409350123405
30,8,1,4,-1,0,HEFT,94.09466921892798,10683.531331017495,0.0007967683731923712,0.9998565919767388,18.949091754564737
30,8,1,4,-1,0,GA,134.3086917232969,12541.962408196881,0.000787486460656154,0.9998582624827931,9.267116536948777
30,8,1,4,-1,1,HEFT,105.59029059308443,11399.885256078067,0.0008180298847041362,0.9998527654608224,7.8648153790647575
30,8,1,4,-1,1,GA,127.92802963503328,12340.66830233122,0.0008010494676808298,0.999855821490538,5.0684330211217645
30,8,1,4,-1,2,HEFT,98.10721686147657,10923.67018160578,0.0008029100480949487,0.9998554866344054,18.482191693243763
30,8,1,4,-1,2,GA,156.87872824814178,13956.324166550407,0.0008302513192040829,0.9998505659289264,3.0474843595052827
30,8,1,8,-1,0,HEFT,87.97513893450783,13668.505136709748,0.0006747922220926353,0.9998785447763063,18.08929976046942
30,8,1,8,-1,0,GA,112.15527020508131,16275.870596080495,0.0007117525395856188,0.9998718927493097,6.044532548371446
30,8,1,8,-1,1,HEFT,114.26178262853674,17564.11047593037,0.0008520645146758199,0.9998466401481827,18.513994935600607
30,8,1,8,-1,1,GA,143.50048461681675,20748.78487931673,0.0009008705886437105,0.9998378564407324,12.556110794856247
30,8,1,8,-1,2,HEFT,73.43947817847814,11769.887383084199,0.0006097800359108912,0.999890245616989,13.881548508184316
30,8,1,8,-1,2,GA,84.19835330402556,13117.142251857073,0.0006504005600349637,0.9998829347518647,8.784216778048211
30,8,1,16,-1,0,HEFT,90.90957643151124,23071.685364723424,0.0007257166265986133,0.9998693795388078,11.431608190272023
30,8,1,16,-1,0,GA,100.79749897739613,25636.222517846745,0.0008117703765099078,0.9998538920070407,7.50526504960248
30,8,1,16,-1,1,HEFT,95.8817362841265,23677.627169050946,0.0006806632819765709,0.9998774881144383,13.021252583353878
30,8,1,16,-1,1,GA,123.18848374211314,29653.333978807445,0.0007753417442276125,0.9998604482242943,5.531662887332475
30,8,1,16,-1,2,HEFT,95.62861643369833,23717.147952857013,0.0006920482684220846,0.9998754390700407,11.472588932247971
30,8,1,16,-1,2,GA,115.3628206445935,28242.07731767258,0.0007871338183347067,0.9998583259494159,4.931512945853572
30,8,1,32,-1,0,HEFT,102.47067636757104,44470.64013751513,0.0006617442393240123,0.9998808931307079,11.210627565859175
30,8,1,32,-1,0,GA,150.1946315018406,63624.51759043489,0.0007687053092671951,0.9998616426165979,4.6172817000423745
30,8,1,32,-1,1,HEFT,90.30735484770733,39678.393279783646,0.000646042508819642,0.9998837191095594,13.666554358841335
30,8,1,32,-1,1,GA,126.59798674590388,54534.795283067404,0.0007650088336744584,0.9998623078903677,4.09949082337216
30,8,1,32,-1,2,HEFT,56.5945871170064,25828.47924730627,0.0005292193532785291,0.9999047450534505,6.45196346109083
30,8,1,32,-1,2,GA,67.51953174387148,30372.949279483237,0.0005743474276274662,0.9998966228068173,3.871514296293966
30,8,2,4,-1,0,HEFT,81.94578822805829,10437.55156082926,0.0008403299387445045,0.9998487520501504,4.256721386960893
30,8,2,4,-1,0,GA,92.17645820155902,10504.250025925106,0.0007855012961563662,0.9998586197618198,13.906033121619537
30,8,2,4,-1,1,HEFT,71.45499399164478,10256.301954068495,0.0008819718659521377,0.9998412576650267,11.904166068582509
30,8,2,4,-1,1,GA,115.38817995632508,12648.437508663435,0.0009185794406666451,0.9998346693692951,3.3522106732069545
30,8,2,4,-1,2,HEFT,68.51832464133433,9633.914495009958,0.000819771952483968,0.9998524519348393,7.237109384486319
30,8,2,4,-1,2,GA,89.06685167780792,10286.22102150547,0.0007766165556809674,0.9998602187902815,5.130646794030558
30,8,2,8,-1,0,HEFT,79.40817381076208,13973.354445943927,0.000820435369523355,0.999852332537399,8.05488547121037
30,8,2,8,-1,0,GA,101.58471916336981,16105.65056727709,0.0008208678976219104,0.999852254693841,11.947574063423184
30,8,2,8,-1,1,HEFT,67.19247045739117,13038.25682477712,0.0008511343231095048,0.9998468075570014,11.649169203568558
30,8,2,8,-1,1,GA,84.5949046587185,14332.160772933548,0.0008024612307101515,0.9998555674098637,8.787006145185867
30,8,2,8,-1,2,HEFT,58.84501890038846,10421.206754871888,0.0006165484419166143,0.9998890274383655,10.664713599955862
30,8,2,8,-1,2,GA,70.50019446316678,11473.860067865151,0.0006079898448838685,0.9998905678160592,7.382128678529504
30,8,2,16,-1,0,HEFT,54.9514229639127,15372.422753436875,0.000622965057411581,0.9998878725764153,8.433396876267834
30,8,2,16,-1,0,GA,70.82289122565405,18864.755966268553,0.0006804600582613664,0.9998775246902264,5.937764857631409
30,8,2,16,-1,1,HEFT,49.969625135558104,14648.06085249654,0.0006529577295180081,0.9998824745153476,12.09564310026618
30,8,2,16,-1,1,GA,69.82967129706824,19056.067056213622,0.0007298152670770694,0.9998686418801597,6.1037072830937955
30,8,2,16,-1,2,HEFT,56.71611891453343,16807.85198581277,0.0007646456271605107,0.9998623732585401,10.528307909351637
30,8,2,16,-1,2,GA,74.67870754361215,20404.62270821379,0.0007837610930026169,0.9998589329541506,4.988756778501382
30,8,2,32,-1,0,HEFT,73.81578528628533,33235.0889833143,0.0006317606503075887,0.999886289548468,6.397175549401254
30,8,2,32,-1,0,GA,80.711420868394,36980.97394239907,0.0007736160631699967,0.9998607588035849,5.28518814612605
30,8,2,32,-1,1,HEFT,65.38083303761988,30204.546039594537,0.000658695885419703,0.9998814417692073,6.871961992416487
30,8,2,32,-1,1,GA,74.50942887030874,34392.83831022856,0.0007469273416059428,0.9998655621160933,4.198192904158118
30,8,2,32,-1,2,HEFT,75.98626506225165,34502.49795781457,0.0006878258622622665,0.999876199008768,6.699976776892934
30,8,2,32,-1,2,GA,95.93325674876391,42943.552143601744,0.000788783146263102,0.9998580291124929,4.151592478020511
30,8,4,4,-1,0,HEFT,52.823872934923195,8809.395775210289,0.0008105749191645964,0.9998541071579463,6.591335985266758
30,8,4,4,-1,0,GA,68.08042566263755,9166.496404848373,0.0007620976709356292,0.9998628318276459,11.349883359649978
30,8,4,4,-1,1,HEFT,33.213629048894546,5906.772034108699,0.0005571728475144393,0.9998997139164328,1.0440277634496382
30,8,4,4,-1,1,GA,40.410855516736014,5828.728886902201,0.0005024557909688465,0.9999095620473839,9.319861722396324
30,8,4,4,-1,2,HEFT,80.7307921898205,12730.33979719533,0.0011440906682279003,0.9997940848831476,3.8601486201398836
30,8,4,4,-1,2,GA,90.86693749520927,12990.68401194036,0.0011148670558359579,0.9997993440640454,1.1302453723239265
30,8,4,8,-1,0,HEFT,43.722584725126495,10079.586805991545,0.0007599765726588373,0.9998632135730381,5.172247355059704
30,8,4,8,-1,0,GA,52.64177830050842,11009.023227133184,0.0007694331408636142,0.999861511625045,4.868308578037099
30,8,4,8,-1,1,HEFT,52.772867857257225,11844.313407580785,0.0008757258518454898,0.9998423817697265,4.595347236721932
30,8,4,8,-1,1,GA,60.210189254082735,12360.086566093742,0.0008501173640441601,0.9998469905816076,8.476469062766368
30,8,4,8,-1,2,HEFT,52.89284643591139,11009.42579662808,0.0007663711290414195,0.9998620627109951,5.490401630496953
30,8,4,8,-1,2,GA,56.3642641202626,10816.25094921434,0.0006983567950476913,0.9998743036773359,7.474693131350037
30,8,4,16,-1,0,HEFT,46.63406464893282,14650.41110143701,0.000736003964966655,0.9998675280614885,6.686286512955911
30,8,4,16,-1,0,GA,51.18412498490661,15426.38887640883,0.000723389777688212,0.999869798316991,5.743428569045384
30,8,4,16,-1,1,HEFT,40.85772569057649,12948.416408181953,0.0006593970381900863,0.999881315576679,5.49055646643364
30,8,4,16,-1,1,GA,49.82007089510966,14949.084898521327,0.000695559597759725,0.9998748071096871,4.913206557290247
30,8,4,16,-1,2,HEFT,44.91926261100689,14686.683049701629,0.0007832279881638637,0.9998590288994904,7.3279333961193664
30,8,4,16,-1,2,GA,53.83831106784341,16377.573285734477,0.0007804415453111813,0.9998595303886242,5.690417952725543
30,8,4,32,-1,0,HEFT,33.18632104278836,16147.540514526827,0.0004397924075059556,0.9999208404999275,4.154206539154809
30,8,4,32,-1,0,GA,44.76761029695565,21200.476990900723,0.0005180509866756783,0.999906755169968,3.012973085790051
30,8,4,32,-1,1,HEFT,42.412038575302674,21436.958852921667,0.0006654697726105219,0.999880222614814,4.83723674868939
30,8,4,32,-1,1,GA,45.521666032501365,23494.9387136227,0.0007770825526023484,0.9998601349225638,4.163139487858938
30,8,4,32,-1,2,HEFT,37.75936969984266,19969.21074285599,0.0007066683175860993,0.9998728077924491,5.380628364589279
30,8,4,32,-1,2,GA,43.42152799158258,22441.084161673756,0.0007451185287992307,0.99986588765868,5.036028120465922
30,10,0.8,4,-1,0,HEFT,129.15500887491066,12230.379141600053,0.0007791910485276925,0.999859755446452,15.103502209099926
30,10,0.8,4,-1,0,GA,154.75217018892374,12940.565686990361,0.0007122043304808816,0.9998718114373698,19.969434745191798
30,10,0.8,4,-1,1,HEFT,95.52072640946412,9573.008964361028,0.0006444462657243864,0.9998840063999475,19.2424346661837
30,10,0.8,4,-1,1,GA,139.17797536178477,12049.0187231791,0.0006936015382187896,0.9998751595163424,6.763207808600764
30,10,0.8,4,-1,2,HEFT,100.08205570623294,10417.785378456787,0.0007253031918033083,0.9998694539473533,26.604398240936924
30,10,0.8,4,-1,2,GA,155.35912565209023,13697.824942276045,0.000806277378679033,0.9998548806026762,19.24194674642905
30,10,0.8,8,-1,0,HEFT,107.0568317785753,16290.115184684168,0.0007768293713101987,0.9998601804888232,19.379565207863862
30,10,0.8,8,-1,0,GA,129.2710065091996,18159.557084773936,0.0007428346847404104,0.999866298695563,11.475875762758072
30,10,0.8,8,-1,1,HEFT,153.75375904350116,22676.122076651867,0.001022708166469736,0.9998159294730941,20.83703511123148
30,10,0.8,8,-1,1,GA,196.0156947961642,25952.55489992248,0.0009218408526473793,0.9998340824123686,9.237619368914759
30,10,0.8,8,-1,2,HEFT,102.72561281686887,15689.490406787088,0.000752949816068175,0.9998644782170145,17.932796614223456
30,10,0.8,8,-1,2,GA,167.24629833349806,22116.681215216675,0.0007830796608786642,0.9998590555946383,5.884725983244193
30,10,0.8,16,-1,0,HEFT,127.95191362689138,30503.189988667615,0.0007669796605044533,0.9998619531904471,15.418556630546965
30,10,0.8,16,-1,0,GA,175.67149289269327,39845.50594118773,0.0007902557242623549,0.9998577640861196,5.987962041157984
30,10,0.8,16,-1,2,HEFT,90.51518238711557,22632.87896535243,0.0006788067115020981,0.9998778222562377,15.324237125549173
30,10,0.8,16,-1,2,GA,129.81750477743995,30667.968739411546,0.0007419906746954879,0.9998664505970706,6.489422103368942
30,10,0.8,32,-1,2,HEFT,110.75946886467513,47311.53698071577,0.0006175582605530382,0.9998888456911987,14.941412688122547
30,10,0.8,32,-1,2,GA,177.71656703947613,73703.78328241613,0.0007055066588187704,0.9998730168644534,4.5010773025805015
30,10,1,4,-1,0,HEFT,105.78352159564916,11633.601094742073,0.0008470273976939163,0.9998475466906017,13.97106909317798
30,10,1,4,-1,0,GA,117.04888633512384,11541.279260068606,0.0007652367850106799,0.9998622668647769,13.849152911863438
30,10,1,4,-1,1,HEFT,128.85033248607706,13171.073846994783,0.0009026172981476853,0.99983754208405,27.06714373719576
30,10,1,4,-1,1,GA,118.69421247256959,12080.776481766574,0.00082473569548879,0.9998515585933279,23.232119036578975
30,10,1,4,-1,2,HEFT,111.81830728547847,11930.719297258365,0.000847989734826279,0.9998473734963411,6.4241146393128306
30,10,1,4,-1,2,GA,159.65862517782986,14175.743482892194,0.000841360397203664,0.9998485665956992,4.526324584473758
30,10,1,8,-1,0,HEFT,132.20036105279303,18771.80760099316,0.0007856037390084018,0.9998586013247139,22.00608230970372
30,10,1,8,-1,0,GA,164.05529105120522,22424.153033897448,0.0008623830869485463,0.9998447830917404,12.961702000627813
30,10,1,8,-1,1,HEFT,75.33631845910881,12434.47427849085,0.0006721172747308015,0.9998790262084679,11.351490614628696
30,10,1,8,-1,1,GA,101.03597645708072,15147.186597029791,0.0007038414544121503,0.9998733165632303,5.939519842503832
30,10,1,16,-1,0,HEFT,108.89092457141426,26656.94660116638,0.000742879726544553,0.9998662905891225,15.666949483859781
30,10,1,16,-1,0,GA,161.05786787016262,37364.8951184077,0.0008322718975886924,0.999850202279233,6.9747759622791365
30,10,1,16,-1,1,HEFT,82.43263922140272,21107.63829682221,0.0006822443884125179,0.9998772035501868,11.652881634278902
30,10,1,16,-1,1,GA,112.59424970707747,27670.9986953368,0.0007820287792736337,0.9998592447266836,8.22372797068974
30,10,1,32,-1,0,HEFT,132.51750064870447,56391.22956708534,0.0007111769144680656,0.9998719963485624,10.168943826531176
30,10,1,32,-1,0,GA,173.28158823893426,72788.12030912151,0.0008072339050866609,0.9998547084529233,4.500073085845224
30,10,1,32,-1,1,HEFT,105.46205240504496,44871.38910561662,0.0005651112379947488,0.9998982851504673,8.274397012520454
30,10,1,32,-1,1,GA,143.13533860789317,60057.06003219695,0.0006580219646984456,0.9998815630605629,4.093580452998268
30,10,1,32,-1,2,HEFT,89.68604418563764,39433.020759689796,0.000645165347855936,0.9998838769801852,9.208849360494943
30,10,1,32,-1,2,GA,144.80266873928682,62252.8461175647,0.0008589950028008485,0.9998453928524126,4.487132420257187
30,10,2,4,-1,0,HEFT,106.02989964900314,12757.055342696096,0.0009906485994242821,0.9998216991495897,8.56256155764759
30,10,2,4,-1,0,GA,111.04699881323982,11614.921187989006,0.0008119722538699607,0.999853855674426,18.2425642827331
30,10,2,4,-1,1,HEFT,93.02239201902962,11291.407946989482,0.0008819551847643488,0.9998412606671632,5.883131387701733
30,10,2,4,-1,1,GA,97.35525040279597,11124.577554170872,0.0008335304308574503,0.9998499757772051,3.3789308555244806
30,10,2,4,-1,2,HEFT,86.51288460030634,11611.579462163638,0.0009636900518538675,0.9998265508347123,10.68972915542566
30,10,2,4,-1,2,GA,108.52356120390805,12059.905331931084,0.0008851129708195736,0.9998406923560628,12.193341714382418
30,10,2,8,-1,0,HEFT,72.04250267276329,12359.250431397692,0.0007032519605700796,0.9998734226586847,8.466637244454683
30,10,2,8,-1,0,GA,76.86237151346134,12894.914237687422,0.0007126778517306373,0.9998717262144742,8.219509988658322
30,10,2,8,-1,1,HEFT,83.56393238726304,14332.684926637532,0.0008153162038062378,0.9998532538515842,11.071533015886875
30,10,2,8,-1,1,GA,99.56016291424427,15781.847561955077,0.0008041436591973678,0.999855264616521,6.4656700400109095
30,10,2,8,-1,2,HEFT,60.47384425623862,10455.778033269991,0.0006008125303192614,0.9998918595921384,4.146907701820665
30,10,2,8,-1,2,GA,79.015457510633,11946.772867216478,0.0005634740240562935,0.9998985798190442,5.6335619927372385
30,10,2,16,-1,0,HEFT,53.98562361633042,15695.08151053158,0.0006886100486041525,0.9998760578727112,11.119797018542867
30,10,2,16,-1,0,GA,78.01746293893348,20929.43827494855,0.000768744882515933,0.9998616354943987,5.114689647544518
30,10,2,16,-1,1,HEFT,84.3901842071757,22205.60100678972,0.0007755407802341064,0.999860412402813,8.96974189296942
30,10,2,16,-1,1,GA,104.28174751643328,26131.65927490087,0.0007893493219309666,0.9998579272153464,5.96855189731947
30,10,2,16,-1,2,HEFT,71.21660453625627,19719.315394159556,0.0007811017213434563,0.9998594115736378,10.290994932553616
30,10,2,16,-1,2,GA,91.8780167069167,24048.2724939302,0.0008278673496385263,0.9998509949794158,5.778740812378028
30,10,2,32,-1,0,HEFT,76.97140470933893,34745.16745684518,0.0006703033654339831,0.9998793526726959,8.400420336249743
30,10,2,32,-1,0,GA,96.25644697768719,43582.45589610508,0.0008552946068053226,0.9998460588209347,3.7732198171010665
30,10,2,32,-1,1,HEFT,88.11632734871026,39593.170484981776,0.0007437339513019431,0.9998661368492371,10.19037798289806
30,10,2,32,-1,1,GA,107.81272774562105,47978.61930434306,0.0008499395155070512,0.9998470225894462,4.763679072210327
30,10,2,32,-1,2,HEFT,64.83277717398207,29234.421214173315,0.000560547129116822,0.99989910660684,6.913455334541977
30,10,2,32,-1,2,GA,84.39701479452525,37109.54165646284,0.0006073757074115181,0.9998906783487133,3.518274060476149
30,10,4,4,-1,0,HEFT,58.31443079361253,9267.929047268099,0.0008357669727615888,0.9998495732601396,2.3047049906349746
30,10,4,4,-1,0,GA,62.67132420522408,9215.820880104875,0.0008020151573971733,0.9998556476914654,6.62499641192707
30,10,4,4,-1,1,HEFT,49.989927988316275,8065.563445097174,0.0007320474033149862,0.9998682401484955,2.0424357017597874
30,10,4,4,-1,1,GA,50.830016817427015,7500.671277989937,0.0006538540659888165,0.9998823131937579,13.436719652154226
30,10,4,4,-1,2,HEFT,56.70778991667625,8539.839363372386,0.0007516622025028327,0.9998647099560727,5.722323589851418
30,10,4,4,-1,2,GA,57.24091895432942,7864.434853191517,0.0006610944112898842,0.9998810100858293,7.07857160525903
30,10,4,8,-1,0,HEFT,66.35002548478117,13002.735422557565,0.0008569939245502036,0.9998457529908746,7.3202165153209515
30,10,4,8,-1,0,GA,71.87648596563902,13213.34830308018,0.0008156596447517874,0.999853192041288,8.85679803641368
30,10,4,8,-1,1,HEFT,44.987900046018815,10116.306189051622,0.0007490268455599248,0.999865184256258,2.912256774434268
30,10,4,8,-1,1,GA,49.235525560412114,9979.170897094627,0.0006786253802706803,0.9998778548918723,4.804443241307344
30,10,4,8,-1,2,HEFT,57.54549537537123,12310.519698334349,0.0008767638426742518,0.9998421949608439,3.9025004026490624
30,10,4,8,-1,2,GA,68.64379431633276,12877.480502899542,0.0008123612724201029,0.9998537856613229,3.144348112781183
30,10,4,16,-1,0,HEFT,67.45713962182674,18874.61275447179,0.0007652250577624105,0.9998622689753913,4.730877289559948
30,10,4,16,-1,0,GA,72.16733625111414,20771.653293731975,0.0008934786477413513,0.99983918677524,5.891075505135859
30,10,4,16,-1,1,HEFT,43.812046986355135,13675.695827873074,0.0006800752979964971,0.999877593938594,7.847002374361224
30,10,4,16,-1,1,GA,64.77311863327706,18017.25376456958,0.0007210355280336417,0.9998702220268438,7.109212837472611
30,10,4,16,-1,2,HEFT,55.573679411594,16728.77480894346,0.0007827685222115523,0.999859111591706,3.7468650376609802
30,10,4,16,-1,2,GA,63.88572741713898,18295.575633109096,0.0007790072311393299,0.9998597885289422,6.094701232958636
30,10,4,32,-1,0,HEFT,59.45643040700982,28202.236843585328,0.000693923458306661,0.9998751015779623,6.395511205266918
30,10,4,32,-1,0,GA,66.36815080723807,31165.222665434612,0.0007338311053559683,0.9998679191244829,4.218164211173006
30,10,4,32,-1,1,HEFT,48.036934744062236,23048.662829665947,0.0005946356444374743,0.9998929713119801,4.214789794203428
30,10,4,32,-1,1,GA,57.36820813355558,26943.46030525588,0.0006348925558101475,0.9998857258697401,3.716708252244797
30,10,4,32,-1,2,HEFT,70.14031314574024,32453.16013636051,0.0007130852568987416,0.9998716528909531,5.4584990195046865
30,10,4,32,-1,2,GA,73.20661199879936,34736.38836331902,0.0008559495291705509,0.9998459409530635,4.364426920627999
40,0.1,0.8,4,-1,1,HEFT,58.49561616154702,10915.800627333598,0.001047546647490871,0.999811459379469,2.4128292540792877
40,0.1,0.8,4,-1,1,GA,81.60446101238728,11890.459987083726,0.0010301609636290873,0.999814588217436,4.101627001801383
40,0.1,0.8,8,-1,1,HEFT,45.13158047606337,12620.434862184462,0.0010707755990287313,0.99980727896526,7.049834665960563
40,0.1,0.8,8,-1,1,GA,60.1676168830923,14284.392056802222,0.0010992636739050854,0.999802152113172,8.832744065755591
40,0.1,0.8,8,-1,2,HEFT,52.37160318779841,13971.834711681817,0.0011555763314797377,0.9997920178916114,8.571813167419974
40,0.1,0.8,8,-1,2,GA,69.12386953958038,15882.227192484266,0.0011946170176595026,0.9997849920543433,5.559256831368562
40,0.1,0.8,16,-1,1,HEFT,33.87691452657967,12778.418889911041,0.0008106009432568145,0.9998541024742931,7.2916223165743075
40,0.1,0.8,16,-1,1,GA,44.636382462919,15590.504578309148,0.0009070179774455685,0.9998367500907765,7.458538650316367
40,0.1,0.8,16,-1,2,HEFT,41.35444922518624,14528.655917369339,0.0008512405253402561,0.999846788443528,9.058320937310437
40,0.1,0.8,16,-1,2,GA,48.15928458809701,16917.90303200068,0.0009911266655149935,0.9998216131130405,5.524564097348916
40,0.1,0.8,32,-1,0,HEFT,40.8271811840885,22009.618944420334,0.0008180854482855748,0.9998527554608495,6.898170874542233
40,0.1,0.8,32,-1,0,GA,50.37884958361918,27175.07094187745,0.0010115752844661089,0.9998179330249999,5.256661410150194
40,0.1,0.8,32,-1,1,HEFT,36.87743884209484,20334.66205188737,0.0007976389582071001,0.9998564352939215,7.306676148873474
40,0.1,0.8,32,-1,1,GA,43.77904749184112,24848.28420938796,0.001038388885338626,0.9998131074672244,5.117811287760494
40,0.1,0.8,32,-1,2,HEFT,33.76325319783164,18688.672203981398,0.0007394810046529776,0.9998669022774508,7.08304095755671
40,0.1,0.8,32,-1,2,GA,42.62515321817715,23591.286471332663,0.0009332335446450435,0.9998320320701566,4.569587954965873
40,0.1,1,4,-1,0,HEFT,67.149481173449,13406.490616102612,0.0013156738397644783,0.9997632067487909,1.540412954318156
40,0.1,1,4,-1,0,GA,100.90398568257089,14740.259203712316,0.0012786651021897823,0.9997698667663221,8.753116651150954
40,0.1,1,4,-1,1,HEFT,56.949373584843194,11337.280144670938,0.001111590466743988,0.9997999337319119,5.058112810743933
40,0.1,1,4,-1,1,GA,104.0528767349938,13799.113297352827,0.001137542017322109,0.999795263398281,10.225906860551953
40,0.1,1,4,-1,2,HEFT,65.7298366139992,13021.161525376026,0.001274693716783471,0.9997705814514397,7.5433033383964325
40,0.1,1,4,-1,2,GA,92.76777865842008,14523.871851365158,0.0013011651777468983,0.9997658176929641,7.871982745596342
40,0.1,1,8,-1,0,HEFT,38.80210503649634,11096.332170982525,0.0009523682283564442,0.9998285884115419,5.943687777194991
40,0.1,1,8,-1,0,GA,63.08702941551458,14345.104226773483,0.0010708978556697782,0.9998072569633059,7.596825382867376
40,0.1,1,8,-1,1,HEFT,44.15183690089156,13328.637930294211,0.0011744265617323801,0.9997886255616133,7.536248350431611
40,0.1,1,8,-1,1,GA,57.27103781943283,14166.991851154624,0.0011200222507091824,0.9997984163155936,12.499803291748691
40,0.1,1,8,-1,2,HEFT,38.608185336161135,11576.27954592587,0.001016782138715039,0.9998169959623133,7.066057666038159
40,0.1,1,8,-1,2,GA,51.49392738193198,13071.674989537503,0.0010501625272444487,0.9998109886100002,10.487499551772354
40,0.1,1,16,-1,0,HEFT,36.20791843801429,13501.04066718257,0.0008461395771426133,0.9998477064739508,8.503621295360254
40,0.1,1,16,-1,0,GA,54.23861470083417,18659.220341049666,0.0010652979739650523,0.9998082647482395,5.3725330312473485
40,0.1,1,16,-1,1,HEFT,33.83613254717706,12774.809637620918,0.0008111462775921088,0.9998540043284389,8.030377574553103
40,0.1,1,16,-1,1,GA,44.49833532547529,16194.53367545093,0.0009884823375916891,0.9998220890072718,6.741020571601652
40,0.1,1,16,-1,2,HEFT,35.7570746544176,13309.136551792672,0.0008325294855483842,0.999850155920347,10.336077323319078
40,0.1,1,16,-1,2,GA,52.59525391295365,18355.351698305756,0.0010668039983228236,0.9998079937158681,6.668144593742835
40,0.1,1,32,-1,0,HEFT,36.18773082922459,19654.684863203478,0.0007440046802042938,0.9998660881245595,6.268748177823214
40,0.1,1,32,-1,0,GA,41.64012735003426,23072.198374901625,0.0009150373995463141,0.999835306831491,4.157416121033092
40,0.1,1,32,-1,1,HEFT,32.10818919258883,18544.045095049936,0.0008029070342501066,0.999855487176819,6.098757122129958
40,0.1,1,32,-1,1,GA,46.1257498204184,25988.12885256688,0.0010692300932204414,0.9998075571027306,4.792248507315864
40,0.1,1,32,-1,2,HEFT,35.99544028119657,19110.124800546102,0.0006831880791429742,0.999877033706729,6.8136262410303665
40,0.1,1,32,-1,2,GA,51.70911291095553,27068.28267725092,0.0009317807906258401,0.9998322935219909,4.483531640811279
40,0.1,2,4,-1,0,HEFT,44.70426088925504,9308.22724767055,0.0009253776130473266,0.9998334459013253,1.5552716247271736
40,0.1,2,4,-1,0,GA,53.41842103341089,9605.484035408024,0.0009097415795612793,0.9998362599225485,5.423887283330196
40,0.1,2,4,-1,1,HEFT,48.41207641373,9990.08840661727,0.0009904791652142416,0.9998217296423106,2.426712263308081
40,0.1,2,4,-1,1,GA,56.25692296271427,10158.042194341815,0.0009635284098361148,0.9998265799252294,7.87001025137659
40,0.1,2,4,-1,2,HEFT,54.328989129388916,11658.632386544683,0.001169359290482431,0.999789537478058,0.6970583606434626
40,0.1,2,4,-1,2,GA,79.31177090964853,12614.784302667844,0.001137961149742211,0.9997951879698943,7.46038116835068
40,0.1,2,8,-1,0,HEFT,26.879663451953668,9985.615558533773,0.0009567400345150155,0.9998278016216303,2.9613925014356055
40,0.1,2,8,-1,0,GA,39.68349787961901,11095.504862605718,0.0009413293367134743,0.9998305750734151,8.230613120371482
40,0.1,2,8,-1,1,HEFT,30.3573729722332,11271.8633999314,0.0010797875445215778,0.9998056571290087,3.0826429156086035
40,0.1,2,8,-1,1,GA,44.04591881023436,12363.1606413865,0.0010510016066671837,0.9998108376042628,10.700986312994978
40,0.1,2,8,-1,2,HEFT,30.96534982131096,10517.849515247164,0.0009748289318347952,0.9998245461860908,4.996785603014457
40,0.1,2,8,-1,2,GA,51.44404463672957,13397.13895177822,0.001092830835484778,0.9998033097956678,7.2817312055826955
40,0.1,2,16,-1,0,HEFT,26.611840050394164,12350.537753943165,0.0009355380444790032,0.9998316173299467,5.305042404149937
40,0.1,2,16,-1,0,GA,43.528450698103434,17241.747406558683,0.0011478404228065665,0.9997934100665344,5.774260470401903
40,0.1,2,16,-1,1,HEFT,25.06358338355769,11667.024158481818,0.0008856351613486743,0.9998405983767458,6.055849255170533
40,0.1,2,16,-1,1,GA,37.234893124557296,14849.322378965198,0.0009948608396705683,0.9998209410818212,5.304705714424763
40,0.1,2,16,-1,2,HEFT,20.687127258322644,10305.456815983127,0.0008182853207215995,0.9998527194891095,4.522668950531108
40,0.1,2,16,-1,2,GA,31.154478660589344,12957.567314907992,0.00090128002739985,0.9998377827537083,5.684699378887529
40,0.1,2,32,-1,0,HEFT,22.72565187952163,15582.412349360704,0.0008857573679101288,0.999840576383072,5.885926638512645
40,0.1,2,32,-1,0,GA,38.18524224311716,23861.16719840234,0.00118837650866219,0.9997861151050769,5.8967038088402175
40,0.1,2,32,-1,1,HEFT,22.914871515239188,16138.948620877247,0.0009482736381169762,0.9998293253117209,7.150157833982583
40,0.1,2,32,-1,1,GA,33.106189086231694,21722.54027346279,0.0011640521530167723,0.9997904925622062,4.599260432174067
40,0.1,2,32,-1,2,HEFT,23.478281495796168,14786.145308076262,0.000745540725283015,0.9998658116735082,5.631005056329171
40,0.1,2,32,-1,2,GA,35.76400062226463,21612.830462254624,0.0010180173415122744,0.9998167736665231,4.181000578483553
40,0.1,4,4,-1,0,HEFT,51.61871918205874,11199.291518231883,0.0011268208007096984,0.9997971928240286,0.710708649000239
40,0.1,4,4,-1,0,GA,56.77588800970192,11219.81183040571,0.0010974895614909586,0.9998024713902769,7.080823735886514
40,0.1,4,4,-1,1,HEFT,39.966921998116135,8709.853450731429,0.0008774471827935214,0.9998420719790402,0.28800640756307594
40,0.1,4,4,-1,1,GA,41.99836349304923,8718.119512496309,0.0008659170626395277,0.9998441470750543,1.6167127049180112
40,0.1,4,4,-1,2,HEFT,52.81392885210492,11488.792195989308,0.0011568118360579165,0.9997917955470657,0.5995170759325906
40,0.1,4,4,-1,2,GA,56.25598455913529,10972.37382877164,0.0010687450348750834,0.9998076443964339,4.926753124603465
40,0.1,4,8,-1,0,HEFT,20.950756606648184,8837.986073551892,0.0008820043203247633,0.9998412518241668,0.7614837558462474
40,0.1,4,8,-1,0,GA,24.958548997462245,9233.099871713854,0.0008833435617516121,0.9998410107990077,4.747592621205408
40,0.1,4,8,-1,1,HEFT,27.222687242486796,11521.118423481386,0.0011508708589409115,0.9997928647008694,0.7858312628613725
40,0.1,4,8,-1,1,GA,32.13766061475609,11696.026257781294,0.001112507860305518,0.9997997686341209,6.130672284217061
40,0.1,4,8,-1,2,HEFT,27.591363101758,11436.515482401368,0.0011353675225623514,0.9997956547272793,1.161155369437399
40,0.1,4,8,-1,2,GA,41.60868010001648,13330.393146691706,0.0012061963639651322,0.9997829082223172,9.16157280992206
40,0.1,4,16,-1,0,HEFT,14.245579765033348,10186.805967660583,0.0009627460791697907,0.9998267207203381,1.481872743694792
40,0.1,4,16,-1,0,GA,24.289210581071625,12291.763460527933,0.0009855600812612637,0.9998226149199665,5.523498161376857
40,0.1,4,16,-1,1,HEFT,15.344204388336443,11692.376963591447,0.0011300115918644507,0.9997966185982663,1.364712087306775
40,0.1,4,16,-1,1,GA,24.933267504451774,13529.907984140977,0.0011295504681248366,0.9997967015836616,4.447121373718205
40,0.1,4,16,-1,2,HEFT,13.965802770186844,10591.180607902565,0.0010219310692540944,0.9998160693248553,0.7877950054512737
40,0.1,4,16,-1,2,GA,24.15638024746983,12698.672007038942,0.0010414272609205082,0.9998125606619829,4.640785978997538
40,0.1,4,32,-1,0,HEFT,12.33418022830782,10950.827150839814,0.0008029072277996913,0.9998554871419857,4.092687223075587
40,0.1,4,32,-1,0,GA,19.235481931438557,14789.07659998733,0.0009564149274308685,0.99982786013083,4.285712367284525
40,0.1,4,32,-1,1,HEFT,12.297053866415759,11484.591008297028,0.000873710894521108,0.9998427444049437,4.356863195425814
40,0.1,4,32,-1,1,GA,17.940506534963443,14772.687774815327,0.0010185443495335097,0.9998166788224646,4.58509857982978
40,0.1,4,32,-1,2,HEFT,13.021745623279191,12075.136070698503,0.0009140550066355675,0.9998354836331074,4.334772545508255
40,0.1,4,32,-1,2,GA,17.561921227874997,15439.883010565867,0.0011235278112483036,0.999797785442096,4.2515268623793325
40,0.5,0.8,4,-1,0,HEFT,46.7561206777305,9049.76586148872,0.0008792599572296713,0.9998417457312263,1.6843765772323998
40,0.5,0.8,4,-1,0,GA,54.17313093392738,9040.178252264262,0.0008320242851984171,0.9998502468427877,4.862622264605577
40,0.5,0.8,4,-1,1,HEFT,62.38391950302983,11131.900706396513,0.0010513530452520776,0.9998107743572855,5.6888906850261325
40,0.5,0.8,4,-1,1,GA,73.50535519662232,11404.247555529873,0.0010175698328284241,0.9998168542033304,9.27293545957003
40,0.5,0.8,8,-1,0,HEFT,47.7424364294634,11600.450923993836,0.0009066120189619313,0.9998368231513773,10.38766550478526
40,0.5,0.8,8,-1,0,GA,60.19738540938421,12935.010532449629,0.0009245557536367888,0.9998335938113918,9.854984371420779
40,0.5,0.8,16,-1,1,HEFT,42.849571816541534,15443.459099701795,0.0009323438386209068,0.9998321921903541,9.347977552661058
40,0.5,0.8,16,-1,1,GA,50.63279168449467,18025.86883083772,0.0010729163859708973,0.9998068936979477,6.109999005907933
40,0.5,0.8,16,-1,2,HEFT,39.64235321078406,14187.111391646691,0.0008495839244413632,0.9998470865860488,8.109391149028783
40,0.5,0.8,16,-1,2,GA,49.445862472086375,17036.585937868047,0.0009745452639828764,0.9998245972373467,4.418945272877642
40,0.5,0.8,32,-1,0,HEFT,41.65182154831098,21844.343597650066,0.0007558196541471126,0.9998639617163001,7.458967395019299
40,0.5,0.8,32,-1,0,GA,46.66417613648455,25057.920387064038,0.0009223354975005133,0.9998339933910722,4.637645200577187
40,0.5,0.8,32,-1,1,HEFT,43.53537123193024,22778.427778748734,0.0007830549387193177,0.9998590600439993,7.200271759204057
40,0.5,0.8,32,-1,1,GA,54.457419155831026,28728.557337303537,0.0010099364833933361,0.9998182279555297,4.367488529250894
40,0.5,0.8,32,-1,2,HEFT,47.62016183722577,25145.76911927472,0.000886256714958659,0.9998404865149368,8.823936105875315
40,0.5,0.8,32,-1,2,GA,59.71553189046938,31251.54930047482,0.001075036828751237,0.9998065120920249,5.176222780733284
40,0.5,1,4,-1,0,HEFT,55.50096897463454,10165.264794429724,0.0009691496490500345,0.9998255682781533,8.3483110259123
40,0.5,1,4,-1,0,GA,81.42143706180707,11575.908632632885,0.000990656286003378,0.9998216977662525,10.092277059496181
40,0.5,1,4,-1,2,HEFT,59.79387973512148,11969.084864889417,0.0011755786353493006,0.9997884182322168,3.369335985852342
40,0.5,1,4,-1,2,GA,79.25260222084427,12689.409487033117,0.0011479695840352184,0.9997933868223171,4.738805931747593
40,0.5,1,8,-1,0,HEFT,51.2822958015522,13232.213912312174,0.0010735288779538969,0.9998067834706866,9.307979494049249
40,0.5,1,8,-1,0,GA,68.17511819771025,15218.164899920303,0.0011205883143333485,0.999798314444687,8.170662272177985
40,0.5,1,8,-1,1,HEFT,43.22178940866478,12211.159952590882,0.0010415850348009124,0.9998125322680078,7.533111398721632
40,0.5,1,8,-1,1,GA,56.59655052020971,13550.87662655913,0.001048786534446899,0.99981123624192,8.01264219502489
40,0.5,1,8,-1,2,HEFT,47.45862198228302,11991.679736646565,0.0009606785563756325,0.9998270928100239,9.097940525800466
40,0.5,1,8,-1,2,GA,58.66627149529069,13164.134558842994,0.0009731489012009162,0.9998248485385925,8.337812787200567
40,0.5,1,16,-1,0,HEFT,40.3698506256257,14632.42885941013,0.0008890720334999995,0.9998399798385622,10.507180511435951
40,0.5,1,16,-1,0,GA,61.57725582741975,20718.190411940384,0.0011492709680976476,0.9997931526216116,6.9062231716541875
40,0.5,1,16,-1,1,HEFT,39.29499041013268,14530.136980538675,0.0009025192276218608,0.999837559733877,10.818967789803658
40,0.5,1,16,-1,1,GA,65.81125452588289,21594.443735221812,0.0011574525666992633,0.9997916802395688,6.422219374767662
40,0.5,1,16,-1,2,HEFT,37.97845129819276,13249.789702256207,0.0007697580171838757,0.9998614531554073,9.606680410120441
40,0.5,1,16,-1,2,GA,54.22644439206893,17979.33541747743,0.000977759443695115,0.9998240187866454,5.813637399917165
40,0.5,1,32,-1,0,HEFT,39.46857082812545,21876.286146408172,0.0008682629132310076,0.999843724887846,8.710327070414237
40,0.5,1,32,-1,0,GA,62.12792503557946,33479.76784558134,0.001243235740557988,0.9997762426041206,5.468664026671315
40,0.5,1,32,-1,1,HEFT,37.87486999116807,20853.272370822364,0.0008151579191490727,0.9998532823386418,7.759851976360513
40,0.5,1,32,-1,1,GA,49.23196796025073,26908.76162163607,0.0010340679489534612,0.9998138850907173,4.89373642721726
40,0.5,1,32,-1,2,HEFT,44.66433424813615,23890.257993881118,0.0008706916850900304,0.9998432877773279,8.853826852393256
40,0.5,1,32,-1,2,GA,67.31187501185896,35597.20410948617,0.0012596181014124458,0.9997732944433351,5.176655031840706
40,0.5,2,4,-1,0,HEFT,63.19545074798475,13453.860269313576,0.0013463150689160606,0.9997576926487642,1.2446223947196944
40,0.5,2,4,-1,0,GA,76.38252931785851,13419.711775562346,0.0012601227866027307,0.9997732036205994,5.411434797368072
40,0.5,2,4,-1,1,HEFT,55.314285955766245,11116.148411241462,0.0010931605536646876,0.999803250458071,3.5350848878681664
40,0.5,2,4,-1,1,GA,66.97142446416453,11426.073894311809,0.0010609102739059318,0.9998090543831325,7.303171859616161
40,0.5,2,4,-1,2,HEFT,44.48645037866571,9270.57255873592,0.0009218634290129154,0.9998340783492978,1.469235929146312
40,0.5,2,4,-1,2,GA,50.90211554077943,9497.404391184995,0.0009113827965410316,0.999835964551908,3.4042152864530606
40,0.5,2,8,-1,0,HEFT,31.443478700393584,10832.799820254058,0.0010095899050408628,0.9998182903282954,5.006689989042597
40,0.5,2,8,-1,0,GA,47.52622026577063,12514.523551510742,0.0010273910085267133,0.9998150867170342,8.631168869170805
40,0.5,2,8,-1,1,HEFT,35.36709165624494,12541.876008291958,0.0011817358151540627,0.9997873101749606,4.919080868041404
40,0.5,2,8,-1,1,GA,47.76936481947674,13872.281892075545,0.0011997962363573358,0.9997840599958553,3.961741192292968
40,0.5,2,8,-1,2,HEFT,29.85099321776215,10404.610450559303,0.0009740200389734028,0.9998246917612704,5.738366313147166
40,0.5,2,8,-1,2,GA,46.63710593758216,11762.617908111617,0.0009412733511761925,0.9998305851491051,7.087610330067134
40,0.5,2,16,-1,0,HEFT,20.95245633272101,10795.232080250185,0.0008749819721405361,0.9998425156469775,4.998332499132597
40,0.5,2,16,-1,0,GA,32.917339893956765,13453.927272024142,0.000921679329765432,0.9998341114816643,5.885873745082322
40,0.5,2,16,-1,1,HEFT,27.027408998761725,10952.749226984475,0.0007446365244473157,0.9998659744078316,6.566127909440783
40,0.5,2,16,-1,1,GA,34.30563975110409,13155.63168891813,0.0008487014026752127,0.9998472454156888,4.743700231095856
40,0.5,2,16,-1,2,HEFT,25.735513139718925,11856.77429280918,0.0008934826576205615,0.9998391860535775,5.673459840980309
40,0.5,2,16,-1,2,GA,35.67130703208583,14662.958993932567,0.0010095695146992362,0.9998182939978902,5.262361926010672
40,0.5,2,32,-1,0,HEFT,24.399034364688234,15797.74411484247,0.0008305574830493784,0.9998505108276704,6.078069264025306
40,0.5,2,32,-1,0,GA,33.88595847673395,21700.217415534215,0.0011224818295178791,0.9997979736807523,4.430250673046968
40,0.5,2,32,-1,1,HEFT,23.99202203498082,15027.55245022518,0.0007512423758129904,0.9998647855146566,5.336436088101034
40,0.5,2,32,-1,1,GA,30.140828369272427,18734.76735089541,0.0009251536507874417,0.9998334862078193,4.562471923965217
40,0.5,2,32,-1,2,HEFT,25.833097236063434,16613.347757708074,0.0008647853254599117,0.999844350756018,6.30992647711117
40,0.5,2,32,-1,2,GA,30.880719404452826,19734.422723221363,0.001017600319368408,0.999816848716758,4.4777353577966625
40,0.5,4,4,-1,0,HEFT,43.04907580403689,9365.037342573945,0.0009429821322971804,0.9998302776206599,0.5343264072809402
40,0.5,4,4,-1,0,GA,42.6635465998835,9028.2148819038,0.0009018558973009549,0.9998376791139465,2.6636510823874207
40,0.5,4,4,-1,1,HEFT,43.95425803803173,9571.808012624251,0.0009640831559171484,0.9998264800882565,0.1992678143390268
40,0.5,4,4,-1,1,GA,52.292807768468435,9546.5273374319,0.0009091049824994079,0.9998363744912643,4.6820921146299135
40,0.5,4,4,-1,2,HEFT,41.92255665209985,9183.482652348066,0.0009265116192567537,0.999833241814226,0.18102868303325145
40,0.5,4,4,-1,2,GA,47.7341673910753,8873.976290095688,0.0008504827203261077,0.9998469248275417,7.037410241903037
40,0.5,4,8,-1,0,HEFT,20.360540697522673,8623.155110718595,0.0008615688893742142,0.9998449296245665,0.9559421221085461
40,0.5,4,8,-1,0,GA,30.232905068270885,9411.112757645813,0.0008409242727508798,0.9998486450862158,5.112114281010306
40,0.5,4,8,-1,1,HEFT,24.99908169035759,10527.609612580136,0.0010500901512023005,0.9998110016352252,0.5568701798292958
40,0.5,4,8,-1,1,GA,34.21399501209153,11178.829484973587,0.0010199335870559175,0.9998164288055841,4.851641712398872
40,0.5,4,8,-1,2,HEFT,24.84034091252733,10365.269907886333,0.001031084907013399,0.9998144219384771,0.8465941646204398
40,0.5,4,8,-1,2,GA,39.21690677706032,12389.487372385871,0.0011142977159932918,0.9997994465246588,6.612835911229085
40,0.5,4,16,-1,0,HEFT,15.462492419221253,10646.735328418004,0.0009919814966314632,0.9998214592708997,1.8007007095455925
40,0.5,4,16,-1,0,GA,24.07011906030329,12425.221429383113,0.00100823754131846,0.9998185337095618,5.477916959850202
40,0.5,4,16,-1,1,HEFT,14.38843237119034,10104.896175809285,0.0009486197881835582,0.9998292630153454,1.4240557408880679
40,0.5,4,16,-1,1,GA,27.963179867680807,13373.7992330234,0.0010342207620708897,0.9998138575894758,5.438329355759614
40,0.5,4,16,-1,2,HEFT,17.119989351436548,10894.751330207488,0.000982908704745694,0.999823092083197,2.667971810783348
40,0.5,4,16,-1,2,GA,23.760837445144407,12407.265534696995,0.0010135897603655388,0.9998175704854222,5.167856524013592
40,0.5,4,32,-1,0,HEFT,13.693978140689065,11602.51329320526,0.000819641561651248,0.9998524754017264,3.6712833372355114
40,0.5,4,32,-1,0,GA,21.662750218664662,16569.88210797542,0.0010660705457374924,0.9998081257119938,4.843966479319248
40,0.5,4,32,-1,1,HEFT,13.985943003421012,12561.163038818353,0.0009290130394708896,0.999832791633773,4.300495714091659
40,0.5,4,32,-1,1,GA,21.46972811724377,16384.42084012559,0.001051685431925579,0.9998107145390073,5.161793382541957
40,0.5,4,32,-1,2,HEFT,14.759289101944514,12404.872878606397,0.0008704529539353623,0.999843330742202,3.9566102633876166
40,0.5,4,32,-1,2,GA,21.3767150259762,16198.33873657253,0.0010322584194570631,0.9998142107454594,4.905161539023246
40,0.8,0.8,4,-1,0,HEFT,63.988769669809386,10440.485266071324,0.0009520703258295185,0.999828642024806,7.304718180785975
40,0.8,0.8,4,-1,0,GA,79.18386215223121,11110.03210026399,0.0009443419530952056,0.9998300328944882,4.409264395958393
40,0.8,0.8,4,-1,1,HEFT,61.0832202488703,10406.434799321993,0.0009656899518573925,0.999826190915215,10.061456811713512
40,0.8,0.8,4,-1,1,GA,79.1087764571032,11221.753452201552,0.0009592418840129972,0.9998273513663686,5.412541280909076
40,0.8,0.8,4,-1,2,HEFT,67.73131308674972,11822.825492194643,0.0011074576826912994,0.9998006774844881,6.856207551194703
40,0.8,0.8,4,-1,2,GA,104.76381519944364,13786.066791812502,0.001131447501581293,0.9997963601871172,17.683378413547356
40,0.8,0.8,8,-1,0,HEFT,42.19154274296752,10907.07056477337,0.0008858762870088487,0.9998405549810467,9.10993721353479
40,0.8,0.8,8,-1,0,GA,51.78988441659748,12020.836165718929,0.0009107244524193244,0.999836083034419,5.660352205202046
40,0.8,0.8,8,-1,1,HEFT,51.12072973637813,12965.0167945773,0.0010410112067034882,0.9998126355377069,5.9745419853356605
40,0.8,0.8,8,-1,1,GA,74.89325583132468,15659.06955940717,0.0010942270025322998,0.9998030585350614,9.018355257080657
40,0.8,0.8,8,-1,2,HEFT,50.076244307792976,12221.903330334946,0.0009579565732282715,0.9998275826823935,12.026489448336369
40,0.8,0.8,8,-1,2,GA,74.95713668638967,15429.704708997886,0.0010638009802460564,0.9998085341554805,5.2780477521535785
40,0.8,0.8,16,-1,0,HEFT,54.71960250338821,18063.987856056796,0.0009764630717579152,0.9998242520925571,10.170646947796781
40,0.8,0.8,16,-1,0,GA,66.62603901021076,21128.665415023912,0.0010770627810159491,0.999806147491243,6.9174128545446525
40,0.8,0.8,16,-1,1,HEFT,52.33327111436631,16957.887468862493,0.0008927518623907185,0.9998393175755736,12.359345520329217
40,0.8,0.8,16,-1,1,GA,60.234173085078744,19435.559525786135,0.001016873164528555,0.999816979580666,7.254927615804982
40,0.8,0.8,16,-1,2,HEFT,47.427234710986696,15253.158657030255,0.0007942027897313707,0.9998570537156423,8.820552056076592
40,0.8,0.8,16,-1,2,GA,56.71134737703848,18084.702919847405,0.0009297318118160228,0.9998326622763924,6.177288388609919
40,0.8,0.8,32,-1,0,HEFT,42.2322035225293,22125.30690764312,0.000763325678939518,0.9998626108165496,8.379690207354942
40,0.8,0.8,32,-1,0,GA,62.985762298319656,31795.032556307287,0.0009830103144383123,0.9998230737966884,5.344902243242121
40,0.8,0.8,32,-1,2,HEFT,44.465394038747306,22071.487220662,0.0006455782829177047,0.9998838026605088,5.8605491747925935
40,0.8,0.8,32,-1,2,GA,62.357331875979916,30950.488827818685,0.0009050740810649094,0.9998370999350649,3.857006025463825
40,0.8,1,4,-1,0,HEFT,67.5735921702314,12725.55950971132,0.0012250680989070045,0.9997795120532376,7.684345919879241
40,0.8,1,4,-1,0,GA,93.38262028939279,13986.11798974991,0.0012278749632892835,0.9997790069291744,2.672478307395569
40,0.8,1,4,-1,1,HEFT,57.10714044864659,10730.736133717097,0.0010322472082922556,0.9998142127630946,3.926857275718572
40,0.8,1,4,-1,1,GA,69.07316197798829,10741.54030544608,0.000959435210659256,0.9998273165735807,15.118227737494447
40,0.8,1,4,-1,2,HEFT,59.488163272284766,10481.558374253043,0.000985287666302762,0.9998226639459624,4.6858782204286955
40,0.8,1,4,-1,2,GA,74.99638014072568,10954.731032049694,0.000950246096291326,0.9998289703299094,11.90363668834889
40,0.8,1,8,-1,0,HEFT,43.171069778640195,10997.268153323577,0.0008853805496865787,0.9998406441995413,7.150082144623514
40,0.8,1,8,-1,0,GA,59.18695452086233,13073.089724531685,0.0009549279186729845,0.9998281277463675,6.955005214923708
40,0.8,1,8,-1,1,HEFT,51.944439163899,12786.560869641296,0.0010077383346133067,0.9998186235504671,8.487845905888163
40,0.8,1,8,-1,1,GA,59.9966606081612,13669.667147252356,0.0010219622388719484,0.9998160637153568,8.237410437189887
40,0.8,1,8,-1,2,HEFT,46.568657815387944,12100.663469266157,0.00098579745723371,0.999822572199872,5.534576299883895
40,0.8,1,8,-1,2,GA,61.07411397803485,13786.904289922457,0.001023745393802469,0.9998157428065583,7.595338808397345
40,0.8,1,16,-1,0,HEFT,50.85264907911417,17097.870951204484,0.0009475661922499435,0.999829452630251,10.760721546190895
40,0.8,1,16,-1,0,GA,62.639400151065516,20620.10077695654,0.0011102501224744138,0.9998001749456408,6.96356060736044
40,0.8,1,16,-1,1,HEFT,52.14008772550446,17404.488402608862,0.0009552443875080115,0.9998280707917693,12.16402958078512
40,0.8,1,16,-1,1,GA,59.56459906606939,19895.9440573413,0.0010929639582242863,0.999803285838288,7.199917816657569
40,0.8,1,16,-1,2,HEFT,43.98870212506844,14074.534942411476,0.0007272227563822138,0.9998691084708952,10.183404401742717
40,0.8,1,16,-1,2,GA,51.01376672932133,16320.661572282197,0.0008431548269060077,0.9998482436473172,5.077703724536763
40,0.8,1,32,-1,0,HEFT,36.9915519180977,20415.964076364107,0.0008024816718106706,0.999855563730996,7.713340308846909
40,0.8,1,32,-1,0,GA,55.91041379177432,30239.62993339512,0.0011330789453945459,0.9997960665870745,5.39028237027513
40,0.8,1,32,-1,1,HEFT,45.54506305003883,23820.228153181568,0.0008179488297114548,0.9998527800485729,8.95877027740621
40,0.8,1,32,-1,1,GA,62.817549407052084,32199.176774769367,0.0010435707755118043,0.9998121749017507,5.89300642098764
40,0.8,1,32,-1,2,HEFT,46.07259265120268,23886.521122556725,0.000800341801614328,0.9998559488520726,7.62277081874678
40,0.8,1,32,-1,2,GA,60.48930858069585,31676.894200542596,0.001091602029141523,0.9998035309373289,5.052117015996833
40,0.8,2,4,-1,0,HEFT,54.013645825659445,11349.073753545661,0.0011313202524436702,0.999796383087298,2.742154505494158
40,0.8,2,4,-1,0,GA,70.78871437433311,12250.520418201646,0.0011437547969294132,0.9997941453275339,9.64317798058437
40,0.8,2,4,-1,1,HEFT,62.60556568127074,13085.462890606843,0.001302376710323753,0.9997655996681932,1.0771785036099686
40,0.8,2,4,-1,1,GA,70.33504253172845,12921.527632366437,0.0012332617042433425,0.9997780375305511,4.561069909103772
40,0.8,2,4,-1,2,HEFT,53.56439003062673,11326.101976686497,0.0011311384050667202,0.9997964158131616,3.1972563685868933
40,0.8,2,4,-1,2,GA,57.0167636392724,10776.535219228872,0.0010387248791400255,0.9998130469996452,7.931267941773133
40,0.8,2,8,-1,0,HEFT,35.16825085795125,11674.844815793167,0.0010721825236989465,0.9998070257676567,3.832424882412307
40,0.8,2,8,-1,0,GA,50.572099981140035,12574.227758767262,0.0009973263773356354,0.9998204973646053,10.095721928526308
40,0.8,2,8,-1,1,HEFT,32.42541514431004,11872.942494339042,0.001131796206781044,0.9997962974329654,5.191398576562773
40,0.8,2,8,-1,1,GA,46.24368331419061,12791.029017052639,0.0010790226639393206,0.9998057947807667,7.563066461823304
40,0.8,2,8,-1,2,HEFT,30.50416821102828,10714.009678814291,0.001005892704206147,0.9998189557037402,4.3755820278743895
40,0.8,2,8,-1,2,GA,37.87417216548177,11373.472021145191,0.0009996836554598118,0.9998200731307986,4.387248737192075
40,0.8,2,16,-1,0,HEFT,32.48033820484484,13930.612023305483,0.000994106858911534,0.9998210767740657,6.862200198726729
40,0.8,2,16,-1,0,GA,40.7316654956513,16186.966072903451,0.0010809413821367445,0.9998054494786227,5.30589283157815
40,0.8,2,16,-1,1,HEFT,26.296040948808283,11317.268515555446,0.0008098745030212216,0.9998542332144669,7.335205691889978
40,0.8,2,16,-1,1,GA,42.38683747536277,15476.527183248632,0.000948094882167827,0.9998293574823004,5.935072976058161
40,0.8,2,16,-1,2,HEFT,28.753599252901285,12401.316114088102,0.0008889696456758468,0.9998399982654218,5.9826124844068405
40,0.8,2,16,-1,2,GA,43.36382014870543,16335.866203843947,0.001034885366316861,0.999813737982987,5.7115644683200975
40,0.8,2,32,-1,0,HEFT,29.150283647381723,16764.197611569198,0.0007197013812628701,0.9998704621421256,5.389192395271645
40,0.8,2,32,-1,0,GA,32.79682824442803,19340.63274570967,0.0008716602971381532,0.9998431134544965,3.8911022424123476
40,0.8,2,32,-1,1,HEFT,24.05747589417424,14667.116053621301,0.000701427042669043,0.9998737511023826,4.951915482531904
40,0.8,2,32,-1,1,GA,32.28157713378277,19040.143197260768,0.0008584002038615227,0.9998454998996749,4.118519309082717
40,0.8,2,32,-1,2,HEFT,24.27923555898397,14740.623873260662,0.0006999221471073405,0.9998740219494217,5.73590136281854
40,0.8,2,32,-1,2,GA,33.16176145122488,19347.08358799732,0.0008543885259337164,0.9998462218903978,3.9901389794608413
40,0.8,4,4,-1,0,HEFT,40.723250198079775,8846.592059465325,0.0008904232622684102,0.9998397366563336,0.3866452215455933
40,0.8,4,4,-1,0,GA,43.39269647576635,8466.133832056772,0.0008247137469276468,0.9998515625434834,3.695979748187503
40,0.8,4,4,-1,1,HEFT,61.018027307802186,13154.419029244487,0.0013211309713785507,0.9997622246981808,0.9621098178183842
40,0.8,4,4,-1,1,GA,65.9636863918618,12539.366153216295,0.001210996021499603,0.9997820444718883,9.696809467988874
40,0.8,4,4,-1,2,HEFT,46.85200669558736,10206.610379416565,0.0010281284312698153,0.999814954005494,0.6853605161928796
40,0.8,4,4,-1,2,GA,56.151574381834564,10057.08699989703,0.0009511384275928903,0.9998288097377591,10.513809060815165
40,0.8,4,8,-1,0,HEFT,26.327088533464032,11111.51987893019,0.0011090593513847084,0.9998003892416296,0.9186931913688539
40,0.8,4,8,-1,0,GA,32.14362382910638,11563.168031931655,0.0010952687524983776,0.9998028710570145,3.9431905829622718
40,0.8,4,8,-1,1,HEFT,27.11355403272282,11448.74613955533,0.001142874024859682,0.9997943038338829,0.8504357815670085
40,0.8,4,8,-1,1,GA,37.93682342452,11973.374362140345,0.0010764133479827425,0.9998062643665352,9.716208289804184
40,0.8,4,8,-1,2,HEFT,27.65367561181646,11186.674247131798,0.0011023154248575476,0.9998016029068326,1.6271079414148093
40,0.8,4,8,-1,2,GA,33.16161222121476,11731.454382081254,0.001104384962383028,0.9998012304640532,6.714039077249521
40,0.8,4,16,-1,0,HEFT,19.56155648171763,13331.671367106119,0.0012371902484000434,0.9997773305498104,1.3196671417805552
40,0.8,4,16,-1,0,GA,31.105708423870965,15665.803068619183,0.0012523910918909508,0.9997745950109824,7.111513228502553
40,0.8,4,16,-1,1,HEFT,13.551556550052048,9480.43712656281,0.0008887000347484259,0.9998400467876246,1.5060046841986545
40,0.8,4,16,-1,1,GA,25.78131921741387,11982.430001672778,0.0009085809705335032,0.9998364687979893,6.427375722723292
40,0.8,4,16,-1,2,HEFT,14.52488855599472,10522.093299507127,0.0009991362657307675,0.9998201716432262,2.3709805248985365
40,0.8,4,16,-1,2,GA,24.142969368756205,12392.449286304509,0.0010021962748712296,0.9998196209407827,6.162701803054475
40,0.8,4,32,-1,0,HEFT,15.043976060038077,12774.31100894992,0.0009040599744050775,0.9998372824445445,4.180359404764066
40,0.8,4,32,-1,0,GA,22.502478285087165,17028.631091204603,0.0010836795128851588,0.9998049567110967,4.872347497513114
40,0.8,4,32,-1,1,HEFT,15.898066983302463,11302.701023763053,0.0006715559821931405,0.9998791272289071,3.4771684445425204
40,0.8,4,32,-1,1,GA,17.30809270017727,12456.205028481727,0.0007506327431025397,0.9998648952337125,3.706083425409248
40,0.8,4,32,-1,2,HEFT,16.649039426903894,13245.914932611096,0.0008853596631369514,0.9998406479585203,4.312092315202561
40,0.8,4,32,-1,2,GA,22.53571685588183,16827.377062633008,0.0010560286550354502,0.9998099329071326,4.3228739361371815
40,1,0.8,4,-1,0,HEFT,51.34862796720026,9699.607463283899,0.0009347381551496494,0.999831761285793,2.7662127937132017
40,1,0.8,4,-1,0,GA,81.29249051180919,11728.848732515315,0.0010112156573576841,0.999817997746096,4.690133495196455
40,1,0.8,4,-1,1,HEFT,64.20233152325083,12530.115527943366,0.0012207239812438407,0.9997802938223143,3.528385211364492
40,1,0.8,4,-1,1,GA,96.76077512272245,13911.484739220303,0.0011972826270451712,0.999784512347932,18.024973810239953
40,1,0.8,8,-1,1,HEFT,51.09108002725117,12319.403856560697,0.0009579664307421947,0.9998275809083469,8.847015335146521
40,1,0.8,8,-1,1,GA,69.47293456198459,14731.530386337436,0.0010416186910060616,0.999812526211026,5.490432576547553
40,1,0.8,8,-1,2,HEFT,75.8487260731681,16725.479478692403,0.0012201552681741943,0.9997803961681813,15.291913854493073
40,1,0.8,8,-1,2,GA,91.70065523510499,18179.769746879167,0.0012114349928047915,0.9997819654742781,14.829268015045418
40,1,0.8,16,-1,1,HEFT,51.65523841616591,17165.449725506413,0.0009363881071837929,0.9998314643444369,10.444430687291348
40,1,0.8,16,-1,1,GA,66.46689078886902,20404.672006115354,0.0009874714437535532,0.9998222709358058,7.3520552125109795
40,1,0.8,16,-1,2,HEFT,54.169243667360504,17303.169387321774,0.0008918184241845678,0.9998394855674673,12.735226169509366
40,1,0.8,16,-1,2,GA,64.88108482673375,20123.489334639868,0.000990480755543539,0.9998217293561025,7.685044363958533
40,1,0.8,32,-1,2,HEFT,55.22645318296802,28323.42726502873,0.0009194404706419911,0.9998345144095356,9.392539706010908
40,1,0.8,32,-1,2,GA,68.11616350515894,34679.25785888402,0.001101117709677389,0.9998018184528158,4.632773457039476
40,1,1,4,-1,0,HEFT,58.47696937688829,11193.115220131087,0.0010834910452248642,0.9998049906286595,4.856905551586912
40,1,1,4,-1,0,GA,71.10362648568085,11197.931348123599,0.001005808433696501,0.9998189708696863,5.956321482074545
40,1,1,4,-1,1,HEFT,70.6664478027577,12989.331301280086,0.0012399666416986715,0.9997768309104217,8.882639077841878
40,1,1,4,-1,1,GA,107.31289944533161,15527.76487242262,0.001340664818998282,0.999758709447829,10.716299377403507
40,1,1,4,-1,2,HEFT,54.11986964597787,10212.990509323366,0.0009838807191623292,0.9998229171515698,6.988270912755639
40,1,1,4,-1,2,GA,67.40502010694848,10411.284539910679,0.0009271115729686241,0.9998331338405727,7.892044884445106
40,1,1,8,-1,0,HEFT,47.55840335270354,12092.59507057699,0.0009724791148213759,0.9998249690790314,8.358551206348528
40,1,1,8,-1,0,GA,62.67682384537307,13818.279371940793,0.0010079204499722195,0.9998185907756485,5.09865811811609
40,1,1,8,-1,1,HEFT,43.417399597410366,11342.024377421905,0.0009268674439367583,0.9998331777764664,6.888289162441706
40,1,1,8,-1,1,GA,52.99159549134919,12162.322568229438,0.0009140994058216949,0.9998354756425689,8.560198980906087
40,1,1,8,-1,2,HEFT,49.834994121200445,12884.82644234828,0.0010465978044848885,0.9998116301390234,9.344703796809679
40,1,1,8,-1,2,GA,59.2534215176718,13535.78378726558,0.0010138831164817942,0.9998175176909554,6.485171359185735
40,1,1,16,-1,0,HEFT,37.22329105289403,13968.402223625937,0.0008813346694406054,0.999841372342198,7.8761320322146995
40,1,1,16,-1,0,GA,52.855020106843334,17725.13272356416,0.0009789365456137262,0.9998238069456081,6.894275586530432
40,1,1,16,-1,1,HEFT,47.95995732188812,15386.286122870362,0.0007981878962619953,0.999856336499262,11.004463532668202
40,1,1,16,-1,1,GA,58.6826350373953,18509.610772667274,0.0009357293082025035,0.9998315829082745,6.582536004016395
40,1,1,16,-1,2,HEFT,52.781766107870176,17306.990868732617,0.0009267302036203543,0.999833202475602,11.516161187043165
40,1,1,16,-1,2,GA,73.14794074538571,22842.14159721208,0.001136658523785274,0.9997954223945713,7.637360755476993
40,1,1,32,-1,0,HEFT,46.88093353233929,24231.31993764402,0.0008047857185046167,0.9998551490625792,7.099654205953112
40,1,1,32,-1,0,GA,58.88154214276967,30397.21458675791,0.0010060339023171005,0.9998189302926813,4.9504142967736335
40,1,1,32,-1,1,HEFT,43.51965995245952,22770.500056248573,0.0007828101594966558,0.9998591040980508,8.02939578570883
40,1,1,32,-1,1,GA,55.52809431081219,29360.69279720659,0.0010384889640639157,0.9998130894564209,5.021982699004927
40,1,1,32,-1,2,HEFT,49.009548158469656,25133.840578884086,0.0008157847656371755,0.999853169522835,7.869597409641322
40,1,1,32,-1,2,GA,60.57998122957848,31044.59718380541,0.001005411420109467,0.9998190423191963,4.772630283036205
40,1,2,4,-1,0,HEFT,55.50542170867575,11905.104604146993,0.0011939075403269454,0.9997851197328136,1.4183845243184197
40,1,2,4,-1,0,GA,76.20628925953066,12817.42963059746,0.001183401517589146,0.9997870104123375,9.005683863987759
40,1,2,4,-1,1,HEFT,61.53165558609576,13018.437536587056,0.0013003770114282248,0.9997659595296876,2.973620136039665
40,1,2,4,-1,1,GA,73.58282548066599,13006.216646846822,0.0012240621477745289,0.9997796930845338,9.405155826572726
40,1,2,4,-1,2,HEFT,53.61913222604246,10774.919407781856,0.0010595867003787881,0.9998092925809047,1.7806829906651167
40,1,2,4,-1,2,GA,64.76001658006888,10856.63404138911,0.0010010533908973906,0.9998198266228118,3.830855716535869
40,1,2,8,-1,0,HEFT,32.42315633043118,10740.323837847565,0.000985491063323795,0.9998226273409924,3.831700337408569
40,1,2,8,-1,0,GA,45.291396402310916,12236.655614454037,0.001019209503854288,0.9998165591166427,7.9801622992026555
40,1,2,8,-1,1,HEFT,41.045903036631266,12993.63470309064,0.0011696677017537518,0.9997894819757143,4.70933462315662
40,1,2,8,-1,1,GA,47.71752897775114,13540.79390319109,0.001157611255985398,0.9997916516814487,8.562615511893776
40,1,2,8,-1,2,HEFT,37.74480269014592,12721.575737966079,0.00117546184492404,0.9997884392500462,3.9476804296364527
40,1,2,8,-1,2,GA,54.80643273609042,14454.59405860824,0.0011877489038686774,0.999786228049784,7.905812591604862
40,1,2,16,-1,0,HEFT,32.62380947772147,12008.362904362133,0.0007421952822531797,0.9998664137726291,8.769225825254956
40,1,2,16,-1,0,GA,35.765354228730764,13202.886466805725,0.0008185966995981162,0.999852663449168,6.552004208079167
40,1,2,16,-1,1,HEFT,29.590240507831506,12521.766762147694,0.0008837778533131841,0.9998409326389578,8.135941961781693
40,1,2,16,-1,1,GA,38.05696175773087,14652.071281693408,0.0009489838015774007,0.9998291975041232,5.250817331752583
40,1,2,16,-1,2,HEFT,28.69354429797066,12742.384791685017,0.0009345251016117121,0.9998317996289788,6.802309326523321
40,1,2,16,-1,2,GA,38.35557282786806,15591.99824909347,0.001063013987873747,0.9998086757869951,6.085964706180449
40,1,2,32,-1,0,HEFT,28.12362857282696,16996.546317112457,0.0008006554192696263,0.9998558924090285,6.171690520319837
40,1,2,32,-1,0,GA,33.94191446663803,20749.53678054724,0.0009968787629661808,0.9998205779207331,4.904276865839728
40,1,2,32,-1,1,HEFT,29.407679962405968,17995.54256770911,0.0008660198271505452,0.9998441285803253,6.837830996518976
40,1,2,32,-1,1,GA,36.634481535353395,21885.03016572559,0.00100999861190567,0.9998182167744301,4.8283801194267655
40,1,2,32,-1,2,HEFT,29.582811199274314,17825.81385233816,0.0008354023710357653,0.9998496388785801,6.903019120892687
40,1,2,32,-1,2,GA,35.30099357166335,21133.22648096917,0.0009790238952778355,0.99982379122544,4.368358110381335
40,1,4,4,-1,0,HEFT,49.38475040092724,10703.167372634085,0.0010765761438487826,0.9998062350689566,0.6035808499524391
40,1,4,4,-1,0,GA,55.69853736861739,10954.522543996916,0.0010698957041735504,0.9998074373158229,5.763068768383611
40,1,4,4,-1,1,HEFT,46.86744984256764,10176.209172138228,0.0010241048552577497,0.9998156781154203,0.6230897159607578
40,1,4,4,-1,1,GA,47.502177910273495,9622.31839102838,0.0009486064407409886,0.9998292654174746,2.3196484606884806
40,1,4,4,-1,2,HEFT,46.66661863951623,10183.323432768615,0.0010262694752030796,0.9998152885557234,0.46752202194304615
40,1,4,4,-1,2,GA,50.3353081091024,9788.20576201324,0.0009524691179297577,0.9998285702545309,5.98687160181629
40,1,4,8,-1,0,HEFT,24.839793197792073,9766.206701547866,0.0009536933533023031,0.9998283499299654,1.198142629827026
40,1,4,8,-1,0,GA,31.97263885973178,10052.10832171058,0.0009021621435628333,0.9998376239985688,4.637943545314655
40,1,4,8,-1,1,HEFT,25.648067193161978,10396.716652029436,0.0010251294833961092,0.9998154937163668,1.6917872695043281
40,1,4,8,-1,1,GA,38.73084060674878,11563.136858671056,0.0010135628114241826,0.9998175753353465,5.948860289186718
40,1,4,8,-1,2,HEFT,24.71314705304585,10171.396157647727,0.001007614217126011,0.9998186458875631,1.2123658716800656
40,1,4,8,-1,2,GA,35.00115470395273,11173.893249005094,0.0010095326094865158,0.9998183006396216,6.467838045224275
40,1,4,16,-1,0,HEFT,16.545799429472133,10937.678531768597,0.0010026983257506391,0.9998195305879288,2.323640968351394
40,1,4,16,-1,0,GA,27.038921904774323,12795.042315674867,0.0009823732958602323,0.9998231884397519,6.603968699306039
40,1,4,16,-1,1,HEFT,17.033434252802344,10996.538339744642,0.0009982065843936166,0.9998203389557884,2.588180672834886
40,1,4,16,-1,1,GA,26.903366218889744,13192.777734037896,0.0010371229224820499,0.9998133352979778,5.629689201173128
40,1,4,16,-1,2,HEFT,17.30039325928634,11311.137637516284,0.0010322302495779465,0.9998142158150953,2.7873007706703063
40,1,4,16,-1,2,GA,28.299246131817235,13011.692391763529,0.0009791004049682969,0.9998237774561222,6.806711490728099
40,1,4,32,-1,0,HEFT,14.775492766351526,12713.713918380696,0.0009095509943283861,0.9998362942222744,4.266382699051337
40,1,4,32,-1,0,GA,19.821004979420714,15606.965198363796,0.0010330360834969303,0.9998140707919491,5.0860503991545185
40,1,4,32,-1,1,HEFT,16.05178659348224,12810.67852584398,0.0008587587175641861,0.9998454353771808,4.454810674025799
40,1,4,32,-1,1,GA,21.816915527144232,16099.274164637653,0.000997619974446288,0.9998204445266133,3.8162205428276996
40,1,4,32,-1,2,HEFT,14.270250043352858,11589.852358895805,0.0007894155480940962,0.9998579152963307,3.4889714587303557
40,1,4,32,-1,2,GA,20.755024996329325,15786.108279897388,0.0010098422068871998,0.9998182449222164,4.5502892528872785
40,2,0.5,4,-1,1,HEFT,99.54013460386003,14462.92352989961,0.0012512916109708437,0.999774792872958,17.661455934705437
40,2,0.5,4,-1,1,GA,115.120128793736,14637.431305026419,0.001177217716140451,0.9997881232601418,7.725873049359681
40,2,0.5,32,-1,1,HEFT,72.67751324967166,33852.77675717465,0.0007680376833721872,0.9998617627726384,9.324561280324772
40,2,0.5,32,-1,1,GA,94.11228635866755,43532.72527849421,0.0009552464233547639,0.9998280704253794,5.286552340969385
40,2,0.8,4,-1,0,HEFT,81.32182814076764,12501.801231790345,0.001110898382562467,0.9998000582821485,4.051322437459798
40,2,0.8,4,-1,0,GA,84.8895995956425,12401.177498563864,0.0010757721857846288,0.9998063797533785,9.819934522722866
40,2,0.8,4,-1,1,HEFT,79.06712505893776,13326.041478851308,0.001231372025325878,0.9997783775973151,2.7521125713800796
40,2,0.8,4,-1,1,GA,90.10183943060521,13272.045591336448,0.0011559634752800253,0.9997919482202235,7.7247316919389934
40,2,0.8,4,-1,2,HEFT,85.97330566216792,13595.270953237778,0.001223327168146475,0.9997798253517302,9.89832300453537
40,2,0.8,4,-1,2,GA,106.96921358809432,14117.888852058182,0.001160641679564555,0.9997911063190024,14.522289633428052
40,2,0.8,8,-1,0,HEFT,63.46291201923141,13404.413828106037,0.00094469951863822,0.9998299685436319,8.653815981508423
40,2,0.8,8,-1,0,GA,79.20254400111385,15426.852536228002,0.0010107762677159008,0.9998180768218394,4.3434062322330895
40,2,0.8,8,-1,1,HEFT,60.02179061439052,13557.215523866644,0.001007121915359839,0.9998187344858144,11.507329202557427
40,2,0.8,8,-1,1,GA,71.17459724783903,14603.546869027245,0.0010039774590742503,0.9998193003855087,7.542010155418955
40,2,0.8,16,-1,0,HEFT,44.374720523184145,14623.04194742821,0.000788513644312255,0.999858077615958,9.342676961203052
40,2,0.8,16,-1,0,GA,52.8418228514614,17008.207076155166,0.0008866378667538215,0.9998404179185597,5.710787186763009
40,2,0.8,32,-1,0,HEFT,51.886458348545474,26128.396803376512,0.0008015499738417383,0.999855731412422,7.560982696745179
40,2,0.8,32,-1,0,GA,62.749565541729915,31406.837630699265,0.0009445742199838477,0.9998299910935549,4.4774782797786274
40,2,0.8,32,-1,2,HEFT,55.37832128760989,27645.799750069138,0.0008243571544737645,0.9998516267205982,7.416058176444818
40,2,0.8,32,-1,2,GA,70.05688336820596,34809.07337922828,0.001021605964578448,0.9998161278329357,4.266631102941479
40,2,1,4,-1,0,HEFT,67.55912064521974,11755.612590543762,0.0010998417053712161,0.9998020480880988,5.25530686500408
40,2,1,4,-1,0,GA,82.2414708648179,12310.746626503342,0.0010805111143400625,0.9998055269117627,11.837023532970907
40,2,1,4,-1,1,HEFT,78.20032100612718,13802.272970543087,0.0012982761708332014,0.9997663375925635,3.363267055572423
40,2,1,4,-1,1,GA,104.32060630772618,14943.91103608392,0.00128378836347714,0.9997689447919411,9.999871754567568
40,2,1,4,-1,2,HEFT,74.3662117308192,12085.723161561576,0.0011002771315868545,0.9998019697268979,4.82753485429214
40,2,1,4,-1,2,GA,87.45544597623585,12842.89862819216,0.0011169298735572146,0.9997989728314292,2.7322582168074443
40,2,1,8,-1,0,HEFT,69.10828121465828,14658.481345863967,0.0010367036626946734,0.9998134107506548,12.898710397809134
40,2,1,8,-1,0,GA,82.39943103431962,16348.13258741233,0.0010901533860617119,0.9998037916418868,8.278361126192488
40,2,1,8,-1,1,HEFT,51.53875038593532,11489.177955233288,0.0008451496018324932,0.9998478846423844,12.55123413547216
40,2,1,8,-1,1,GA,65.99977681241901,12823.392760717008,0.0008381672075871812,0.9998491412829551,10.566676174328851
40,2,1,8,-1,2,HEFT,58.25125960934553,12560.816050709313,0.0009003482077793466,0.9998379504540458,11.292299042605558
40,2,1,8,-1,2,GA,80.83285767286003,15273.98926608455,0.0009708055464457346,0.9998252702686583,3.737837048199026
40,2,1,16,-1,0,HEFT,62.84904558106352,18954.49118094087,0.0008898545774388468,0.9998398390032025,12.764172089089408
40,2,1,16,-1,0,GA,71.1999392658334,21275.828659302155,0.0009826150284576415,0.9998231449355783,8.376737649468183
40,2,1,16,-1,1,HEFT,61.57227264135818,19714.932070371615,0.001019774641244295,0.9998164574105788,12.434491421663605
40,2,1,16,-1,1,GA,86.02923953490078,26072.911884144843,0.0012345346115560584,0.9997778084581176,6.921826468021762
40,2,1,16,-1,2,HEFT,54.51065384809018,17806.260327566895,0.0009483481639190672,0.9998293118993665,9.622877466720876
40,2,1,16,-1,2,GA,65.47146420385424,20883.574504120817,0.0010740379040026877,0.9998066918637055,5.62468638454943
40,2,1,32,-1,0,HEFT,56.184313342558326,27953.514455749937,0.0008241263736702245,0.9998516682549806,7.098492837877928
40,2,1,32,-1,0,GA,64.70684324135625,32458.859426184514,0.000983389098385493,0.999823005627643,4.822073930388264
40,2,1,32,-1,1,HEFT,57.442542268160366,28390.820236268868,0.0008182020678676086,0.9998527344724164,7.902812204312761
40,2,1,32,-1,1,GA,66.09418215955512,32460.579618394895,0.000914782127794022,0.99983535277284,4.5089197936834715
40,2,1,32,-1,2,HEFT,50.332975683964705,25779.66329486695,0.0008335659731556205,0.9998499693805507,8.5235692625055
40,2,1,32,-1,2,GA,60.89673438191359,31023.63637755796,0.0009869884205301214,0.9998223578645372,4.548819442027791
40,2,2,4,-1,0,HEFT,56.12220574085943,11178.925751721672,0.001096260965912199,0.9998026924938225,3.3271015184735675
40,2,2,4,-1,0,GA,86.99700647245864,12382.395440941118,0.0010602763734190055,0.999809168463439,5.2371179691630605
40,2,2,4,-1,1,HEFT,68.26907575954296,13823.558700012709,0.0013626153828881975,0.9997547593074958,0.3839218089445414
40,2,2,4,-1,1,GA,82.75564985348205,14500.853058616509,0.0013602818947867404,0.9997551792324345,10.56608843827286
40,2,2,4,-1,2,HEFT,47.74598992138704,9935.494317875406,0.000987556434321554,0.9998222556402229,3.5933817134274886
40,2,2,4,-1,2,GA,67.72984243844057,10795.227417303502,0.0009747021938318288,0.999824568994929,7.316356292208408
40,2,2,8,-1,0,HEFT,39.31019837414965,11470.565134305274,0.000994416807543528,0.9998210209932955,5.514403741146956
40,2,2,8,-1,0,GA,58.08464735291768,13252.809353142835,0.0009918195358220594,0.9998214884186407,5.332702646330685
40,2,2,8,-1,1,HEFT,44.4886309673459,12607.825942739211,0.001077121107218864,0.9998061369945618,9.203448321903105
40,2,2,8,-1,1,GA,67.44463085026453,14818.144448167306,0.001077966393610066,0.9998059848725195,6.537556284244351
40,2,2,8,-1,2,HEFT,47.45457223430933,14008.093941569354,0.00122124741693484,0.9997801996245946,6.147313332817742
40,2,2,8,-1,2,GA,62.499026005762765,15175.368938392872,0.0011854602638035722,0.9997866399170162,9.039443599836595
40,2,2,16,-1,0,HEFT,40.1897464258533,15219.41056814414,0.0009693771646486182,0.9998255273324894,9.413885648925252
40,2,2,16,-1,0,GA,47.33566685335608,17511.07902519412,0.0010881952182622424,0.9998041440429949,6.5999435285575405
40,2,2,16,-1,1,HEFT,34.34335232910951,14624.574097956536,0.0010375517378252597,0.9998132581256266,5.898955124084853
40,2,2,16,-1,1,GA,48.033651195564495,18055.789754234585,0.0011412569411739279,0.9997945948491156,6.410729935465468
40,2,2,16,-1,2,HEFT,40.4731886952653,14965.574265187413,0.0009295506506067798,0.9998326948799534,6.307907012880587
40,2,2,16,-1,2,GA,49.86481857659792,17704.709978303486,0.0010504734898703727,0.9998109326473084,6.768820055624081
40,2,2,32,-1,0,HEFT,34.19168655321219,19213.426139996955,0.0007860230624759007,0.9998585258571651,7.288165651213097
40,2,2,32,-1,0,GA,43.304911896482295,24051.246389211126,0.0009589354290648482,0.9998274065187367,4.5024642307211185
40,2,2,32,-1,1,HEFT,36.41838431378695,20170.537535266492,0.0007992090386010729,0.9998561527200643,6.994225128730528
40,2,2,32,-1,1,GA,48.64049027920578,25882.08353931478,0.0009307668310206407,0.9998324760041282,4.37604474229714
40,2,2,32,-1,2,HEFT,34.921257010275745,19712.332991099767,0.0008142855683661347,0.9998534393387578,6.54178098842544
40,2,2,32,-1,2,GA,44.740913413823385,24533.615094267203,0.0009500134810541372,0.9998290121934922,4.684543518942521
40,2,4,4,-1,0,HEFT,62.33465123228743,13269.127988430071,0.0013277861407338853,0.9997610270532526,1.3831035621236
40,2,4,4,-1,0,GA,70.27821602013405,12647.24375767354,0.0011981769236055694,0.9997843514092523,7.160229910845613
40,2,4,4,-1,1,HEFT,49.95299787058578,10839.388870394436,0.0010906518052462945,0.9998037019440406,0.3648236199944626
40,2,4,4,-1,1,GA,59.79095155130418,10893.79650951385,0.0010366706505234172,0.9998134166917365,6.623373322854376
40,2,4,4,-1,2,HEFT,43.17221054067117,9452.151476164294,0.0009534735620429041,0.9998283894856014,0.1886380136762807
40,2,4,4,-1,2,GA,49.6575677517124,9683.287185166539,0.0009431167872201995,0.9998302533868868,4.225324719838153
40,2,4,8,-1,0,HEFT,25.758515694476394,10332.490066697472,0.0010154615710630153,0.9998172336210185,1.7676995793084413
40,2,4,8,-1,0,GA,35.75239611388322,11115.075082139352,0.0009926156402075665,0.999821345145442,5.260339680594073
40,2,4,8,-1,1,HEFT,25.223700265899318,9818.08646290041,0.0009556345267925161,0.9998280005787743,1.2821470598942561
40,2,4,8,-1,1,GA,37.1646438474685,10507.852307346362,0.0008966468343655538,0.999838616593517,9.022844833192535
40,2,4,8,-1,2,HEFT,29.396905878956556,11333.810208176401,0.0010997037782682908,0.9998020729100628,2.217810120642766
40,2,4,8,-1,2,GA,43.87175413441048,12618.6705073124,0.0010861733992776478,0.9998045078992013,6.111438516621652
40,2,4,16,-1,0,HEFT,21.275304977326158,11932.091780713514,0.0010138544218432676,0.999817522855048,2.916101011692814
40,2,4,16,-1,0,GA,28.205454344448174,13229.452546535831,0.0010095614098710314,0.9998182954564943,5.139106815478796
40,2,4,16,-1,1,HEFT,20.661573526811374,12103.0466463632,0.0010511659598469527,0.9998108080262869,3.0049547642435157
40,2,4,16,-1,1,GA,30.057116270519337,13897.174070474317,0.0010498976416711374,0.9998110362803925,5.903402715620921
40,2,4,16,-1,2,HEFT,20.073244712778912,10793.839439309351,0.0008966119450201293,0.9998386228725863,2.827313345953448
40,2,4,16,-1,2,GA,32.241338422015936,13791.262935286923,0.0009820317775529538,0.9998232499021795,5.348799105444374
40,2,4,32,-1,0,HEFT,20.598348925196934,14301.127957468245,0.0008257573604900026,0.9998513747209429,4.404476583413454
40,2,4,32,-1,0,GA,25.06439918385398,17081.813220412725,0.0009634475366683204,0.999826594479875,4.918802601683748
40,2,4,32,-1,1,HEFT,18.603964594588472,12982.467264808001,0.0007543339613031044,0.9998642291046677,4.369414561244684
40,2,4,32,-1,1,GA,22.438137105548385,15538.022285261635,0.0008942865163735214,0.9998390413822812,3.5914465174461814
40,2,4,32,-1,2,HEFT,21.227355469864058,14562.772782212736,0.0008283550751660128,0.9998509072019062,4.671536111502696
40,2,4,32,-1,2,GA,27.214866942694453,18508.913697965836,0.0010411375700221145,0.9998126127965712,4.780409184518389
40,5,0.5,8,-1,1,HEFT,93.38450515446475,15558.103308810814,0.0008518334384989921,0.9998466817355164,16.692657575298146
40,5,0.5,8,-1,1,GA,140.45764328198413,20355.885560204555,0.0008878490704307594,0.9998401999367134,8.828576710500892
40,5,0.8,4,-1,0,HEFT,82.96388783124027,11498.539740087632,0.0009710947188873509,0.999825218226715,11.188116177394464
40,5,0.8,4,-1,0,GA,99.42217308279871,11638.250053391983,0.0008870782616818662,0.9998403386601262,14.028660716837106
40,5,0.8,4,-1,1,HEFT,102.49811220379041,12973.577458390379,0.0010405255907762838,0.9998127229322004,13.783928454002986
40,5,0.8,4,-1,1,GA,129.92691032630702,13966.044205800032,0.0009986501951081775,0.9998202591202089,5.9529083180193885
40,5,0.8,8,-1,0,HEFT,82.57737532716317,15102.927568433131,0.0009270671236467011,0.9998331418401153,13.513946819484437
40,5,0.8,8,-1,0,GA,99.65603082647911,16799.21916922347,0.0009343979599330074,0.9998318225106317,12.210191592357853
40,5,0.8,8,-1,2,HEFT,93.31915149297325,16510.880803525593,0.0009757418940827084,0.9998243818817328,13.472212331848345
40,5,0.8,8,-1,2,GA,126.30912925655603,20147.17892850784,0.0010363698346096202,0.9998134708285001,8.049324601165905
40,5,0.8,16,-1,0,HEFT,100.92809803599344,26720.972215892485,0.0009486792497392433,0.9998292523140927,15.82605467598992
40,5,0.8,16,-1,0,GA,122.79604403986836,31805.76041801959,0.0010631679537939102,0.9998086480784323,8.560427608239884
40,5,0.8,16,-1,1,HEFT,110.20254011362482,27978.39916199739,0.0008810738320647835,0.9998414192854794,19.34606045382154
40,5,0.8,16,-1,1,GA,130.02195003915554,32553.04765506996,0.0009804694118284362,0.9998235310783433,7.871073301880013
40,5,0.8,16,-1,2,HEFT,89.10587434982784,23918.414790488507,0.000879856190610021,0.9998416384262081,14.564993570499098
40,5,0.8,16,-1,2,GA,107.85670696257387,28729.21177964824,0.001036269256180111,0.9998134889292398,6.1251880335076025
40,5,0.8,32,-1,0,HEFT,74.18570563421463,35341.42582377317,0.000885544555585885,0.999840614683184,7.754472798432223
40,5,0.8,32,-1,0,GA,88.32241552172337,41456.315756740114,0.000974225865167744,0.9998246547190508,5.080695696081282
40,5,0.8,32,-1,1,HEFT,89.20399255207842,40764.140372349066,0.0008410603659368163,0.9998486205931499,9.387177982979747
40,5,0.8,32,-1,1,GA,110.79181855508418,50100.631401355815,0.0009763014310340421,0.9998242811827741,5.110022420438331
40,5,0.8,32,-1,2,HEFT,72.688022367526,33287.97520098784,0.0006945445234958461,0.9998749898001967,9.017672512495329
40,5,0.8,32,-1,2,GA,95.38735858064652,43016.31854956107,0.0008252678106709053,0.9998514628268176,3.871317520649903
40,5,1,4,-1,0,HEFT,128.66073753914202,16721.349103163924,0.0013624849743262414,0.9997547827752811,11.31686013153164
40,5,1,4,-1,0,GA,152.92095745052828,17399.535946384603,0.001299655037307396,0.999766089454623,7.044131355787639
40,5,1,4,-1,1,HEFT,103.96850386798084,13600.334764364794,0.0011123832789020302,0.9997997910542842,22.354597962960145
40,5,1,4,-1,1,GA,109.44083915214095,13171.767445628451,0.0010230758612823885,0.9998158633002127,25.16584345461159
40,5,1,4,-1,2,HEFT,94.91826345777747,13408.896859351798,0.0011437752213667289,0.9997941416518922,13.613614889100843
40,5,1,4,-1,2,GA,106.57313359815473,13468.05459027288,0.001079140074620343,0.9998057736509482,15.102425921715627
40,5,1,8,-1,0,HEFT,82.98133641382653,15618.059294873365,0.0009886112401997437,0.9998220658089304,15.453991998389665
40,5,1,8,-1,0,GA,91.86516462631113,16548.516144698817,0.0009986382868957297,0.9998202612633015,9.873335467721828
40,5,1,8,-1,2,HEFT,100.43250711249085,17187.31137887555,0.0009749083586662052,0.9998245318917702,17.123264436439634
40,5,1,8,-1,2,GA,115.49471764475723,18928.440081853478,0.001013042272345838,0.999817669015293,6.0635710297424685
40,5,1,16,-1,0,HEFT,90.2266523443692,24914.21700874556,0.0009807105631300607,0.99982348767877,14.200168312287644
40,5,1,16,-1,0,GA,117.48478899548331,30509.24189675592,0.0010274111640339954,0.9998150830897138,6.89749605391038
40,5,1,16,-1,1,HEFT,94.47580360596207,25517.760475977193,0.0009532824526656947,0.9998284238793865,14.671170344131122
40,5,1,16,-1,1,GA,109.29453141669501,29082.700519188555,0.0010462726727626763,0.9998116886517103,6.039062538300543
40,5,1,16,-1,2,HEFT,69.03923622940883,18986.899155449468,0.0007404865373905649,0.9998667213056646,10.481781410126056
40,5,1,16,-1,2,GA,87.8682012998409,23072.943703987276,0.0008013241672374446,0.999855772051748,5.774869421626087
40,5,1,32,-1,0,HEFT,88.63893749451758,40537.147429730685,0.0008397668516583895,0.9998488533905018,11.00545001174493
40,5,1,32,-1,0,GA,107.84268502284611,48744.42034880869,0.0009473939664128924,0.9998294836256156,4.497409628879467
40,5,1,32,-1,1,HEFT,78.90545066438034,36880.3726708765,0.000850217004619439,0.9998469726490484,9.872910395867939
40,5,1,32,-1,1,GA,107.93825286000664,49120.395610500374,0.000991228231557859,0.9998215948344144,4.742408756896703
40,5,1,32,-1,2,HEFT,86.92543694860998,40640.2198238897,0.0009380945782459267,0.9998311572314608,14.050615076802988
40,5,1,32,-1,2,GA,114.1507460464772,51810.96073689763,0.0010306297487145198,0.9998145038517694,6.16106756424192
40,5,2,4,-1,0,HEFT,64.25794123523298,10307.830724302483,0.0009332622151177392,0.9998320269103381,6.41829378957312
40,5,2,4,-1,0,GA,82.3129975269171,10381.866180120334,0.0008308581781431929,0.9998504567106468,8.569001126445277
40,5,2,4,-1,1,HEFT,61.92593461503807,10746.974743714549,0.0010044612250894988,0.9998192133233652,3.7346487040848846
40,5,2,4,-1,1,GA,84.93708778174975,11246.17037262621,0.0009262519585403387,0.999833288545362,14.131043110661922
40,5,2,4,-1,2,HEFT,62.19414825468243,11407.32882795364,0.0010881149498357732,0.999804158488483,2.345371443126928
40,5,2,4,-1,2,GA,76.03331174788747,11764.811760681736,0.001048477105527537,0.9998112919286135,6.292703508779947
40,5,2,8,-1,0,HEFT,66.23859315423798,14502.817375550232,0.0010521850688298949,0.9998106246213916,12.714733702540284
40,5,2,8,-1,0,GA,88.76753980842963,16621.675296175865,0.0010465105264297959,0.9998116458461139,8.960017550273268
40,5,2,8,-1,1,HEFT,56.7113701224905,12661.975413897868,0.0009325172974339507,0.9998321609730079,11.666390467025371
40,5,2,8,-1,1,GA,68.85152186919763,14189.768327542566,0.0009793310372221697,0.9998237359496335,4.2696331424671925
40,5,2,8,-1,2,HEFT,52.1016291667716,12341.444040505212,0.0009482800569115164,0.999829324156535,9.466194112612834
40,5,2,8,-1,2,GA,66.79577474433763,13889.605686622239,0.0009660479730188406,0.9998261264826093,7.579187549569525
40,5,2,16,-1,0,HEFT,67.17911187857979,20255.54611637207,0.000950537033034205,0.9998289179702537,12.705837252590602
40,5,2,16,-1,0,GA,96.23228436417374,27326.688933146354,0.001143422523930878,0.9997942051243633,6.815467606213182
40,5,2,16,-1,1,HEFT,62.23590492471351,19073.59095249604,0.0009204518355233913,0.9998343323939993,12.38452310605949
40,5,2,16,-1,1,GA,80.33801899150663,23596.688764006412,0.0010557867077050564,0.9998099764493759,7.280069137335621
40,5,2,16,-1,2,HEFT,64.39668531540073,19023.68027526066,0.0008604026737343307,0.9998451395108514,11.866096936267637
40,5,2,16,-1,2,GA,78.42584539221673,22531.33156393352,0.0009655774223033468,0.9998262111670145,5.9573061943138965
40,5,2,32,-1,0,HEFT,72.80909723418213,35437.33518257786,0.0009662327964666562,0.9998260932201729,9.385234332872795
40,5,2,32,-1,0,GA,88.94553905914366,42735.949508505204,0.0011086385671568533,0.9998004649676746,5.168833476743279
40,5,2,32,-1,1,HEFT,66.56583121794596,31871.166421751674,0.0008152309087933371,0.9998532692024339,8.999789609885594
40,5,2,32,-1,1,GA,77.71741747363454,37150.53818903578,0.0009440632918811531,0.9998300830449827,4.389123167533227
40,5,2,32,-1,2,HEFT,58.92194895876615,28937.335930818568,0.0008154144096450091,0.9998532361771273,8.948624366253888
40,5,2,32,-1,2,GA,84.80635904818058,40300.00016129344,0.0009992710964847672,0.9998201473780548,6.12796172695728
40,5,4,4,-1,0,HEFT,58.00306719064776,11061.868668025518,0.0010694730546349385,0.9998075133780925,3.1377276257622753
40,5,4,4,-1,0,GA,71.14482672419982,12234.037259601242,0.0011394167411937532,0.9997949260171292,5.809037376923261
40,5,4,4,-1,1,HEFT,55.529091166780226,10902.36247347475,0.0010642075061329847,0.9998084609948337,3.7821880098514717
40,5,4,4,-1,1,GA,63.70612436784863,10950.43952432526,0.0010197087279933494,0.9998164692727864,8.807299515015915
40,5,4,4,-1,2,HEFT,50.171216375941135,10323.67314978135,0.001022668574126121,0.9998159365984041,0.5391674678943774
40,5,4,4,-1,2,GA,62.61645568629874,10911.3831887372,0.0010214203250380955,0.999816161241909,4.839406258029208
40,5,4,8,-1,0,HEFT,32.42526070850952,10410.703811500889,0.0009428783957989632,0.9998302962900599,4.023135964812118
40,5,4,8,-1,0,GA,40.72516657085619,10925.523532751533,0.000906448002835832,0.9998368526694632,6.5950500139517185
40,5,4,8,-1,1,HEFT,32.92183046314967,10539.561024832637,0.0009533676098669597,0.9998284085537205,4.476440266525914
40,5,4,8,-1,1,GA,49.803978809189694,11910.886869533737,0.000921150504373582,0.9998342066544487,4.933704076042924
40,5,4,8,-1,2,HEFT,40.20036827313159,13170.315540104766,0.001202981936160741,0.9997834866938808,3.0814116859889595
40,5,4,8,-1,2,GA,50.026021614912835,13602.91896100807,0.0011370052824258964,0.9997953599907866,7.522543310470096
40,5,4,16,-1,0,HEFT,31.76982812421975,12754.12618287755,0.0008597311605978496,0.9998452603645048,4.061154874056862
40,5,4,16,-1,0,GA,40.86418876360714,14677.491658896928,0.0008826314491323462,0.999841138958908,6.513248231220494
40,5,4,16,-1,1,HEFT,35.959926575312444,14988.418733001032,0.0010444590220337264,0.9998120150474197,5.8679923329698545
40,5,4,16,-1,1,GA,44.02597904298922,17388.196324799937,0.001154419683274678,0.999792226045009,7.020915241616189
40,5,4,16,-1,2,HEFT,38.95149149116789,16777.971381472227,0.001201458012295606,0.9997837609408231,3.3000167552061526
40,5,4,16,-1,2,GA,53.940767752993935,20555.783185950066,0.0013177203846738022,0.9997628384580048,7.438723979543429
40,5,4,32,-1,0,HEFT,39.2769671859818,21668.010800940712,0.0008508598709978943,0.999846856950815,5.4787566990648795
40,5,4,32,-1,0,GA,41.47553098565557,24205.692792054848,0.0010696497278505314,0.9998074815830363,4.817293500529974
40,5,4,32,-1,1,HEFT,39.777502923939,23326.75592688505,0.00104033524600678,0.9998127571878426,6.667592438184852
40,5,4,32,-1,1,GA,48.076474414275246,27481.67879099112,0.0011654150666549647,0.9997902472891782,5.5418842798376895
40,5,4,32,-1,2,HEFT,34.86686921198451,19604.817239900192,0.0008030929538111294,0.9998554537161352,5.870307452648765
40,5,4,32,-1,2,GA,42.51636986208174,23926.39466440022,0.0009819261805375757,0.9998232689062833,4.833003288522768
40,8,0.8,4,-1,0,HEFT,155.4083952550035,19135.416603542977,0.001508503053139898,0.999728506311518,20.844801021202198
40,8,0.8,4,-1,0,GA,202.02050095433364,20951.83555301261,0.001454115181809379,0.9997382935183909,11.839355830836288
40,8,0.8,4,-1,2,HEFT,126.85948187672064,14509.504130832103,0.001087887467797095,0.9998041994272312,28.31460959707323
40,8,0.8,4,-1,2,GA,207.51285649137836,18953.605746142566,0.0011618848365059955,0.999790882597522,7.843371015119741
40,8,0.8,8,-1,0,HEFT,103.87563907450205,17089.416011171405,0.0009195548656355566,0.9998344938218446,18.773976645307062
40,8,0.8,8,-1,0,GA,146.47914473205793,21311.279773163293,0.0009365997259542288,0.9998314262594784,12.226679045810286
40,8,0.8,8,-1,1,HEFT,130.9330136330781,21034.93771514923,0.0010937168483686993,0.99980315034473,19.675953156832197
40,8,0.8,8,-1,1,GA,159.65545894032556,23650.624390590296,0.001075413479627783,0.9998064443079877,13.772267949570924
40,8,0.8,8,-1,2,HEFT,123.63846179533664,19478.99348240041,0.0009831655232620275,0.9998230458640436,22.677978449465215
40,8,0.8,8,-1,2,GA,147.16053777728618,22044.17681449053,0.0010228378795699039,0.9998159061290339,12.069712404567902
40,8,0.8,16,-1,0,HEFT,105.71506371433922,27330.720131927294,0.0009087116148287032,0.9998364452858614,14.034120313264797
40,8,0.8,16,-1,0,GA,136.56900195042138,33841.326752707726,0.0009845062504169019,0.999822804575889,7.186309571689175
40,8,0.8,16,-1,2,HEFT,105.11003461510293,26925.437022207916,0.0008713579297297357,0.9998431678720928,16.909913393458105
40,8,0.8,16,-1,2,GA,153.14994173259964,37429.12251852668,0.0010367356209131206,0.9998134049992482,6.600181874277547
40,8,0.8,32,-1,1,HEFT,158.5507818414411,68365.74005482427,0.0009666976521590306,0.9998260095607036,13.48963401349239
40,8,0.8,32,-1,1,GA,185.92003182787798,80062.90116571928,0.0011201045147046687,0.9997984015110606,5.554673782782627
40,8,0.8,32,-1,2,HEFT,92.31564601571006,41915.07539870181,0.0008353833757970471,0.9998496422972092,11.065622042264362
40,8,0.8,32,-1,2,GA,135.27719491383425,59685.807261581205,0.0009999178830321512,0.9998200309774221,5.564704230516353
40,8,1,4,-1,0,HEFT,101.77813155854199,12087.006017367063,0.0009304464731985851,0.999832533658878,15.817828139588844
40,8,1,4,-1,0,GA,162.4042972388371,14958.710666673578,0.0009254915244456586,0.9998334254006891,12.995769145522845
40,8,1,4,-1,1,HEFT,175.0087362505989,19340.443786631964,0.0014134398509823283,0.9997456131886362,15.268952879780077
40,8,1,4,-1,1,GA,191.57717431088864,19648.95650337924,0.0013505493716352173,0.9997569306592464,25.50400981480789
40,8,1,4,-1,2,HEFT,112.10806505619328,12812.56171595645,0.0009601259164417535,0.9998271922680168,10.573844974360192
40,8,1,4,-1,2,GA,158.10538695540495,14925.426726511268,0.0009478511825131565,0.9998294013407542,6.917982099975995
40,8,1,8,-1,0,HEFT,137.1405750251173,21467.216126231255,0.001072573762767441,0.9998069553582173,22.805812643006778
40,8,1,8,-1,0,GA,190.9047688086395,27584.269009410185,0.001196047959144806,0.9997847345402885,10.810143506235738
40,8,1,8,-1,1,HEFT,128.22741615645964,19198.70399693255,0.0008900351480507005,0.9998398065056991,20.92851715616708
40,8,1,8,-1,1,GA,183.53057716852447,25715.274006081196,0.0010460385785404196,0.9998117307807372,9.390903052322775
40,8,1,16,-1,0,HEFT,98.8008675184778,25004.450696459346,0.0007796749525725594,0.9998596683559431,13.403013782215075
40,8,1,16,-1,0,GA,126.92432530357692,31206.737335257196,0.0008833678135620704,0.9998410064343761,5.433686452582482
40,8,1,16,-1,1,HEFT,141.25686561936533,34185.39537012619,0.0009126714691483265,0.9998357326289156,18.054942428650154
40,8,1,16,-1,1,GA,170.62041688180815,40514.81625849375,0.0010020279350370267,0.9998196512364871,7.50297760789671
40,8,1,16,-1,2,HEFT,104.20748747719645,27110.34741106006,0.0009176369270592168,0.9998348389937102,20.597338128537718
40,8,1,16,-1,2,GA,157.3947524741042,38124.5965585752,0.0010212925172541592,0.9998161842430808,7.904619780314039
40,8,1,32,-1,0,HEFT,117.574356743269,52541.65715973955,0.0009551814173545545,0.999828082124448,15.262310682147458
40,8,1,32,-1,0,GA,150.3602286738133,66595.13706644403,0.0011442906015115934,0.9997940489025674,5.883297606531416
40,8,1,32,-1,1,HEFT,127.50046923279643,55592.44486235781,0.0008568817412098152,0.9998457731807611,10.662346099538174
40,8,1,32,-1,1,GA,211.45501053208585,89395.18492725462,0.0010589742742808331,0.9998094027965844,5.200500647830313
40,8,1,32,-1,2,HEFT,126.89009845606977,54961.548637899716,0.0008056525621148485,0.9998549930533428,10.904219197745489
40,8,1,32,-1,2,GA,155.11205176592136,66795.86452822453,0.0009344750193941504,0.9998318086422618,4.581749246844733
40,8,2,4,-1,0,HEFT,104.79225298001977,15577.199641406947,0.0013626836561196384,0.9997547470213284,5.069689804571703
40,8,2,4,-1,0,GA,139.2731054535334,16793.580894886145,0.001306004112805755,0.999764946889007,14.430716875606562
40,8,2,4,-1,1,HEFT,85.5647845229925,12629.117957746603,0.0011010346641657576,0.9998018333980457,11.6167415172767
40,8,2,4,-1,1,GA,112.20291898253186,13949.391154920038,0.0011064148635346912,0.9998008651545401,16.19028295271321
40,8,2,4,-1,2,HEFT,101.96364489957136,13588.201681674433,0.0011232489310717064,0.9997978356303779,11.516186720080697
40,8,2,4,-1,2,GA,136.80853312223292,15548.317712762764,0.0011604015662655797,0.9997911495303687,17.1295583324553
40,8,2,8,-1,0,HEFT,72.01151388064879,13870.085428717652,0.0008988346377487557,0.9998382228525399,11.802338690808954
40,8,2,8,-1,0,GA,102.06950849120838,17050.314112791893,0.0009369045604180734,0.9998313713985258,4.813186399310434
40,8,2,8,-1,1,HEFT,83.06292876498675,15281.912879900548,0.0009441694726694858,0.9998300639356886,15.044301642485811
40,8,2,8,-1,1,GA,105.58987065394389,17511.363373002572,0.0009528082416310023,0.9998285092227313,10.409306054039321
40,8,2,8,-1,2,HEFT,107.27929953588637,19472.302479629056,0.0011852053907214426,0.9997866857843835,13.036346033950093
40,8,2,8,-1,2,GA,128.86606721405158,21704.21063100464,0.0012058227620743783,0.999782975456061,6.954088935468912
40,8,2,16,-1,0,HEFT,83.2466972571082,23010.65332224556,0.0009079182750491969,0.9998365880636765,11.871678603306847
40,8,2,16,-1,0,GA,99.56538997782242,26779.50151293033,0.0009900447851664631,0.9998218078167831,6.60177859612292
40,8,2,16,-1,1,HEFT,96.76878336631685,25613.34570486778,0.0009087518473559362,0.9998364380451911,10.32023461084562
40,8,2,16,-1,1,GA,104.13673785200785,27392.71228983196,0.0009558732070085854,0.9998279576237257,4.7791702080286464
40,8,2,16,-1,2,HEFT,80.84751149685862,22804.375399724657,0.0009407820661922225,0.9998306735654247,14.585653093525506
40,8,2,16,-1,2,GA,98.31688682501729,26361.306389874942,0.0009669850283555068,0.9998259578419896,6.905787847600513
40,8,2,32,-1,0,HEFT,73.53819303787255,34463.950961291805,0.0008043003662466079,0.9998552364133348,8.715717266791911
40,8,2,32,-1,0,GA,92.53708516518311,43287.76389956019,0.0010017471829625165,0.9998197017627473,4.26797954227069
40,8,2,32,-1,1,HEFT,68.85270928950406,32208.513010261617,0.0007453582226217126,0.9998658445195796,8.849777130668016
40,8,2,32,-1,1,GA,80.42319819875559,37570.380779937295,0.000864066236642784,0.9998444801718663,4.1645164383777
40,8,2,32,-1,2,HEFT,85.5119201146385,39199.85421047942,0.0008221287967000295,0.9998520277655649,9.775636457129048
40,8,2,32,-1,2,GA,112.2742508435155,50765.436029530094,0.000988646473594334,0.9998220594680476,5.497414796155889
40,8,4,4,-1,0,HEFT,78.21498831595645,13948.19151372667,0.0013170377357313644,0.9997629613056802,2.913360939296314
40,8,4,4,-1,0,GA,101.80266027325015,14402.645782902342,0.001229472621419423,0.999778719414306,9.317650670907756
40,8,4,4,-1,1,HEFT,54.67968583402156,9746.426385229543,0.0009201293882682825,0.9998343904248912,3.580338231642088
40,8,4,4,-1,1,GA,64.06607660154883,9744.322612555146,0.000861647407710698,0.9998449154934573,3.3286945201953975
40,8,4,4,-1,2,HEFT,77.89843305904076,13661.505077304759,0.0012819612778386046,0.9997692735914216,3.193383195329884
40,8,4,4,-1,2,GA,82.68166058292508,13239.231690083689,0.0011977405661632151,0.9997844299366563,2.310248074898907
40,8,4,8,-1,0,HEFT,51.4367237902255,14764.978829332413,0.0012696451350737424,0.9997714899880773,3.6761445207037053
40,8,4,8,-1,0,GA,74.86706870896796,16788.56206040857,0.0012404810677451737,0.9997767383344017,8.781813777081789
40,8,4,8,-1,1,HEFT,53.1197756571039,13485.531528354863,0.0010834668042988228,0.9998049949911754,4.429151336361518
40,8,4,8,-1,1,GA,65.5583830462436,14477.921249869378,0.0010574052296421178,0.9998096851708294,10.585954644919081
40,8,4,8,-1,2,HEFT,66.62139170847652,14842.39595897901,0.0010913103817784579,0.9998035834235424,3.438004232336707
40,8,4,8,-1,2,GA,63.76551662857818,14131.077105037712,0.0010348304274798719,0.9998137478701358,10.58169874968245
40,8,4,16,-1,0,HEFT,48.26863721176486,16918.289175960246,0.0009884639316926867,0.9998220923197437,5.115629199335752
40,8,4,16,-1,0,GA,62.052658158550805,19729.48995002285,0.001009738964286963,0.9998182635025065,5.830539007296888
40,8,4,16,-1,1,HEFT,53.26652199108297,18842.701820812625,0.0011131175191892374,0.9997996589175012,4.981156672406642
40,8,4,16,-1,1,GA,59.18708572422506,19856.02543714723,0.001097171185800519,0.9998025286865823,7.199595063258571
40,8,4,16,-1,2,HEFT,42.50232967845346,17023.82663340836,0.0011451394489851805,0.9997938961415022,8.537025159488248
40,8,4,16,-1,2,GA,55.79004551966631,20072.15722296208,0.0012093628531248254,0.9997823383781663,5.826518386787933
40,8,4,32,-1,0,HEFT,44.04372961032372,24160.85905453778,0.0009364427498932135,0.9998314545104064,5.94002615316271
40,8,4,32,-1,0,GA,49.17621034553593,27383.521427590953,0.001098172694432191,0.9998023484506441,5.0534835480297735
40,8,4,32,-1,1,HEFT,43.914901980639264,23479.517674153503,0.0008548055960708045,0.9998461468293204,4.079088604080025
40,8,4,32,-1,1,GA,45.55823947077013,24680.62612740959,0.0009284576447847362,0.9998328915881046,4.938623001639586
40,8,4,32,-1,2,HEFT,53.71176674695277,27613.111852972746,0.0009028156876153598,0.9998375063797482,5.453920647946622
40,8,4,32,-1,2,GA,67.86134225693125,33873.45541214789,0.0010096511609155407,0.9998182793042417,4.927436351648088
40,10,0.8,4,-1,0,HEFT,178.58188082768294,18048.5892468446,0.0012243745435550153,0.9997796368656834,39.1608689007273
40,10,0.8,4,-1,0,GA,219.10046285563087,20236.172933019014,0.0012557300666600432,0.9997739941311764,23.310117521162034
40,10,0.8,4,-1,1,HEFT,139.00277355370574,13987.591337380023,0.0009451496391217246,0.9998298875357249,22.99682570139853
40,10,0.8,4,-1,1,GA,187.94501130493174,16549.07479653612,0.0009725729010205937,0.9998249522004704,10.949141939563992
40,10,0.8,4,-1,2,HEFT,154.59498618373087,16406.642037642767,0.0011609925970056442,0.9997910431670596,7.408193631894899
40,10,0.8,4,-1,2,GA,186.3716426696778,17257.156304539723,0.0010738136248572593,0.9998067322261489,12.55701499070029
40,10,0.8,8,-1,0,HEFT,132.4281901712825,19826.659168489557,0.0009190636837269302,0.9998345822199596,15.541336136313474
40,10,0.8,8,-1,0,GA,167.81977790237534,23505.8335131659,0.000955443777072076,0.999828034907819,6.569501670149288
40,10,0.8,8,-1,1,HEFT,151.60412674152266,23158.71359525269,0.0011117205979414104,0.9997999103129824,29.825749361067608
40,10,0.8,8,-1,1,GA,213.24967010265505,29052.398870247165,0.001108582757156625,0.9998004750114702,9.177963844535691
40,10,0.8,8,-1,2,HEFT,127.66911331528075,19155.457963598266,0.0008913724916448728,0.9998395658224426,18.665288101084492
40,10,0.8,8,-1,2,GA,184.0191400640998,25292.88936974657,0.000985407225270412,0.999822642429165,8.530423373923501
40,10,0.8,16,-1,0,HEFT,132.4268370847031,32517.714445127363,0.0009162482848661976,0.9998350889080532,15.884979637181896
40,10,0.8,16,-1,0,GA,218.41369706990034,49966.152059588116,0.0010375610106159244,0.9998132564568358,4.992803672258953
40,10,0.8,16,-1,1,HEFT,138.2427646310515,34307.89838766613,0.0010032671290057158,0.9998194282218251,24.329458309329617
40,10,0.8,16,-1,1,GA,236.06207452027755,53912.75782792499,0.0011096691886345869,0.9998002794928421,7.8175602228050565
40,10,0.8,16,-1,2,HEFT,130.3682029194954,32393.119134263194,0.0009512175935038865,0.9998287954903335,19.22778875574804
40,10,0.8,16,-1,2,GA,168.84362290124756,40532.69132601906,0.0010484128848810771,0.9998113034861483,8.020994851605195
40,10,0.8,32,-1,0,HEFT,123.85279388642442,54409.749333603264,0.0008850486409840154,0.9998407039335891,11.022762010685257
40,10,0.8,32,-1,0,GA,176.33873249006254,75928.66833403526,0.0010613171909368533,0.9998089811520552,5.432418096675307
40,10,0.8,32,-1,1,HEFT,176.0425320955035,75086.22485243483,0.0009671695772301653,0.9998259246289746,11.691407406703629
40,10,0.8,32,-1,1,GA,210.64330140805788,89107.53978451321,0.0010620816594081354,0.9998088435740248,5.747793523537182
40,10,1,4,-1,0,HEFT,171.94955338258612,19558.09420082697,0.0014605317362355087,0.9997371388415268,9.861745762562785
40,10,1,4,-1,0,GA,191.71610913271692,19959.952782026,0.0013898681580950373,0.9997498550230165,16.792439654572153
40,10,1,4,-1,1,HEFT,133.35164196139345,14749.60188526414,0.001078646391617216,0.9998058624966336,22.646458070617147
40,10,1,4,-1,1,GA,161.74627039292676,16398.491699027094,0.0011155905323212672,0.999799213864417,17.049269177251634
40,10,1,4,-1,2,HEFT,145.71699752684972,15701.150217625756,0.0011249010770461201,0.9997975383042673,19.046300793738993
40,10,1,4,-1,2,GA,174.72600182793525,16478.24792715263,0.0010454004960480285,0.999811845613968,15.329360750141
40,10,1,8,-1,0,HEFT,134.2578543409818,20008.12480363217,0.0009198153471444341,0.9998344469429337,19.401642833316885
40,10,1,8,-1,0,GA,210.24066598735163,28041.93840380462,0.0010153532905709125,0.9998172531079457,7.030683653267375
40,10,1,8,-1,1,HEFT,170.39224594960095,25019.892435141497,0.001119152044441835,0.9997985729211587,23.89832728973865
40,10,1,8,-1,1,GA,189.8723830454524,26924.78149060341,0.001123647638015501,0.9997977638776391,17.82859300304035
40,10,1,8,-1,2,HEFT,130.9718004634787,20187.882631908957,0.0009837971301569772,0.9998229321949269,17.54591364481834
40,10,1,8,-1,2,GA,168.01314265576553,24158.592543111572,0.0010373812465320517,0.9998132888083288,8.08889872523908
40,10,1,16,-1,0,HEFT,127.9838106308308,30952.018755582307,0.0008241766297755549,0.9998516592102238,21.59992794414366
40,10,1,16,-1,0,GA,218.90575532706976,49928.58446305031,0.0010205012196709195,0.9998163266504749,6.266918159375733
40,10,1,16,-1,1,HEFT,132.82561962565245,33104.28168189534,0.0009821398855000092,0.9998232304461889,15.5581399842488
40,10,1,16,-1,1,GA,148.7507382931786,36359.397112411476,0.0010076557312818067,0.99981863841637,8.64429961700833
40,10,1,16,-1,2,HEFT,174.85128339304472,40661.96014156452,0.0009160870452325503,0.9998351179264016,18.695968001298628
40,10,1,16,-1,2,GA,231.5933954998353,52477.915892864345,0.0010351400461105892,0.9998136921491636,7.056218088935436
40,10,1,32,-1,0,HEFT,134.34255874385093,58431.97738430281,0.0008842939052537531,0.9998408397643885,13.95851036073939
40,10,1,32,-1,0,GA,214.3238958692391,90620.41224128638,0.001074940081072167,0.9998065295032378,5.49700541059143
40,10,1,32,-1,1,HEFT,126.53171965505189,54850.98654176024,0.0008091480871085683,0.99985436395028,11.233726663287047
40,10,1,32,-1,1,GA,152.55339134814488,65901.66981548615,0.0009458872787853374,0.9998297547831798,4.844641275458584
40,10,1,32,-1,2,HEFT,101.01270882540618,45111.0400632374,0.0008168165212249908,0.9998529838341156,12.083771846232617
40,10,1,32,-1,2,GA,140.99725045967537,61403.31186871893,0.0009380320015766905,0.9998311684933588,5.180518044518358
40,10,2,4,-1,0,HEFT,93.150517395597,11912.930081372073,0.0009614606261477282,0.9998269520618156,5.568299063240944
40,10,2,4,-1,0,GA,115.2356905977383,12261.29045767806,0.0008695061122721733,0.999843501147014,10.821140134751062
40,10,2,4,-1,1,HEFT,88.41918586322312,12009.824249000121,0.0010033208433547045,0.9998194185549883,7.881375357501021
40,10,2,4,-1,1,GA,139.72851628687437,14034.357200530387,0.0009466910101757644,0.9998296101361702,8.064443604103552
40,10,2,4,-1,2,HEFT,110.41017442833187,14914.476740486482,0.0012422207193703556,0.9997764252670702,10.395053690971627
40,10,2,4,-1,2,GA,135.1680471048884,15423.837598519565,0.001154492420863685,0.9997922129549642,5.747272442847019
40,10,2,8,-1,0,HEFT,102.54058332348879,17600.5736641346,0.001002154737090398,0.9998196284162343,10.303653345676342
40,10,2,8,-1,0,GA,120.7018358453076,19184.146584021644,0.0009814948763400666,0.9998233465273214,8.303957203483133
40,10,2,8,-1,1,HEFT,63.60868092711969,13593.520585572489,0.000967323929789276,0.9998258968503505,9.256146982857791
40,10,2,8,-1,1,GA,112.90922288723998,18859.664258404784,0.0010362246590736107,0.9998134969552223,8.126655149178719
40,10,2,8,-1,2,HEFT,97.68053062058853,16565.150525023433,0.0009286588611688547,0.9998328553752096,25.43676678950646
40,10,2,8,-1,2,GA,169.12721852236655,24739.47243535315,0.0010986123329723462,0.9998022693313513,9.257705818881227
40,10,2,16,-1,0,HEFT,119.16789252656963,30646.588395288738,0.0010034047842619343,0.9998194034483536,15.02794596589394
40,10,2,16,-1,0,GA,153.58814931091746,37739.48944008548,0.001065964440877174,0.9998081448072038,7.80296726485802
40,10,2,16,-1,1,HEFT,93.66563861480736,25086.22803261846,0.0009176260230717629,0.9998348409561036,14.645672838635202
40,10,2,16,-1,1,GA,119.54698773296164,31006.4566106833,0.0010404954736375534,0.9998127283522699,6.091335706838179
40,10,2,16,-1,2,HEFT,92.97220792380499,24097.399671847917,0.0008070718023872558,0.9998547376271707,14.07322320609364
40,10,2,16,-1,2,GA,132.1062076484441,32990.40484480972,0.0009852729943550967,0.9998226665864454,7.520094723068825
40,10,2,32,-1,0,HEFT,81.27022163415737,36465.00178810075,0.0006792295452951322,0.9998777461554572,7.62749311011346
40,10,2,32,-1,0,GA,98.44496338035562,44198.627598735795,0.0008263257959533902,0.999851272417772,4.052361082309245
40,10,2,32,-1,1,HEFT,90.4814215521559,40992.3002716045,0.0008071620666119691,0.9998547213819705,8.492743863338452
40,10,2,32,-1,1,GA,109.50099468737884,49257.745909985286,0.0009314423708051436,0.9998323544273447,4.461410656832551
40,10,2,32,-1,2,HEFT,98.50558081011825,44265.865512763565,0.0008320054885889092,0.9998502502256712,11.470365216103644
40,10,2,32,-1,2,GA,117.28650722015409,52834.32004054677,0.0010072740656340568,0.999818707103729,5.411128702550929
40,10,4,4,-1,0,HEFT,62.150147091250304,11515.540381963407,0.0011023686461994048,0.9998015933288913,1.374993037682051
40,10,4,4,-1,0,GA,70.66756442899354,11505.930780314213,0.0010483059028065275,0.9998113227392882,4.17479380873569
40,10,4,4,-1,1,HEFT,83.68492822811254,14537.848380245672,0.0013592986854387948,0.9997553561668053,3.8486859511426714
40,10,4,4,-1,1,GA,97.64939643308445,14402.205258255482,0.0012551723810681433,0.9997740944919007,1.1654097337743285
40,10,4,4,-1,2,HEFT,66.98927252432283,11914.676757930829,0.0011239265732252367,0.9997977136794569,2.8336332542531815
40,10,4,4,-1,2,GA,85.36195357164611,12565.70684473491,0.0010940998802707878,0.9998030814125624,4.076652200914291
40,10,4,8,-1,0,HEFT,61.043126847957076,14540.952386987661,0.0011215519650625042,0.9997981410225543,4.946334697031102
40,10,4,8,-1,0,GA,68.2250487817427,14888.323327595128,0.001077353830044939,0.999806095112575,5.918248240668304
40,10,4,8,-1,1,HEFT,56.885598676231766,13979.629911637388,0.0011005959223151344,0.9998019123559321,4.457465015624347
40,10,4,8,-1,1,GA,65.19221368299681,14319.089193131134,0.0010414259275921757,0.9998125609019366,6.374989051230685
40,10,4,8,-1,2,HEFT,60.420370801074206,14987.278676398208,0.001186940966343034,0.9997863734474605,5.22205942994295
40,10,4,8,-1,2,GA,75.14385479651045,15507.261293494234,0.0010715053272647584,0.9998071476394998,13.111548163150232
40,10,4,16,-1,0,HEFT,75.1719208439561,23797.49730027989,0.00120988223491477,0.9997822449097975,5.479816287325435
40,10,4,16,-1,0,GA,87.09386637836282,26797.43529918566,0.0013017329398630495,0.9997657155197204,8.011147131035752
40,10,4,16,-1,1,HEFT,49.35324253207061,16846.553200201142,0.0009522907795921947,0.9998286023499291,4.5388276061657065
40,10,4,16,-1,1,GA,61.6198508932942,19205.360155805007,0.0009527582408646674,0.9998285182213253,7.661191692878157
40,10,4,16,-1,2,HEFT,46.988685151165335,16329.82066997712,0.000944185157745914,0.9998300611128549,4.765057360574663
40,10,4,16,-1,2,GA,55.84215511336452,18737.255391134928,0.0010356022751122661,0.9998136089634475,6.301505347310498
40,10,4,32,-1,0,HEFT,57.10034143195068,28802.046404241402,0.00088830946955715,0.9998401170781167,6.14205237090282
40,10,4,32,-1,0,GA,76.15321378984557,37092.91758277094,0.001014222672799773,0.9998174565819735,5.167882938600417
40,10,4,32,-1,1,HEFT,53.1523140248879,27562.459504479077,0.0009240272505067346,0.9998336889261292,5.963316187685842
40,10,4,32,-1,1,GA,74.34537367981561,36955.590787452726,0.001086171485065056,0.9998045082436929,4.328751346960276
40,10,4,32,-1,2,HEFT,44.551076047365314,22626.037481137122,0.0007129747130424862,0.9998716727862939,4.454572302388787
40,10,4,32,-1,2,GA,54.94041711962724,27354.45588584728,0.000808441306448375,0.9998544911522788,4.659434532352996
50,0.1,0.8,4,-1,1,HEFT,68.99972008192586,13118.325216196417,0.0012669688181219608,0.9997719716151636,4.7933511551895975
50,0.1,0.8,4,-1,1,GA,85.28288758201444,13912.787190632323,0.001268631600348273,0.9997716723826564,4.647641022436751
50,0.1,0.8,4,-1,2,HEFT,85.4833475644459,15353.587504412491,0.0014535383490076337,0.9997383973211283,7.741320279376823
50,0.1,0.8,4,-1,2,GA,107.46753855473574,16008.204283870695,0.0014017780921503076,0.999747711773441,3.807047186909992
50,0.1,0.8,8,-1,0,HEFT,49.59625065590129,13518.300638725123,0.00113140317516261,0.999796368164248,10.016422339261458
50,0.1,0.8,8,-1,0,GA,62.91446681536783,15266.689374089223,0.0011921060154798336,0.9997854439376586,4.822879413481175
50,0.1,0.8,8,-1,1,HEFT,53.44351332278389,14813.376869042679,0.001251007698973569,0.9997748439656101,11.28484375749461
50,0.1,0.8,8,-1,1,GA,64.71334866164013,16396.72050430852,0.0013157931566913522,0.9997631852768302,11.228769173432015
50,0.1,0.8,8,-1,2,HEFT,54.55961509529192,16659.436445903666,0.0014756735654723049,0.999734414032414,9.52279524978272
50,0.1,0.8,8,-1,2,GA,75.4262934991211,18683.138574612705,0.0014783222737334734,0.999733937391663,10.027914840870848
50,0.1,0.8,16,-1,1,HEFT,49.4360395051937,18752.80573844466,0.0011965227588433423,0.9997846490947437,9.057883701270747
50,0.1,0.8,16,-1,1,GA,73.11274671180729,25445.489194474216,0.0014738813728433096,0.999734736541462,7.146194479041351
50,0.1,0.8,16,-1,2,HEFT,47.75074999000462,17920.676227406533,0.0011308181174839336,0.9997964734531911,10.877824289553333
50,0.1,0.8,16,-1,2,GA,62.514942350244496,22181.70846256886,0.0013150955466824184,0.9997633108169025,8.045451016162948
50,0.1,0.8,32,-1,0,HEFT,42.68390443993692,23268.06325587036,0.0008885586499915479,0.9998400722328099,7.596909985066808
50,0.1,0.8,32,-1,0,GA,64.90199607941567,34684.80683501481,0.001261297201617466,0.9997729922738632,4.959300913037109
50,0.1,0.8,32,-1,2,HEFT,48.264607989628644,27296.823874055888,0.0011321982436742234,0.9997962250810682,9.14339630527882
50,0.1,0.8,32,-1,2,GA,61.87624675803119,34891.851722701045,0.001438161882121069,0.9997411643649422,5.769176724349668
50,0.1,1,4,-1,0,HEFT,64.63687909045899,12960.503916611699,0.0012736348475800602,0.9997707720041878,3.456227526292977
50,0.1,1,4,-1,0,GA,94.1537494665114,14275.298275649826,0.0012604545608859532,0.9997731439147743,12.276932711580622
50,0.1,1,4,-1,1,HEFT,79.686877345802,15526.490468155622,0.0015118243353432982,0.9997279086432073,3.3806952279389857
50,0.1,1,4,-1,1,GA,97.2596806107933,16391.438122508695,0.0015145960533838004,0.999727409869833,6.291136679960845
50,0.1,1,4,-1,2,HEFT,63.3892381226936,12365.083275086372,0.001204444424444067,0.9997832235030204,3.0401866401087045
50,0.1,1,4,-1,2,GA,86.92881494228808,13732.150701546976,0.0012350862512037662,0.9997777091850488,0.6019800398530153
50,0.1,1,8,-1,0,HEFT,51.853553593502554,15080.649978692572,0.0013052595392398355,0.999765080880755,8.716602385605057
50,0.1,1,8,-1,0,GA,69.09292878145231,16604.621247573872,0.0012883333442576808,0.9997681268847602,8.75227934920747
50,0.1,1,8,-1,1,HEFT,48.08449234740684,14117.45202757849,0.0012275634059725365,0.9997790629970997,8.764294007648981
50,0.1,1,8,-1,1,GA,79.22892522618886,18322.000085298914,0.0013844991296621167,0.9997508212068545,5.444350192230411
50,0.1,1,8,-1,2,HEFT,56.611532180374624,16335.28660181188,0.0014083436062656224,0.999746530279751,10.97230725074275
50,0.1,1,8,-1,2,GA,72.42506409538532,18058.037744601093,0.0014347844433390314,0.9997417721467514,9.322995412834757
50,0.1,1,16,-1,0,HEFT,45.320859574684235,17516.503126577478,0.0011388757219945873,0.9997950233806192,10.334594157340586
50,0.1,1,16,-1,0,GA,58.45750171084147,21389.502604729445,0.0013133930589467548,0.9997636171922086,5.557596931673501
50,0.1,1,16,-1,1,HEFT,42.86145790890575,16983.964253888837,0.0011310806634856506,0.9997964262045305,10.418134897986574
50,0.1,1,16,-1,1,GA,54.37361564678415,20380.095075571655,0.0012842843503086693,0.999768855534943,5.927145771564852
50,0.1,1,16,-1,2,HEFT,44.69345004876433,17253.78125757567,0.0011204959752213071,0.9997983310623749,13.126469540003045
50,0.1,1,16,-1,2,GA,65.57808945530729,23466.28722131533,0.001405076750115805,0.999747118164982,8.283297990216779
50,0.1,1,32,-1,0,HEFT,35.43934244939771,20776.81995848041,0.000926112720660425,0.9998333136040025,7.6694716334165465
50,0.1,1,32,-1,0,GA,53.57589827422121,29972.21807680609,0.0012143505348197862,0.9997814407912774,5.510002376563106
50,0.1,1,32,-1,2,HEFT,41.74111213769726,25111.213294130575,0.0011734659216091504,0.9997887984403006,8.558163988006928
50,0.1,1,32,-1,2,GA,61.027939048798466,35411.30066457734,0.001547360732537304,0.9997215138526112,5.458867256417686
50,0.1,2,4,-1,0,HEFT,75.74215531731677,16185.66045943147,0.0016214518093281996,0.999708181261694,3.0004196524043403
50,0.1,2,4,-1,0,GA,86.90359066526456,16168.45344911105,0.0015500104776716215,0.9997210370314258,7.980372313528349
50,0.1,2,4,-1,1,HEFT,69.70470171262352,14840.450294643011,0.0014850936191779178,0.9997327188745133,1.826745039273019
50,0.1,2,4,-1,1,GA,88.72652367200376,15517.729589712673,0.0014546326167256451,0.9997382004044855,8.112732840855015
50,0.1,2,4,-1,2,HEFT,71.0426744534513,15309.5303876133,0.001537400776982899,0.9997233061469502,1.7126021597517191
50,0.1,2,4,-1,2,GA,84.30380987163315,15425.210716115316,0.001470106956366528,0.9997354157564401,10.843010313060532
50,0.1,2,8,-1,0,HEFT,35.6817030206843,13960.664939171153,0.0013611397221169844,0.99975502486133,2.263357721346103
50,0.1,2,8,-1,0,GA,49.972575396378744,15167.989422192162,0.0013398736672015248,0.9997588518208013,5.549683876886379
50,0.1,2,8,-1,1,HEFT,34.276816438735985,13209.88853268194,0.0012815651362484868,0.9997693448804582,3.2179008383795593
50,0.1,2,8,-1,1,GA,49.430813824311734,14741.07944904164,0.0012914368632955702,0.9997675683810218,5.224754831437225
50,0.1,2,8,-1,2,HEFT,36.591215800173735,14625.602516929128,0.0014357681912289986,0.9997415951178725,2.3047895554077638
50,0.1,2,8,-1,2,GA,57.28024664338799,16160.81272876745,0.0013775076293284503,0.9997520793641219,9.526635734547412
50,0.1,2,16,-1,0,HEFT,24.825849737887864,15357.02889261942,0.0013682772277706654,0.9997537404258691,4.224464256995594
50,0.1,2,16,-1,0,GA,47.753492455657124,21702.130056613612,0.0016193100135823578,0.9997085666724993,6.7386579719321755
50,0.1,2,16,-1,1,HEFT,23.349305859775594,12250.734338929724,0.001003574627112766,0.9998193728821623,6.341502733628853
50,0.1,2,16,-1,1,GA,38.353668034307645,16325.146664207161,0.0011577832560232678,0.9997916207278926,7.930028222311066
50,0.1,2,16,-1,2,HEFT,24.1763562363043,12675.895083525344,0.0010379889775393952,0.9998131794371784,5.96603490168027
50,0.1,2,16,-1,2,GA,34.50616567286302,15602.002392463028,0.0011597956825934533,0.9997912585666585,6.169718644993836
50,0.1,2,32,-1,0,HEFT,19.972491998271085,15494.68171013868,0.001011013537829791,0.99981803412099,4.991375979751874
50,0.1,2,32,-1,0,GA,28.24867193172128,20409.730055384065,0.0012354315288892886,0.9997776470488821,4.1250907141898505
50,0.1,2,32,-1,1,HEFT,24.06578020483193,17341.050111030294,0.0010464845623223294,0.9998116505187724,5.181105039072926
50,0.1,2,32,-1,1,GA,36.52372490139736,24564.009359515225,0.0013616148575424597,0.999754939357908,5.302574311231457
50,0.1,2,32,-1,2,HEFT,25.297276970378057,18563.35592288114,0.0011433076958987033,0.9997942257891561,7.046276481386252
50,0.1,2,32,-1,2,GA,35.24471469838763,24061.164066026395,0.0013601025351221633,0.9997552115092714,6.456916006316669
50,0.1,4,4,-1,0,HEFT,67.30040001141886,14673.490877823297,0.001478433033239689,0.9997339174602571,0.7395745751431871
50,0.1,4,4,-1,0,GA,69.74680742193362,14285.655701826166,0.0014131536105391927,0.9997456646988113,3.2478049712231125
50,0.1,4,4,-1,1,HEFT,68.47148154475427,14801.872411947455,0.0014877572736174743,0.9997322395449794,0.434171018473349
50,0.1,4,4,-1,1,GA,74.86255613292548,14667.457602562206,0.0014307564480855021,0.9997424969989346,6.290337366178098
50,0.1,4,4,-1,2,HEFT,69.30161697188326,15162.046936225104,0.0015291433232008664,0.999724792078473,0.33290447785221106
50,0.1,4,4,-1,2,GA,74.62716489911406,14573.387879206399,0.0014200625276548997,0.9997444214107958,9.270476009019589
50,0.1,4,8,-1,0,HEFT,31.32244575906479,13271.318954162614,0.0013261452404770536,0.9997613223447588,1.2248659731414004
50,0.1,4,8,-1,0,GA,39.79174420661332,14076.254406194816,0.0013250965067648497,0.9997615110717892,6.061516407136486
50,0.1,4,8,-1,1,HEFT,34.696877764062904,14802.423558831773,0.0014821089526462188,0.9997332559710396,1.2388629336531434
50,0.1,4,8,-1,1,GA,45.522065922196575,15636.827858827426,0.0014556472261365058,0.9997380178226215,8.42664512317064
50,0.1,4,8,-1,2,HEFT,33.00288019837738,14255.092999894241,0.0014324052326679605,0.999742200294176,0.4836564580947685
50,0.1,4,8,-1,2,GA,44.42391106370572,15019.846812913573,0.0013895544380875741,0.9997499114784933,8.497107592391796
50,0.1,4,16,-1,0,HEFT,17.33884089991806,13627.509956170732,0.0013305494190421789,0.9997605297821432,1.2835269211901286
50,0.1,4,16,-1,0,GA,30.07903404575355,16308.599828304265,0.0013609076604030469,0.9997550666222058,7.390192752993747
50,0.1,4,16,-1,1,HEFT,13.526913941130315,10339.118059397548,0.001000252013268802,0.9998199708448057,0.8676749481089205
50,0.1,4,16,-1,1,GA,20.369836284091928,11992.089670231802,0.0010440673260576426,0.9998120855394439,3.7068633216950384
50,0.1,4,16,-1,2,HEFT,17.38381441212545,13281.098406869613,0.0012846777829123419,0.9997687847334469,1.0948551482589672
50,0.1,4,16,-1,2,GA,34.23671262266148,17179.734162583725,0.0013703211032342017,0.9997533726189517,7.550027003099614
50,0.1,4,32,-1,0,HEFT,13.535074557857765,14071.243504493505,0.0011464825418961396,0.9997936544346339,4.2715918592033635
50,0.1,4,32,-1,0,GA,22.233966365305807,18808.795941438628,0.0013269964931732817,0.9997611691558562,5.6727397340452335
50,0.1,4,32,-1,1,HEFT,12.744286514268996,13168.215363575178,0.0010690451346377114,0.9998075903888689,3.596666979008245
50,0.1,4,32,-1,1,GA,19.525454631177737,17123.347861608523,0.001243614119281172,0.9997761745111923,4.690423837973337
50,0.1,4,32,-1,2,HEFT,12.465030068126051,13403.534105288967,0.001113302656218161,0.999799625599513,3.1906709461315566
50,0.1,4,32,-1,2,GA,23.05642578593114,18784.64555600217,0.0012830721000264358,0.9997690736895815,5.290259660260611
50,0.5,0.8,4,-1,0,HEFT,74.07400744360312,13393.60728063563,0.0012710665275636537,0.9997712341959265,4.2779166427106
50,0.5,0.8,4,-1,0,GA,91.1599363247432,13876.716949225076,0.001227524548531964,0.9997790699898939,8.39118748931906
50,0.5,0.8,4,-1,1,HEFT,91.89995457121242,17409.120061238686,0.0016793181190982547,0.9996977684197307,7.340069223563668
50,0.5,0.8,4,-1,1,GA,107.09021512844642,17387.923029237216,0.0015823763182263289,0.9997152128222877,15.301408207680813
50,0.5,0.8,4,-1,2,HEFT,69.57801019529315,13134.563359004937,0.0012654804741125145,0.9997722394560311,5.087187206750242
50,0.5,0.8,4,-1,2,GA,98.73162695945942,14416.401039206594,0.0012502949541540753,0.9997749722307995,4.040351944407621
50,0.5,0.8,8,-1,1,HEFT,74.17181034446494,19676.916191703745,0.001622276795689291,0.9997080328074943,12.927357608479563
50,0.5,0.8,8,-1,1,GA,95.50689260956858,22196.02200581274,0.0016831214877641029,0.9996970840205145,10.454640148953024
50,0.5,0.8,8,-1,2,HEFT,59.213830714959435,14769.80385763614,0.001173808282816542,0.9997887368283008,11.184794385405594
50,0.5,0.8,8,-1,2,GA,76.44371261809337,17069.830134993557,0.0012572653389737202,0.9997737178446547,8.545218079983691
50,0.5,0.8,16,-1,0,HEFT,54.56100154215724,19429.679089516016,0.0011568432549640601,0.9997917898928396,11.169930333056966
50,0.5,0.8,16,-1,0,GA,70.3140247726779,23723.23472341045,0.0013207935357953868,0.9997622854221454,9.051556381404739
50,0.5,0.8,16,-1,1,HEFT,48.454972075384134,17420.05214132283,0.0010486689280166767,0.9998112574070815,10.706873684324659
50,0.5,0.8,16,-1,1,GA,60.13275433261206,21096.002125804967,0.001233916446245924,0.9997779197031561,6.563351418635117
50,0.5,0.8,16,-1,2,HEFT,52.33549832520439,18220.97656146821,0.0010558864189959907,0.9998099585047534,11.07461518605847
50,0.5,0.8,16,-1,2,GA,71.63159361499893,23849.079466441268,0.0013043686682637562,0.9997652411998731,5.901327978906228
50,0.5,0.8,32,-1,1,HEFT,53.645179456502206,29100.60680855198,0.001098302053908932,0.9998023251705404,9.758538258270331
50,0.5,0.8,32,-1,1,GA,80.11406226944848,42884.98513979715,0.0015660446031432735,0.9997181516981322,6.28334264518444
50,0.5,1,4,-1,0,HEFT,80.50321539208458,16535.276420418708,0.0016370958761755359,0.9997053661553672,2.9663510743177683
50,0.5,1,4,-1,0,GA,108.49560064999811,16956.40810848095,0.001517909467348972,0.9997268136180748,22.154004596050047
50,0.5,1,4,-1,1,HEFT,66.0931992244957,13221.870643234923,0.001298371715821593,0.9997663203984846,3.905864659072563
50,0.5,1,4,-1,1,GA,85.05510974512545,13615.638108414432,0.0012316528217892005,0.9997783270651542,12.720770761009423
50,0.5,1,4,-1,2,HEFT,64.61851611498449,12371.128840883164,0.00119760207588681,0.9997844548595323,3.5153933670383153
50,0.5,1,4,-1,2,GA,84.46993734176523,13058.424612788776,0.0011632903902304968,0.9997906296507894,9.440222309828409
50,0.5,1,8,-1,0,HEFT,65.79301853207387,15850.182570754765,0.0012317897663663658,0.9997783024205952,7.376219275003824
50,0.5,1,8,-1,0,GA,77.45526287373069,17265.695547282616,0.0012700245880367534,0.999771421702154,8.745277916873203
50,0.5,1,8,-1,1,HEFT,62.07627802292845,17103.66908350145,0.0014398380353101187,0.9997408627355068,11.656650691267098
50,0.5,1,8,-1,1,GA,77.48632846133788,18801.612568163528,0.001468078170009702,0.9997357808414301,12.883220858470779
50,0.5,1,8,-1,2,HEFT,53.399067099323624,15803.651918960028,0.0013795014828714416,0.9997517205595261,7.946225199211009
50,0.5,1,8,-1,2,GA,74.14938756846028,17550.98769691031,0.0013478871434545378,0.9997574097439542,10.424547877974955
50,0.5,1,16,-1,0,HEFT,50.785354151899476,17600.84944387384,0.00101421982515622,0.9998174570944557,9.95803220868905
50,0.5,1,16,-1,0,GA,68.24131984231609,22402.764861120053,0.0012016061306712358,0.9997837342852808,6.944526482404283
50,0.5,1,16,-1,2,HEFT,59.537887668145984,21583.407774183812,0.0013116451346123746,0.9997639317442664,15.210564249969682
50,0.5,1,16,-1,2,GA,75.92501224982303,26302.242904823695,0.001514811440937684,0.999727371110643,8.17339594963456
50,0.5,1,32,-1,0,HEFT,42.949300812733114,23764.36256004934,0.0009395130552919666,0.9998309019487354,8.120861102137013
50,0.5,1,32,-1,0,GA,54.2418564483065,30306.476779638833,0.0012244966283577697,0.9997796148952621,5.246380547570109
50,0.5,1,32,-1,1,HEFT,44.98812635447905,25625.909810402853,0.00107887200132854,0.99980582189477,8.278170490837015
50,0.5,1,32,-1,1,GA,70.3932461494361,38363.01454256206,0.0014640837236664854,0.9997364996520567,5.633553314179672
50,0.5,1,32,-1,2,HEFT,43.36910173725693,24667.962298126746,0.001035429874808796,0.9998136399897188,8.32757252735911
50,0.5,1,32,-1,2,GA,54.44363472048992,30722.922757978788,0.0012682903133476307,0.9997717338002915,5.181204771845629
50,0.5,2,4,-1,0,HEFT,74.00105875924515,15233.3871928099,0.0015092165855770197,0.9997283779105568,2.124456739916671
50,0.5,2,4,-1,0,GA,91.61717478819402,16073.760901402688,0.0015085447689366115,0.9997284988047133,8.708010275426503
50,0.5,2,4,-1,1,HEFT,81.38132216983962,17254.149886116546,0.0017245279614940888,0.9996896331406927,1.9447406662730946
50,0.5,2,4,-1,1,GA,96.99814653983155,17809.072654508047,0.0016993748863819295,0.9996941592992564,12.02116175612239
50,0.5,2,4,-1,2,HEFT,57.251043128113295,12256.81664923444,0.0012285228138352716,0.9997788903418541,1.3865329301056948
50,0.5,2,4,-1,2,GA,69.58346090798082,12638.690731566752,0.0012013804403079682,0.9997837749007618,5.145154122479583
50,0.5,2,8,-1,0,HEFT,42.90315704756876,15883.821055572651,0.0015200410825589213,0.9997264300322294,4.936372749826536
50,0.5,2,8,-1,0,GA,65.8014182422736,18221.64147864009,0.0015380756236927418,0.9997231847081602,6.0946300536119695
50,0.5,2,8,-1,1,HEFT,33.243434070520784,12624.187656585887,0.0012187103340847406,0.9997806561992346,2.075897741543961
50,0.5,2,8,-1,1,GA,53.13607356116603,14572.474201522025,0.0012236965296705535,0.9997797588812964,8.74601696628068
50,0.5,2,8,-1,2,HEFT,40.10560368148749,15756.697192369933,0.0015383151471507928,0.9997231416058723,2.292088551878712
50,0.5,2,8,-1,2,GA,61.401559563986055,17881.56284036843,0.0015487097057139243,0.9997212711050898,8.332825069720213
50,0.5,2,16,-1,0,HEFT,30.44281664420046,15299.538881853521,0.0012215139646210638,0.9997801516565581,5.319026959923287
50,0.5,2,16,-1,0,GA,44.249674523776726,18586.20829980939,0.0013036525570083019,0.9997653700696469,6.215793846622019
50,0.5,2,16,-1,1,HEFT,26.662539493286744,14339.940747822391,0.001191309194458829,0.9997855873346791,5.365058978211454
50,0.5,2,16,-1,1,GA,36.4924319271105,17198.666308654203,0.0013168112892311351,0.9997630020563892,5.4701486484540025
50,0.5,2,16,-1,2,HEFT,28.737619863534327,14024.093961121238,0.0010990272541760529,0.9998021946603043,6.094071019836308
50,0.5,2,16,-1,2,GA,37.43682457029837,16370.046775703366,0.0011863277077785634,0.9997864838104265,6.125681888825091
50,0.5,2,32,-1,0,HEFT,26.807943107640753,18970.094480008323,0.0011209101197253585,0.9997982565314006,6.934539458901736
50,0.5,2,32,-1,0,GA,37.44671823031187,24987.156000470422,0.0013704930490995692,0.9997533416763296,5.361643906057635
50,0.5,2,32,-1,1,HEFT,26.256761943932222,18374.49465732012,0.0010713046603165563,0.9998071837525855,6.247570246908235
50,0.5,2,32,-1,1,GA,33.33438309762153,22342.241358859945,0.0012327956394539113,0.9997781214035958,5.3807895825387355
50,0.5,2,32,-1,2,HEFT,26.477539500849982,18588.27851359691,0.001087972008432884,0.9998041842128962,6.411132231441231
50,0.5,2,32,-1,2,GA,36.70573543240744,24336.44458069781,0.0013231837434952655,0.9997618552871256,5.224350474495855
50,0.5,4,4,-1,0,HEFT,83.91297295001412,18269.014524160288,0.0018399472638965912,0.9996688643300206,0.72449539470338
50,0.5,4,4,-1,0,GA,92.04431480081351,18580.993727816614,0.0018298277283433546,0.9996706852449101,6.942869464579336
50,0.5,4,4,-1,1,HEFT,60.96670788086874,13341.37580653345,0.001345603853779296,0.9997578206364772,0.32007963033871717
50,0.5,4,4,-1,1,GA,65.27827060272126,12998.611523820386,0.0012745806892622438,0.999770601791727,4.5949508965761305
50,0.5,4,4,-1,2,HEFT,58.54925303329341,12830.885115051107,0.0012946409521257135,0.9997669917792502,0.2197890949872152
50,0.5,4,4,-1,2,GA,67.10095578494348,12694.170335900257,0.0012239437284525803,0.9997797143953163,8.690623939547919
50,0.5,4,8,-1,0,HEFT,29.52183986046639,12651.397547649192,0.0012683851319178834,0.9997717167368441,0.7372931043948743
50,0.5,4,8,-1,0,GA,39.29193502981597,13047.22010627441,0.0011983455224046612,0.9997843210680125,7.301276297854869
50,0.5,4,8,-1,1,HEFT,29.694037927778353,12583.006473316182,0.0012574132858203437,0.9997736912202483,0.6473204229014634
50,0.5,4,8,-1,1,GA,38.73408356068068,13656.898865296269,0.0012840344759006363,0.9997689005019422,6.180552904790893
50,0.5,4,8,-1,2,HEFT,32.90785093609653,14023.014212959943,0.0014035995507874258,0.9997473839936564,0.8759836758792036
50,0.5,4,8,-1,2,GA,45.295176137503496,14969.5640636032,0.0013722515703362876,0.9997530252206327,4.5878899445484755
50,0.5,4,16,-1,0,HEFT,18.78860775068092,14219.348667456794,0.0013710511601196457,0.9997532412411304,1.777012838317846
50,0.5,4,16,-1,0,GA,29.35281322427511,17149.446182042797,0.001487558920281909,0.9997322752390206,6.826181414259432
50,0.5,4,16,-1,1,HEFT,18.145962823429684,13834.053332412648,0.001337212980660743,0.9997593306290016,1.7460115624813979
50,0.5,4,16,-1,1,GA,31.861315564624732,16619.210701924087,0.0013568266296532475,0.9997558010280858,7.79247176035382
50,0.5,4,16,-1,2,HEFT,16.038515752953113,12217.611520373772,0.0011806481260732264,0.9997875059173729,1.340744895549573
50,0.5,4,16,-1,2,GA,34.10443618120983,16328.595710549933,0.0012636361710281197,0.9997725713550311,5.317990388494574
50,0.5,4,32,-1,0,HEFT,14.447902284807327,14100.899145529667,0.0011050264429152009,0.9998011150205157,3.788949141145848
50,0.5,4,32,-1,0,GA,22.902202407636196,19009.03797668143,0.0013197147612595776,0.9997624795554216,5.378610041539624
50,0.5,4,32,-1,1,HEFT,13.094075136738457,13006.26854888693,0.0010307679194288585,0.9998144789856543,3.734565671218679
50,0.5,4,32,-1,1,GA,23.698068570238174,18885.587186600773,0.0012642802139055964,0.9997724554536851,4.989622969227481
50,0.5,4,32,-1,2,HEFT,14.714220223382615,14733.409221509248,0.0011735334180530135,0.9997887862935068,3.820331500361659
50,0.5,4,32,-1,2,GA,22.580031492405787,19226.468840719048,0.0013637902774722517,0.9997545478783572,5.620514440751581
50,0.8,0.8,4,-1,0,HEFT,92.60974972849527,17179.245887274636,0.001645216782985383,0.9997039048238946,3.194981288757918
50,0.8,0.8,4,-1,0,GA,108.16688609220982,16895.575092962496,0.0015120884445137498,0.9997278611164928,12.513938410289025
50,0.8,0.8,4,-1,2,HEFT,81.53883001372498,15266.57432705178,0.001466758460774287,0.9997360183263554,4.94395083172972
50,0.8,0.8,4,-1,2,GA,126.28841244595338,18027.840206450714,0.0015459943680936632,0.9997217597297487,8.717912162589128
50,0.8,0.8,8,-1,0,HEFT,68.67192877817182,15705.757343681074,0.0011774227624000745,0.9997880863596361,13.877113009509996
50,0.8,0.8,8,-1,0,GA,104.14663443566975,20515.340759622435,0.0013588196193537645,0.9997554423776077,8.067716262750892
50,0.8,0.8,8,-1,2,HEFT,65.28065592009023,17266.4785737633,0.0014211286311931056,0.9997442295612222,10.748166064725913
50,0.8,0.8,8,-1,2,GA,95.39772313961993,20715.849570138096,0.0014932387789062763,0.9997312531387057,8.376199089986974
50,0.8,0.8,16,-1,0,HEFT,54.31360299970608,20190.91426115238,0.0012613310704404147,0.9997729861788583,11.417837668654416
50,0.8,0.8,16,-1,0,GA,69.3867295541768,24430.67040767721,0.0014351961670898278,0.999741698055617,7.852364750531146
50,0.8,0.8,16,-1,1,HEFT,62.59620575107373,22231.010423473712,0.001319449472773586,0.9997625272960082,7.966621629905331
50,0.8,0.8,16,-1,1,GA,76.37295369554326,26039.355037275192,0.001469734874383836,0.9997354827134791,8.050766283425295
50,0.8,0.8,16,-1,2,HEFT,65.1376224658003,21530.71639845128,0.0011659293133097707,0.9997901547442006,11.626210200738178
50,0.8,0.8,16,-1,2,GA,80.99811481641225,25539.441566108202,0.0012904138916481976,0.9997677524731369,5.042698371678689
50,0.8,0.8,32,-1,1,HEFT,61.65597546233682,32752.838849086453,0.0011727318180296013,0.9997889305510455,10.557262591008083
50,0.8,0.8,32,-1,1,GA,82.06084226019912,43075.78059429639,0.001494110745010327,0.9997310962270001,5.43962077929927
50,0.8,0.8,32,-1,2,HEFT,48.98087291147108,25634.077209239105,0.0008818374691517063,0.9998412818526112,8.57130634015867
50,0.8,0.8,32,-1,2,GA,67.68239444554537,35092.57676288874,0.001176038410309989,0.9997883354902382,5.393073468871239
50,0.8,1,4,-1,0,HEFT,73.11811154532057,14373.085269843363,0.001403542107967439,0.9997473943307517,3.99660680536742
50,0.8,1,4,-1,0,GA,96.45168068651952,15023.759154898193,0.001342904196633754,0.9997583064571967,11.458641623361238
50,0.8,1,4,-1,1,HEFT,75.61848718113531,14437.510631016168,0.00139635959254802,0.9997486868577815,6.22074262406517
50,0.8,1,4,-1,1,GA,90.99521100404432,14545.247322632771,0.0013149195341651996,0.9997633424916575,15.020585889918479
50,0.8,1,4,-1,2,HEFT,68.13903894891844,13304.175255155598,0.0012963180084764228,0.9997666899794907,4.4473584615823425
50,0.8,1,4,-1,2,GA,91.4610996487064,14071.151817329865,0.0012507776529963768,0.9997748853645634,12.340492755642217
50,0.8,1,8,-1,0,HEFT,63.640432059956524,18368.014072568913,0.0015837897409319232,0.9997149584786872,11.491172743826542
50,0.8,1,8,-1,0,GA,102.35457436143572,22785.757974485357,0.0016743822785255202,0.9996986566029102,8.385457530967239
50,0.8,1,8,-1,1,HEFT,66.66430983047184,17610.611629583764,0.001448428667423575,0.9997393168236289,13.204033101597847
50,0.8,1,8,-1,1,GA,94.72909512928274,21413.403669734074,0.0015916551081812576,0.9997135431171377,6.651204499962067
50,0.8,1,8,-1,2,HEFT,53.808602205073925,14615.763671251538,0.0012209480438713745,0.9997802534999025,5.832494252000007
50,0.8,1,8,-1,2,GA,70.010899796674,16432.074302444635,0.0012546547702795778,0.9997741876407995,9.408339034129575
50,0.8,1,16,-1,0,HEFT,50.614259373405254,18139.197770227773,0.0010880180840483157,0.9998041759209103,12.022590604642575
50,0.8,1,16,-1,0,GA,66.66107885376366,22391.66815069501,0.0012393722236140041,0.9997769378818044,7.688294921480291
50,0.8,1,16,-1,1,HEFT,51.18065048303334,18266.956441787508,0.001090474360341745,0.9998037338778548,9.55752056199
50,0.8,1,16,-1,1,GA,64.10747626327388,21963.089301680833,0.0012473454598362075,0.9997755030204486,8.28048629967008
50,0.8,1,16,-1,2,HEFT,55.699502461628555,19281.954035231938,0.0011095154473642452,0.9998003071607434,10.94866606332903
50,0.8,1,16,-1,2,GA,67.7062861191507,22940.577163132453,0.0012843630785859838,0.9997688413671295,5.064492708608075
50,0.8,1,32,-1,0,HEFT,55.60777979987449,30149.383714636868,0.0011364336268068558,0.9997954628677472,10.94322832903015
50,0.8,1,32,-1,0,GA,67.83524947921588,37061.03584661273,0.001422777783797653,0.999743932789722,5.331111917993091
50,0.8,1,32,-1,1,HEFT,44.073128834584594,23921.12309085242,0.000904010545009294,0.9998372913403882,7.647535888653945
50,0.8,1,32,-1,1,GA,52.669524331920634,29092.108329211114,0.0011456086544901277,0.9997938117019214,4.095590226996308
50,0.8,1,32,-1,2,HEFT,59.04308845188866,32437.830678829952,0.0012616646916414345,0.9997729261406774,9.933897161283836
50,0.8,1,32,-1,2,GA,74.75835134588185,40581.48456048827,0.0015341443984069295,0.9997238921330817,6.584899559357877
50,0.8,2,4,-1,0,HEFT,61.46893850580615,13186.168505314792,0.0013224366223560848,0.9997619897369138,0.5434898020675157
50,0.8,2,4,-1,0,GA,83.91231661361323,14337.44592144734,0.001331996734366138,0.9997602693278049,8.196300873261162
50,0.8,2,4,-1,1,HEFT,84.11711781698536,17741.26012327365,0.0017704959261057305,0.999681361509331,2.6323883678045483
50,0.8,2,4,-1,1,GA,107.32500974552354,19151.015597441456,0.001808709965071877,0.9996744851977302,1.9583768467082694
50,0.8,2,4,-1,2,HEFT,65.36535603284159,13523.946862930366,0.0013419134074100733,0.9997584847561692,3.5232489889655403
50,0.8,2,4,-1,2,GA,77.22613422722317,13611.904517652005,0.001279722231879237,0.9997696765267867,6.186562466554397
50,0.8,2,8,-1,0,HEFT,36.23534409648006,12570.209160371633,0.0011746274066033006,0.999788589417179,4.01838190602328
50,0.8,2,8,-1,0,GA,57.73717089473147,15078.675329260011,0.001232029318264314,0.999778259310814,4.062312545120484
50,0.8,2,8,-1,1,HEFT,38.53067159244942,13395.083001334577,0.0012527310760283503,0.9997745338276336,5.710707274926377
50,0.8,2,8,-1,1,GA,54.355145028234304,14881.471002119764,0.0012484983306730324,0.9997752955503063,9.66594508766182
50,0.8,2,8,-1,2,HEFT,36.280494935374676,13375.980831102845,0.0012781722632179426,0.9997699554569254,1.6628758490992794
50,0.8,2,8,-1,2,GA,59.412598490153094,15881.33883997734,0.0013149521169150702,0.9997633366281504,9.194284830916411
50,0.8,2,16,-1,0,HEFT,30.0074693819839,14231.67817111248,0.0010943467764562755,0.9998030369800008,7.536389268931911
50,0.8,2,16,-1,0,GA,43.65492251848214,17007.188264669174,0.0011143983386460727,0.9997994284162142,5.540617909616894
50,0.8,2,16,-1,1,HEFT,29.529191429895874,14255.182227607691,0.0011092477355384605,0.9998003553392509,4.342106147014962
50,0.8,2,16,-1,1,GA,40.6547906659363,17136.64858683369,0.0012055463538725992,0.9997830251987403,6.943457237233532
50,0.8,2,16,-1,2,HEFT,27.42344608353854,13188.495687639474,0.001023668480568485,0.9998157566483893,6.659862689496349
50,0.8,2,16,-1,2,GA,41.51227457764725,16953.242294011383,0.0011605795316670686,0.999791117503287,5.655477847388443
50,0.8,2,32,-1,0,HEFT,29.514697187808313,19538.046381315267,0.0010600003438238858,0.9998092181392859,7.077772844837518
50,0.8,2,32,-1,0,GA,37.07562953661862,23936.67622110278,0.001253182749230133,0.9997744525447916,5.495450185890723
50,0.8,2,32,-1,1,HEFT,28.755310734156588,18211.554814540337,0.0009262939912951174,0.9998332809807271,5.96342998563869
50,0.8,2,32,-1,1,GA,37.47378729107924,23272.65602154536,0.0011476384627611027,0.9997934464118331,4.202652600084394
50,0.8,2,32,-1,2,HEFT,27.91615768465161,18832.309802965025,0.0010481272935476496,0.9998113548828899,6.761751546875859
50,0.8,2,32,-1,2,GA,37.78746836769162,24637.435722790447,0.0013084041175189748,0.9997645149897959,4.684927090291307
50,0.8,4,4,-1,0,HEFT,64.88817266472955,14124.39813680338,0.0014224503680744652,0.9997439917094628,0.5189477754265223
50,0.8,4,4,-1,0,GA,74.03929705488707,13961.876546011345,0.0013447015875163782,0.9997579830050859,2.2886564463801955
50,0.8,4,4,-1,1,HEFT,51.70815453685648,11312.412763294658,0.0011408813107914146,0.9997946624486984,0.23144915930096047
50,0.8,4,4,-1,1,GA,54.16671341211698,11237.097528363192,0.0011159037835376715,0.9997991574905211,3.026251104801035
50,0.8,4,4,-1,2,HEFT,69.08280111358276,15139.720623030591,0.0015276157841832836,0.9997250669598635,0.11081377887916745
50,0.8,4,4,-1,2,GA,83.80785790127055,16332.789523779704,0.001590440871384847,0.9997137616171758,10.840167262806474
50,0.8,4,8,-1,0,HEFT,34.26565514176598,14325.926695131986,0.0014258945480003168,0.9997433719159814,0.9340733119722899
50,0.8,4,8,-1,0,GA,41.339158174304075,14853.825494742707,0.0014063651563319787,0.9997468863105367,4.726316778639819
50,0.8,4,8,-1,1,HEFT,35.26246529835355,14853.837431703414,0.0014817365326952809,0.9997333229887517,0.8326342038369711
50,0.8,4,8,-1,1,GA,50.73230093405854,16180.475663494872,0.0014612628906750975,0.9997370072683311,8.074985329645099
50,0.8,4,8,-1,2,HEFT,36.516179677271204,15468.055608800667,0.0015455429405403917,0.9997218409641033,1.6392226420313494
50,0.8,4,8,-1,2,GA,52.47272467879492,17054.332683025546,0.001552577663289565,0.9997205750670287,8.566385077280456
50,0.8,4,16,-1,0,HEFT,19.237218582398732,13852.78550995068,0.0013125632483372252,0.9997637665228227,1.4135960777753034
50,0.8,4,16,-1,0,GA,33.104812401228955,16716.79986284225,0.0013385886152204507,0.9997590830744045,7.784605076154437
50,0.8,4,16,-1,1,HEFT,17.30364833157866,12293.411824892186,0.001159058313337091,0.9997913912654277,1.181558847669739
50,0.8,4,16,-1,1,GA,28.284788263995605,14635.892735771156,0.0011893040554372093,0.9997859481823812,5.448200653129282
50,0.8,4,16,-1,2,HEFT,17.523749479383785,13425.278172279173,0.0012998344020978664,0.9997660571765136,1.6707136724812135
50,0.8,4,16,-1,2,GA,32.14811663645111,16482.15212829923,0.0013320043584109326,0.9997602679558065,7.380653208029376
50,0.8,4,32,-1,0,HEFT,16.923546535098048,14665.016463229103,0.0010550871568154334,0.9998101023446154,3.816775659539802
50,0.8,4,32,-1,0,GA,22.959544521270505,18168.19266353515,0.0012082335358355656,0.9997825416110533,4.782756981683918
50,0.8,4,32,-1,1,HEFT,14.464845819178972,14348.890375773995,0.001136226044083885,0.9997955002249949,3.2743164281498665
50,0.8,4,32,-1,1,GA,23.901952961120386,19641.551426279435,0.0013518348177272877,0.9997566993352177,5.414532632277747
50,0.8,4,32,-1,2,HEFT,17.03053140236161,15898.223704170989,0.0012091084813519548,0.9997823841551206,4.361807713271988
50,0.8,4,32,-1,2,GA,25.634863556933624,20709.605191992025,0.0014038524013087225,0.9997473384920608,5.3501353901952
50,1,0.8,4,-1,0,HEFT,87.81433825820761,16187.403944065356,0.0015468108149446242,0.9997216128102168,7.380376824180638
50,1,0.8,4,-1,0,GA,109.25762212073496,17000.750983481365,0.0015189128064193905,0.9997266330663959,4.692222324789613
50,1,0.8,4,-1,1,HEFT,81.41908281491477,14497.913425749854,0.001368190885094825,0.999753755963724,8.443886658260586
50,1,0.8,4,-1,1,GA,106.02173357539263,15512.005801611203,0.0013466359935390643,0.9997576348963311,7.362251759052629
50,1,0.8,8,-1,0,HEFT,53.813948694549055,13731.374978046144,0.0011066196257583248,0.9998008283046799,9.264186635525588
50,1,0.8,8,-1,0,GA,93.73742117168102,18468.047334634975,0.0012234179460146764,0.9997798090153113,7.908550157789537
50,1,0.8,8,-1,1,HEFT,64.29331955089675,15290.974299920865,0.0011781415533636663,0.9997879570046896,12.646026081260715
50,1,0.8,8,-1,1,GA,78.12630350474795,16827.08657544812,0.001205033777647586,0.9997831174424464,11.691491463981277
50,1,0.8,8,-1,2,HEFT,63.3962459475109,15680.768085894373,0.0012396290019293704,0.9997768916720183,7.510841744144971
50,1,0.8,8,-1,2,GA,76.61154582926753,16891.23638884386,0.001232109559332581,0.9997782448706246,5.623165361430862
50,1,0.8,16,-1,0,HEFT,58.266549098086266,19922.334011966872,0.0011285732022137344,0.9997968774557795,12.132974570342311
50,1,0.8,16,-1,0,GA,69.75987713148056,23376.828303167713,0.0012897844824190496,0.9997678657404921,7.741714671258703
50,1,0.8,16,-1,1,HEFT,73.86411921119598,24552.481986234197,0.001339867066884311,0.9997588530085718,15.825037543915933
50,1,0.8,16,-1,1,GA,85.64598989430995,28172.48035502554,0.0015153036557258432,0.999727282536139,7.557126727704524
50,1,0.8,16,-1,2,HEFT,65.35552324325923,21393.902015614127,0.0011428477458537924,0.9997943085631317,10.740069347747584
50,1,0.8,16,-1,2,GA,75.63512357368448,24870.40598391195,0.0013370106276181565,0.9997593670437843,7.6479398988586835
50,1,0.8,32,-1,0,HEFT,58.86627290535909,31172.485483451997,0.0011069556444178435,0.9998007678333688,10.627532251289425
50,1,0.8,32,-1,0,GA,76.49670346876164,39939.7123892103,0.0013649842709568248,0.9997543330123053,5.530555680280364
50,1,1,4,-1,0,HEFT,77.166585293823,14924.553956208543,0.0014496844783081447,0.9997390908366218,3.218706030433786
50,1,1,4,-1,0,GA,105.68578280516802,16177.689900146579,0.0014347251066535547,0.999741782824597,8.529466483568653
50,1,1,4,-1,1,HEFT,91.01062741979773,17610.755192054676,0.0017108843767318328,0.9996920882267517,2.0288110722086334
50,1,1,4,-1,1,GA,122.81415476898428,18991.306969546757,0.0016920190620976115,0.9996954829435556,7.37654330576021
50,1,1,4,-1,2,HEFT,80.08951075009342,14897.58150301097,0.001428072995737272,0.9997429798960947,4.773021337766294
50,1,1,4,-1,2,GA,111.67476712822796,16696.704046298422,0.0014646402098376589,0.9997363995109444,4.464141290247579
50,1,1,8,-1,0,HEFT,59.28687657902311,14737.564318993904,0.0011687369725332925,0.9997896494717192,12.303907163877229
50,1,1,8,-1,0,GA,74.25918376180654,16594.82391978205,0.0012229899584817344,0.9997798860361076,8.730399718145323
50,1,1,8,-1,1,HEFT,58.45768481122673,16273.780882483923,0.0013774991137734053,0.9997520808965421,8.1047694726963
50,1,1,8,-1,1,GA,73.83198378790803,17789.404104624675,0.0013826270879826236,0.9997511580904478,9.6597100746032
50,1,1,8,-1,2,HEFT,56.867285553850245,15279.375485496805,0.0012687488465538993,0.9997716512831581,11.498788706032688
50,1,1,8,-1,2,GA,86.54076121626682,18283.54695627412,0.0012888415865003242,0.9997680354223738,8.064400772829492
50,1,1,16,-1,0,HEFT,53.84152567036925,19575.332981783475,0.001193509050784571,0.9997851914455207,15.179213594188186
50,1,1,16,-1,0,GA,71.13973505236295,24507.55596882866,0.0014016442944153708,0.9997477358509579,8.097312402669786
50,1,1,16,-1,1,HEFT,60.70920382372587,20504.51220629998,0.0011431970377447824,0.9997942457035249,13.72905419440495
50,1,1,16,-1,1,GA,77.66153849508493,24818.14125788262,0.0012799904220705833,0.9997696282636717,7.690352268060266
50,1,1,16,-1,2,HEFT,51.87638531572325,18228.17004267953,0.0010682046591809645,0.9998077416453539,10.122081360648934
50,1,1,16,-1,2,GA,64.3147101737484,22117.76531218922,0.0012621887543707406,0.9997728318308099,7.444841032960944
50,1,1,32,-1,0,HEFT,54.505282670189374,28998.543474819548,0.0010424437893367994,0.9998123777211807,9.821226961100573
50,1,1,32,-1,0,GA,65.50723716622916,34779.92039878738,0.001243558310976148,0.999776184554439,5.462772337599198
50,1,1,32,-1,1,HEFT,57.515237346642515,30220.092140297354,0.0010509355296106754,0.9998108494958822,8.832722772592188
50,1,1,32,-1,1,GA,71.06336188970006,37138.91776612502,0.001272685633136977,0.9997709428236365,5.527968693911574
50,1,1,32,-1,2,HEFT,50.817883944321494,26828.294206960385,0.0009449905390621359,0.9998299161688642,9.299534990701037
50,1,1,32,-1,2,GA,59.26910668623875,31437.655238322797,0.0011212297507502734,0.9997981990094248,5.46494042312749
50,1,2,4,-1,0,HEFT,64.13938388146708,13383.759907861968,0.0013314043257818538,0.9997603759357923,2.0980552865802578
50,1,2,4,-1,0,GA,79.61210684172524,13697.919640880242,0.0012760385675035441,0.9997703394338756,10.969311561624814
50,1,2,4,-1,1,HEFT,52.69051971485594,11143.825508802915,0.001113007824611089,0.99979967865857,0.6687737168969536
50,1,2,4,-1,1,GA,70.69738696481056,12163.9801768953,0.0011331402587318338,0.999796055552925,4.017101730042571
50,1,2,4,-1,2,HEFT,63.29905223860096,13407.811943760214,0.0013397231829854483,0.9997588789014286,2.112183076348339
50,1,2,4,-1,2,GA,74.03938208828686,13460.52411638109,0.0012799268444629616,0.9997696397050049,6.888474030317129
50,1,2,8,-1,0,HEFT,38.70905586460626,13286.789776120057,0.0012365271851573457,0.9997774498746256,4.3471736430348775
50,1,2,8,-1,0,GA,53.85120553386261,14684.540054104229,0.0012293054680689172,0.9997787494952515,9.116470906246759
50,1,2,8,-1,1,HEFT,39.45654420629802,14241.02369211688,0.0013505420475855648,0.9997569319772541,3.4150333621406035
50,1,2,8,-1,1,GA,64.41432061721002,16949.228059097048,0.0013908854366724657,0.9997496719586927,9.727223756255393
50,1,2,8,-1,2,HEFT,37.93938850207245,13875.692122949667,0.0013221590215440197,0.9997620396931677,3.4010594487395163
50,1,2,8,-1,2,GA,56.675562006412655,15588.693971514296,0.001311090441718176,0.9997640315654222,7.047966000892939
50,1,2,16,-1,0,HEFT,31.98681030130456,15265.509679667339,0.0011788168090202666,0.9997878354844514,5.405279309539908
50,1,2,16,-1,0,GA,39.9077034708578,17428.32071312366,0.001261762486656197,0.9997729085415713,4.462711352607302
50,1,2,16,-1,1,HEFT,35.292604532604926,16303.414087651996,0.0012309087877767247,0.9997784609615984,7.1470787334173975
50,1,2,16,-1,1,GA,49.599663999943665,20069.73399225562,0.0013626096258742163,0.9997547603435041,7.772929893074964
50,1,2,16,-1,2,HEFT,34.97109963832438,17764.28473539475,0.0014276270807282263,0.9997430601401703,6.151568494065414
50,1,2,16,-1,2,GA,49.849480473573124,20812.35240834997,0.0014523581598738923,0.9997386096996215,9.690665529669452
50,1,2,32,-1,0,HEFT,25.63021104906368,16496.060098469505,0.0008596975524068544,0.9998452664130434,5.466443132061059
50,1,2,32,-1,0,GA,34.42960576972866,21461.18442556575,0.0010646273656317756,0.9998083854346026,4.008256152277117
50,1,2,32,-1,1,HEFT,28.78714064380033,19180.40175049046,0.0010498888557197842,0.9998110378615648,6.883959426063071
50,1,2,32,-1,1,GA,43.462212267917096,27184.50212487583,0.0013559447821699822,0.9997559597218841,4.828074948090244
50,1,2,32,-1,2,HEFT,31.446094744611617,20838.86494231846,0.0011322434832542116,0.9997962169396039,5.72405622079919
50,1,2,32,-1,2,GA,40.24885720502048,25397.492215135622,0.0012844872155565582,0.99976881902764,4.857118325967639
50,1,4,4,-1,0,HEFT,53.204869227239165,11515.06661175668,0.0011577820269831009,0.9997916209490736,0.48360276674342717
50,1,4,4,-1,0,GA,56.66365792979043,11096.78946989694,0.0010822912001636948,0.999805206558677,6.028656992319623
50,1,4,4,-1,1,HEFT,72.70848450609786,15623.065310075066,0.0015675785599202027,0.9997178756637716,1.3058454833736675
50,1,4,4,-1,1,GA,78.184736300351,15423.34328056471,0.0015078134287012737,0.9997286304102231,5.577181203480788
50,1,4,4,-1,2,HEFT,53.80517593098208,11691.58497597433,0.0011768651849208259,0.9997881867023187,0.3360897113534739
50,1,4,4,-1,2,GA,56.04202034359278,11517.00674646409,0.0011404379547766974,0.9997947422363982,2.044869235437596
50,1,4,8,-1,0,HEFT,35.93954420200495,15097.48134624451,0.0015048171967509088,0.9997291695857637,1.6124327161810592
50,1,4,8,-1,0,GA,47.79915227966657,16095.150227135704,0.0014866190708382057,0.9997324443666432,6.659294138821388
50,1,4,8,-1,1,HEFT,33.69996510960036,13899.768053013111,0.0013778516023890796,0.9997520174643227,1.7223540081280346
50,1,4,8,-1,1,GA,42.949356289504394,14785.875978519296,0.0013776146995771155,0.9997520600962553,5.776048262788929
50,1,4,8,-1,2,HEFT,40.3080610401414,16260.932482034794,0.001600950726380003,0.9997118703865635,1.4933072041223046
50,1,4,8,-1,2,GA,52.89577914871274,17575.53959951439,0.001614669870960978,0.999709401655108,9.868739837499
50,1,4,16,-1,0,HEFT,20.903316116125165,13835.943665568742,0.0012690577482264481,0.9997715956935553,1.9346113135878695
50,1,4,16,-1,0,GA,33.83131605193168,16802.749034704124,0.0013316713634022278,0.9997603278805404,5.91821078943111
50,1,4,16,-1,1,HEFT,19.392505864645884,12948.32007985847,0.0011918551619956668,0.9997854890815983,1.464704193192065
50,1,4,16,-1,1,GA,27.519243601808572,14736.914100472313,0.0012213461665277862,0.9997801818535744,5.61892614616544
50,1,4,16,-1,2,HEFT,19.456993089608343,13733.204895210529,0.0012916617857888534,0.9997675279043846,1.8064464927640562
50,1,4,16,-1,2,GA,34.129758966996015,16362.846510492785,0.001267433176851363,0.999771888049655,6.198935384457546
50,1,4,32,-1,0,HEFT,16.87217402450444,14970.98739484917,0.0010971669986355901,0.9998025294401237,3.6029359866483466
50,1,4,32,-1,0,GA,25.39987893177784,19582.753561229885,0.0012699224872644952,0.9997714400760924,4.1664788377012885
50,1,4,32,-1,1,HEFT,15.51319708570371,14541.938716925557,0.001109156464601464,0.9998003717647395,4.160287953150242
50,1,4,32,-1,1,GA,21.871784130577968,18233.716839104127,0.0012706655985739264,0.9997713063466381,4.733682242811384
50,1,4,32,-1,2,HEFT,17.41982162597646,15752.812588226152,0.0011710078919704384,0.9997892407922884,3.6420902445971084
50,1,4,32,-1,2,GA,24.251916710099298,19729.40067956123,0.0013458223078660334,0.9997577813242648,5.5289341142854385
50,2,0.8,4,-1,0,HEFT,112.02285904323386,17652.876584311205,0.0015860180039064572,0.9997145575057592,15.719869958472735
50,2,0.8,4,-1,0,GA,140.25660676329255,18409.33363845489,0.0015086584643174226,0.9997284783451013,4.510286134311795
50,2,0.8,4,-1,1,HEFT,119.68826106767078,18704.04746564055,0.0016742908183969446,0.9996986730607725,13.810660431889287
50,2,0.8,4,-1,1,GA,186.25178673478473,22934.80446463385,0.0018081031913907218,0.9996745943814466,14.103871262136067
50,2,0.8,4,-1,2,HEFT,85.5802458400833,14301.688541191497,0.0013170331706547156,0.9997629621271986,7.699872974555821
50,2,0.8,4,-1,2,GA,123.85535612439972,16421.828406775196,0.0013535880249100785,0.9997563838347547,12.06258970486876
50,2,0.8,8,-1,0,HEFT,73.85625068647443,17492.47850694111,0.0013439636228733285,0.9997581158065826,10.845561953729062
50,2,0.8,8,-1,0,GA,90.57707772376081,19541.86493614449,0.0014013521285094902,0.9997477884275561,10.55880047500702
50,2,0.8,8,-1,2,HEFT,86.04092334874265,18240.09500232997,0.00128942717840448,0.9997679300402872,15.974969071357277
50,2,0.8,8,-1,2,GA,98.05067050861439,19402.4015996691,0.001290637885121721,0.999767712163676,10.721202149210002
50,2,0.8,16,-1,1,HEFT,82.81028307987964,25359.11784178411,0.0012221632416598476,0.9997800348123915,13.087551838595282
50,2,0.8,16,-1,1,GA,110.0516390232196,31924.030589570815,0.0013945886171980173,0.9997490055532829,8.427947084395663
50,2,0.8,16,-1,2,HEFT,76.27066986141214,23474.039460195636,0.0011408360267189286,0.9997946705981577,15.593055930243231
50,2,0.8,16,-1,2,GA,121.01251686790124,34706.69339040696,0.0014822080299444341,0.9997332381418831,7.385019291538295
50,2,0.8,32,-1,1,HEFT,71.52893591728815,35346.0025864558,0.0010179445987360653,0.9998167867578238,9.290632760777424
50,2,0.8,32,-1,1,GA,87.99774588737033,43752.97206855734,0.0012870591276236607,0.999768356190599,5.986340351583585
50,2,0.8,32,-1,2,HEFT,64.45856876925794,32753.702038791624,0.0010337999523768186,0.9998139333211243,10.063670062711333
50,2,0.8,32,-1,2,GA,91.35628768693388,45489.74208344934,0.0013448226888458311,0.9997579612121231,4.604522932382718
50,2,1,4,-1,0,HEFT,88.00373954536872,14948.809955608649,0.0013856111702107174,0.9997506210894533,8.282761985088163
50,2,1,4,-1,0,GA,110.45455533891419,15709.311917700592,0.001344637372278128,0.9997579945610315,18.55715918047116
50,2,1,4,-1,1,HEFT,87.74840630396446,14800.828843023153,0.0013680756253789225,0.9997537767053636,3.8260832672804583
50,2,1,4,-1,1,GA,104.78965081736357,15375.437460431101,0.0013366323283201097,0.9997594351212745,7.664373608324979
50,2,1,4,-1,2,HEFT,112.16977311880042,18279.919830268154,0.0016661202481351078,0.9997001433213393,9.461800621241155
50,2,1,4,-1,2,GA,122.82611625149552,18296.89360400539,0.0016022273932730757,0.9997116406527621,15.850185304104306
50,2,1,8,-1,0,HEFT,87.2224714411243,19205.203699417332,0.0013994633644792507,0.9997481283193931,16.504181517075896
50,2,1,8,-1,0,GA,107.27502986689142,20859.19411412272,0.0013644433135531198,0.9997544303607219,6.954762134235898
50,2,1,8,-1,1,HEFT,75.9690995746726,16688.056058922128,0.0012138271963505888,0.9997815349716175,15.034395998391561
50,2,1,8,-1,1,GA,92.61487612591336,18697.914318996573,0.0012670395621329313,0.9997719588841455,10.696163044410374
50,2,1,8,-1,2,HEFT,77.54752991127727,16839.462412496003,0.0012138113102084477,0.9997815378304981,14.25969359625106
50,2,1,8,-1,2,GA,92.53005874017518,18540.62724934359,0.0012477702338871798,0.9997754265782868,9.377295235882743
50,2,1,16,-1,0,HEFT,56.44024506965039,18968.364385623772,0.00105062497832699,0.9998109053845421,11.76964314681482
50,2,1,16,-1,0,GA,87.40212898851642,26869.525929606752,0.0013034001503632556,0.9997654154921842,6.968630010636809
50,2,1,16,-1,1,HEFT,62.08206630535686,18742.1238286268,0.0008814427775191582,0.9998413528858315,13.300189288553003
50,2,1,16,-1,1,GA,77.61753076311676,23047.809595331553,0.0010523570657381307,0.9998105936678118,6.6063624977123645
50,2,1,16,-1,2,HEFT,66.59290671927735,21060.075204543347,0.0010690228830028548,0.9998075943933925,11.684496503293978
50,2,1,16,-1,2,GA,80.25315658738276,25201.57761701018,0.0012652418026140426,0.9997722824071174,7.186494303279426
50,2,1,32,-1,0,HEFT,57.871062643495165,29538.877754507033,0.0009452699870032158,0.9998298658767906,10.309298615220557
50,2,1,32,-1,0,GA,77.27417171040943,38566.52793073334,0.0011489981904310221,0.9997932017114368,4.696237080636403
50,2,1,32,-1,1,HEFT,59.659052174207524,31092.275517761307,0.0010572609150989168,0.9998097111425038,10.52255504814804
50,2,1,32,-1,1,GA,79.5249443865291,40843.12191863547,0.0013314655393033982,0.9997603649199992,4.716499292260357
50,2,1,32,-1,2,HEFT,70.09760697731758,34744.19716582874,0.0010112036287517803,0.9998179999108505,10.114717227630479
50,2,1,32,-1,2,GA,95.41879724008045,46697.37483114905,0.0012992967300979518,0.999766153934837,6.543336940866623
50,2,2,4,-1,0,HEFT,67.97056106592177,14595.698912773973,0.0014642263542131429,0.9997364739853234,1.3573938249835829
50,2,2,4,-1,0,GA,85.1570606283952,14876.091814020334,0.0013938698842192977,0.9997491348927557,11.090251440782016
50,2,2,4,-1,1,HEFT,56.11684022202404,11819.910559991007,0.0011791088151594127,0.9997877829344992,1.421617744438583
50,2,2,4,-1,1,GA,67.29914921789576,12111.317633556167,0.001147410655180513,0.9997934874087289,5.059360887061845
50,2,2,4,-1,2,HEFT,71.4808127980347,14546.47611351616,0.0014360978164354643,0.9997415358006692,2.9690143560844686
50,2,2,4,-1,2,GA,92.09757603754804,15509.11803342791,0.0014326142614503364,0.9997421626786959,12.192424645719315
50,2,2,8,-1,0,HEFT,43.557757544835965,12911.905723381622,0.0011279536174518565,0.9997969889583896,3.742358943515849
50,2,2,8,-1,0,GA,53.086031153351776,13845.240343662583,0.0011303593479251694,0.9997965560149084,6.261198655264104
50,2,2,8,-1,1,HEFT,48.89275973311118,15354.820960710345,0.0013774051713606815,0.9997520978019834,6.083591342164465
50,2,2,8,-1,1,GA,71.89447998942416,17666.03018342339,0.001390718359746598,0.9997497020250123,6.055670329406966
50,2,2,8,-1,2,HEFT,41.57314320258262,14262.636659706815,0.0013270820300076076,0.9997611537629042,4.98747107568265
50,2,2,8,-1,2,GA,71.63816646504371,17356.87048721275,0.0013539543290140247,0.9997563179160808,6.766782537641659
50,2,2,16,-1,0,HEFT,40.90768556795102,17263.32065460366,0.0012156388921908349,0.999781208937662,9.08602838799553
50,2,2,16,-1,0,GA,56.207469421229426,21560.228437789418,0.0013912654145882906,0.999749603579792,7.297152345104865
50,2,2,16,-1,1,HEFT,39.907338696891635,17202.157592274256,0.0012325514938593104,0.9997781653400531,9.176853755171965
50,2,2,16,-1,1,GA,50.906862533838066,20822.95528303778,0.001427498407821818,0.999743083295342,5.503079278602724
50,2,2,16,-1,2,HEFT,46.4606652112934,17774.76305272352,0.0011439683891673368,0.9997941068888458,10.570757739138523
50,2,2,16,-1,2,GA,62.459921579906116,21870.808710554717,0.0012762924763840755,0.999770293740775,8.223338959829844
50,2,2,32,-1,0,HEFT,34.333036216435296,20332.77144266751,0.0009236286221649039,0.9998337606672996,6.589022017208025
50,2,2,32,-1,0,GA,48.036062784826356,27279.04267861815,0.0011412396084295646,0.9997945979683689,4.29406970298134
50,2,2,32,-1,1,HEFT,43.852389246729146,25513.658579739065,0.0011207159055549192,0.9997982914828992,8.451476530651757
50,2,2,32,-1,1,GA,54.61691983160831,31713.530988420425,0.0013876787820520456,0.9997502490122019,6.014560432784327
50,2,2,32,-1,2,HEFT,44.38935055864707,25519.719037829826,0.0010948589694198126,0.9998029448034311,7.380548771995297
50,2,2,32,-1,2,GA,55.32292732945495,31341.112179024967,0.001304535928231818,0.9997652111001476,5.355204563569973
50,2,4,4,-1,0,HEFT,52.278978191790536,11290.132013872968,0.0011344626693368244,0.9997958175675903,1.2227974731149311
50,2,4,4,-1,0,GA,56.91609591099447,11272.659149580693,0.0011034478741412089,0.9998013991064238,4.565497151491978
50,2,4,4,-1,1,HEFT,60.38576766735106,13191.833469101672,0.0013298858683551446,0.9997606491926728,0.5673538757036851
50,2,4,4,-1,1,GA,66.79207165906364,13178.693333904808,0.0012884591594663766,0.9997681042432748,4.75875071093716
50,2,4,4,-1,2,HEFT,68.54873676508204,14753.55801505259,0.0014810360013344515,0.9997334490507785,1.4931217193478037
50,2,4,4,-1,2,GA,71.61797781826388,14270.656227088744,0.0013996115364098294,0.9997481016551629,2.8157424180482264
50,2,4,8,-1,0,HEFT,34.14712108943345,13785.720798381157,0.0013575706942888304,0.999755667129167,1.6989497648663054
50,2,4,8,-1,0,GA,46.119705946175486,14893.11739037233,0.0013521480128603986,0.9997566429738111,4.392683189390589
50,2,4,8,-1,1,HEFT,36.8031789470142,15071.723296408181,0.0014907775345600535,0.9997316960437246,1.0951734559171609
50,2,4,8,-1,1,GA,45.356786654415224,15781.650194801645,0.0014764080976715482,0.9997342818517415,9.072437591430926
50,2,4,8,-1,2,HEFT,39.284249770565616,16471.024235352335,0.0016407927981108574,0.9997047009057037,1.853549896887293
50,2,4,8,-1,2,GA,53.43682204308606,17566.629517296627,0.0016068080880052155,0.999710816365809,7.217726083377319
50,2,4,16,-1,0,HEFT,24.34504367382082,15023.054850440722,0.0013370550988458818,0.999759359040889,1.8299620380804626
50,2,4,16,-1,0,GA,32.14406134456824,16544.230056719498,0.0013401253589873897,0.9997588065272061,5.076262506729827
50,2,4,16,-1,1,HEFT,21.57139353976646,14266.01444067579,0.0013080499846305723,0.9997645787187067,1.994311438736884
50,2,4,16,-1,1,GA,32.62736446084718,16569.147740054985,0.001331355783407277,0.999760384671327,6.90461372338492
50,2,4,16,-1,2,HEFT,20.13444060483262,13400.715295842667,0.0012318995736065638,0.9997782826596741,1.6278045106042505
50,2,4,16,-1,2,GA,31.070584848465444,16055.211109020465,0.0013035734907125454,0.9997653842982405,7.5008695031605495
50,2,4,32,-1,0,HEFT,21.686508593888398,15996.389673098056,0.0009907972058197558,0.999821672405208,4.753512394844192
50,2,4,32,-1,0,GA,27.02547103822788,19443.570953086622,0.0011712907072877411,0.9997891898962616,4.517297501643362
50,2,4,32,-1,1,HEFT,21.410320586414045,17591.31513693124,0.0012105622780036495,0.9997821225287035,4.569936541941012
50,2,4,32,-1,1,GA,28.03190472860718,21420.76802620563,0.0013768109315788726,0.9997522047386344,5.296271365077828
50,2,4,32,-1,2,HEFT,22.38265187496085,17731.7106814963,0.001180461545414901,0.9997875394947559,4.357596655374873
50,2,4,32,-1,2,GA,27.639355682899282,20807.500561246336,0.0013170527104667974,0.9997629586108664,5.145532860795615
50,5,0.8,4,-1,0,HEFT,120.5228081529253,17393.12459252353,0.0014997454523492403,0.9997300822529281,21.31848077294872
50,5,0.8,4,-1,0,GA,165.74108323046156,19415.90202463945,0.0014806627945190306,0.9997335162101003,10.592667994882726
50,5,0.8,4,-1,1,HEFT,141.6319805274412,17346.66499975654,0.001362833324862967,0.9997547200875622,32.8590137589491
50,5,0.8,4,-1,1,GA,180.58714972255484,18755.092526727403,0.0013032182609876966,0.999765448224592,23.11688834249283
50,5,0.8,4,-1,2,HEFT,119.183297332907,15483.65981459057,0.001261351620492382,0.9997729824806891,15.01265875452829
50,5,0.8,4,-1,2,GA,151.18028603948747,16524.827095120232,0.0011974384192796946,0.9997844843113737,23.549241942360634
50,5,0.8,8,-1,0,HEFT,111.5705562865057,20775.56903550544,0.0013003611927649727,0.9997659623763806,18.73991487359802
50,5,0.8,8,-1,0,GA,155.08424457823116,25131.660494835894,0.001323459045907714,0.999761805744494,9.885372623431833
50,5,0.8,8,-1,1,HEFT,119.58415080289512,21925.568161412626,0.0013495464708442755,0.9997571111375249,20.436298180454628
50,5,0.8,8,-1,1,GA,152.4762205137702,25273.941309242313,0.0013741891653643893,0.9997526765397252,7.556173747093434
50,5,0.8,16,-1,1,HEFT,129.31281836849698,33746.08652428286,0.001152199663763752,0.9997926255655739,20.538808617485014
50,5,0.8,16,-1,1,GA,178.0798007945579,45130.88216713382,0.0014133798985243794,0.9997456239773344,7.489607625647427
50,5,0.8,16,-1,2,HEFT,103.6360031855493,28136.451456196657,0.0010643848636396887,0.9998084290765976,15.942452312077906
50,5,0.8,16,-1,2,GA,144.07409458750664,37495.592710491386,0.0012704607945336068,0.9997713432029349,8.747139823078992
50,5,0.8,32,-1,0,HEFT,105.57893358421238,49059.94208728788,0.0011004691977972,0.9998019351618269,12.462562398268926
50,5,0.8,32,-1,0,GA,153.66613028000694,69321.1971934987,0.001332481029195869,0.9997601821756382,5.273045565746672
50,5,0.8,32,-1,1,HEFT,108.82979877105238,50113.5370001134,0.001075309337471485,0.9998064630499478,12.041228598320288
50,5,0.8,32,-1,1,GA,160.26117460793623,71460.70098427922,0.001281706709926579,0.9997693194030749,6.65082980922956
50,5,0.8,32,-1,2,HEFT,137.05669913400735,61660.34370427191,0.0011667404698724917,0.999790008766669,16.784838342832174
50,5,0.8,32,-1,2,GA,186.86108823881807,82492.10033042869,0.0013872664659848263,0.9997503232105617,5.487318466976685
50,5,1,4,-1,0,HEFT,119.68093086786713,16389.996874347507,0.001375363332388874,0.9997524652419545,7.069510119017807
50,5,1,4,-1,0,GA,144.32330673357427,17066.304580495555,0.0013099206533958643,0.9997642420776561,11.772370999016902
50,5,1,4,-1,1,HEFT,117.98507421671061,16598.60295751099,0.001412831963192362,0.9997457225806096,14.31027818146353
50,5,1,4,-1,1,GA,160.39387489755106,18323.22412485791,0.0013726509211596197,0.9997529533552403,24.040227732019982
50,5,1,4,-1,2,HEFT,118.3455056553399,17179.268874828293,0.0014856181658103329,0.9997326244813609,13.709920764802645
50,5,1,4,-1,2,GA,141.85970913042252,17683.444444919784,0.0014049326106795224,0.9997471441035196,12.20158399228129
50,5,1,8,-1,0,HEFT,92.93713642823454,17940.173750291222,0.0011651432368450522,0.9997902962082824,15.0133220215517
50,5,1,8,-1,0,GA,138.0928549470805,22850.132433648818,0.0012394338964766267,0.9997769267831661,9.243931479892534
50,5,1,8,-1,1,HEFT,97.76010767703971,18490.698864247744,0.0011764507141152365,0.9997882612912647,19.01952775770776
50,5,1,8,-1,1,GA,134.41038280137573,22443.111501727584,0.0012325212858908935,0.9997781707762808,7.5558321655589324
50,5,1,8,-1,2,HEFT,99.19470014953154,17565.98749745333,0.0010391855662917702,0.9998129640914639,21.600905943490037
50,5,1,8,-1,2,GA,119.70351919825079,19812.365120782866,0.0010750422839471304,0.9998065111102796,7.433213115430623
50,5,1,16,-1,0,HEFT,128.09409114890684,33876.173686346985,0.001199238783689518,0.9997841603156731,18.805412545273935
50,5,1,16,-1,0,GA,185.07050469514584,46398.717781140804,0.00140377013949261,0.9997473532954462,8.155453484220327
50,5,1,16,-1,1,HEFT,121.02383424065702,32567.73344895449,0.0012055758752904833,0.9997830198860385,17.34295557195135
50,5,1,16,-1,1,GA,146.4970443277037,39300.80935177153,0.0014435887391282204,0.9997401877839979,6.518695146727522
50,5,1,16,-1,2,HEFT,103.3044793327201,28826.578766974344,0.0011617724463943264,0.9997909028235115,16.199528944471464
50,5,1,16,-1,2,GA,123.93954765457394,33994.87796880693,0.001317633697561853,0.9997628540579842,7.630802836063469
50,5,1,32,-1,0,HEFT,89.51346539528447,42935.6826826147,0.0011062676964890784,0.9998008916393328,10.812604086591811
50,5,1,32,-1,0,GA,109.41790927377966,51943.707993881486,0.0012825879628876095,0.9997691608141456,5.4145836436953125
50,5,1,32,-1,1,HEFT,103.38057426994527,47648.47211730661,0.0010271746250190726,0.9998151256588639,11.887825416612639
50,5,1,32,-1,1,GA,133.9803878704625,61977.374659026114,0.0013603237360166045,0.9997551717028572,4.697878526362611
50,5,1,32,-1,2,HEFT,101.3443736514607,47730.77819336773,0.0011388292908535954,0.999795031736512,14.17075775022661
50,5,1,32,-1,2,GA,134.62667575388093,61497.181444607995,0.0012662193740462175,0.9997721064843448,6.3906345484757425
50,5,2,4,-1,0,HEFT,80.66224272778389,15107.809440998248,0.0014516824018171346,0.9997387313042843,7.519675152851087
50,5,2,4,-1,0,GA,114.53876184951424,16235.257560254731,0.001387260593214218,0.9997503242673957,7.443319201223473
50,5,2,4,-1,1,HEFT,68.99729368436313,12629.914355252247,0.0012038816871321471,0.9997833247737842,3.5056872141439106
50,5,2,4,-1,1,GA,100.33205046497764,13693.549821825985,0.0011469782169905762,0.9997935652315308,9.75531748784849
50,5,2,4,-1,2,HEFT,94.01680347587096,17514.872250494962,0.0016798534475004074,0.9996976720897458,3.6821898550814924
50,5,2,4,-1,2,GA,125.87704505499698,18288.882294495146,0.0015822718516608904,0.9997152316209155,9.038506850275759
50,5,2,8,-1,0,HEFT,68.01132689520784,15917.238672841262,0.001212939443268903,0.999781694732275,7.33468106367952
50,5,2,8,-1,0,GA,79.7792913107261,16889.272745776438,0.00119256599224118,0.9997853611596094,8.356300780285983
50,5,2,8,-1,1,HEFT,57.46690560935321,13455.95350436111,0.0010257274632898194,0.9998153860998513,7.354165730897984
50,5,2,8,-1,1,GA,78.95665701760097,15930.246127179196,0.0010788639603991604,0.999805823341856,7.464087034681117
50,5,2,8,-1,2,HEFT,76.60385664239395,18150.3557085028,0.0013948818437768714,0.999748952785747,8.01154713192681
50,5,2,8,-1,2,GA,95.26093830043143,20079.236511880634,0.0014126855859223795,0.999745748921819,10.010483385359878
50,5,2,16,-1,0,HEFT,59.444364442106576,20543.186458578384,0.0011795695717950806,0.9997877000159083,12.858881146625157
50,5,2,16,-1,0,GA,72.94514369232157,23828.80299532369,0.0012691647811883654,0.9997715764320225,7.665156848219855
50,5,2,16,-1,1,HEFT,69.21824073246071,22656.65980599447,0.001210175398625583,0.9997821921518218,13.736276972424383
50,5,2,16,-1,1,GA,90.374520450228,27400.3905656887,0.0012982535709618764,0.9997663416595897,8.688341270978963
50,5,2,16,-1,2,HEFT,84.7937225599453,26137.423623640363,0.0012735179447197502,0.9997707930418804,13.418672634971257
50,5,2,16,-1,2,GA,100.48048951262469,30644.17014378733,0.001466655834284676,0.9997360367942477,8.315747081396058
50,5,2,32,-1,0,HEFT,66.75316724813986,34697.91789361561,0.001171150086605931,0.9997892152026486,12.42294961230328
50,5,2,32,-1,0,GA,85.31392626778799,43099.30221219794,0.0013357563986262728,0.999759592750702,5.777944540456032
50,5,2,32,-1,1,HEFT,62.5403108113833,31897.79731399031,0.0010183873336458821,0.9998167070801438,9.333004643846484
50,5,2,32,-1,1,GA,67.45106799801906,35225.23668408759,0.00120465459597523,0.9997831856803471,6.265056429174376
50,5,2,32,-1,2,HEFT,73.52254307992972,36480.388953473965,0.001065598502684878,0.9998082106634434,11.692333404774034
50,5,2,32,-1,2,GA,83.5065495978263,42341.211635165644,0.0013274801795349284,0.9997610821131084,5.215814369190146
50,5,4,4,-1,0,HEFT,86.42419216754473,18419.01317084093,0.001843753481498551,0.9996681794379544,1.6966818367718375
50,5,4,4,-1,0,GA,101.86066001624181,17965.620190147514,0.001689445543845983,0.9996959460358859,14.208064273998817
50,5,4,4,-1,1,HEFT,53.81969020186936,11469.854765488326,0.0011481278599222995,0.9997933583385433,1.7764408145968817
50,5,4,4,-1,1,GA,70.38533345828677,12634.668878559964,0.001195887968031292,0.9997847633324901,9.581078598275145
50,5,4,4,-1,2,HEFT,58.74790896486403,12382.814935900222,0.0012355187733316213,0.9997776313483746,2.185492419806265
50,5,4,4,-1,2,GA,78.45460165042054,13536.689744458345,0.0012623861582995036,0.9997727963061754,4.865485881143953
50,5,4,8,-1,0,HEFT,39.76711024756438,13378.35622133089,0.0012352343200987997,0.9997776825385721,2.422740318267633
50,5,4,8,-1,0,GA,53.80644722571836,14310.061609008482,0.0011814783818268116,0.9997873565031055,7.409690632623573
50,5,4,8,-1,1,HEFT,45.41145523302019,14492.458965919963,0.001309167863507755,0.9997643775478998,3.046702275998434
50,5,4,8,-1,1,GA,55.56177860710509,15191.813903523573,0.0012736283148890807,0.9997707731798032,10.95318785195801
50,5,4,8,-1,2,HEFT,37.037639321382656,12780.674556206035,0.001191868369683889,0.9997854867047243,2.1590532624487024
50,5,4,8,-1,2,GA,52.77753087469521,14054.550693427736,0.0011612283888187335,0.9997910007334028,6.799914233536579
50,5,4,16,-1,0,HEFT,33.23992846534368,15754.003637672811,0.0012108446217476518,0.9997820717179041,3.7759520059660834
50,5,4,16,-1,0,GA,45.939572491111626,19009.720994451927,0.0013164500098395988,0.9997630670712698,7.242550362827119
50,5,4,16,-1,1,HEFT,42.98331228383978,17681.376554600065,0.0012181628677135437,0.9997807547215708,4.099983385030005
50,5,4,16,-1,1,GA,47.99201182553115,19653.98457488478,0.00134877497472646,0.9997572499731064,6.053427141303288
50,5,4,16,-1,2,HEFT,35.70651833892642,17877.60027490792,0.001424024386800264,0.9997437084586659,4.209644307924797
50,5,4,16,-1,2,GA,47.902889541727475,20108.83407200092,0.0014097518449598505,0.9997462768610688,6.960443456907208
50,5,4,32,-1,0,HEFT,34.85592777961454,22048.302517402215,0.0011193315568514511,0.9997985406154346,5.715116318639499
50,5,4,32,-1,0,GA,44.17032262810253,26733.85093563397,0.0012625900576799225,0.9997727596126262,4.86746523744946
50,5,4,32,-1,1,HEFT,37.351062705162754,23942.428599536426,0.0012402610491930141,0.9997767779288997,4.169945611686739
50,5,4,32,-1,1,GA,43.17941482095947,28097.987254102518,0.001487996377629726,0.9997321965177824,5.358927472857107
50,5,4,32,-1,2,HEFT,33.76802030542288,20939.323254394843,0.001030026286448638,0.9998146124548343,5.092166535555134
50,5,4,32,-1,2,GA,38.59844407527052,24141.508632694593,0.0012040963963553895,0.9997832861344987,4.421555385006482
50,8,0.8,4,-1,0,HEFT,181.18009559309277,19250.992101375,0.0013636107897812076,0.9997545801782121,29.648912854814547
50,8,0.8,4,-1,0,GA,260.7550832470661,23182.43601864527,0.0013780609848560847,0.9997519797848259,12.613247797634608
50,8,0.8,4,-1,1,HEFT,121.52934088404962,14149.56500156394,0.0010744388422648005,0.9998066197087723,15.201609647693383
50,8,0.8,4,-1,1,GA,150.21596177163718,15155.90143553423,0.001026554944508481,0.9998152371807405,22.069528281029612
50,8,0.8,4,-1,2,HEFT,202.02303250852768,21584.22602190595,0.001535803677195946,0.9997235935454096,32.28400999938474
50,8,0.8,4,-1,2,GA,272.6566473247332,25189.780087263982,0.0015635996144285254,0.9997185916721558,16.507068469315485
50,8,0.8,8,-1,0,HEFT,161.4634465843653,25161.54222204729,0.001248197848830519,0.9997753496248861,32.53634866209043
50,8,0.8,8,-1,0,GA,267.3060323047965,36618.99412428737,0.001415712535274794,0.9997452042096127,13.225072914434444
50,8,0.8,8,-1,1,HEFT,131.8530319658069,21545.30976814832,0.0011482453100039865,0.9997933372018981,18.8519542024557
50,8,0.8,8,-1,1,GA,177.1704010914105,26292.28429184119,0.0011994736158999722,0.9997841180549996,8.888128193603242
50,8,0.8,8,-1,2,HEFT,174.89842294411346,28140.124377559587,0.0014663922189825187,0.9997360842324774,22.21720068542232
50,8,0.8,8,-1,2,GA,215.65318962988064,32344.303200388305,0.0015040822992144398,0.9997293018315042,10.069294806487504
50,8,0.8,16,-1,0,HEFT,161.72801495444747,38323.50893995965,0.0009395000088767095,0.9998309042966925,14.417005768617576
50,8,0.8,16,-1,0,GA,211.66448046016512,49091.30596416042,0.0010919542268486707,0.9998034675541996,6.9007203845796115
50,8,0.8,16,-1,1,HEFT,147.8593005641107,37064.759880410464,0.0011209010558270295,0.9997982581625728,18.60558567368276
50,8,0.8,16,-1,1,GA,212.82044519795295,50767.617430529586,0.0012798568414111916,0.9997696523026518,8.49130254144102
50,8,0.8,16,-1,2,HEFT,133.89510481251602,33981.323777632075,0.001068922952665245,0.9998076123773929,17.839430205674375
50,8,0.8,16,-1,2,GA,190.8048989135959,46525.21249063256,0.0012778645864628096,0.9997700108260026,5.665648073307986
50,8,0.8,32,-1,0,HEFT,144.16762969023083,63462.826603170004,0.0010468290442017267,0.999811588523715,12.613089377570274
50,8,0.8,32,-1,0,GA,212.47339219414482,91494.85300554655,0.0012797248582680797,0.9997696760541456,5.3868597419217314
50,8,0.8,32,-1,1,HEFT,139.99641089225236,61293.930336555146,0.0009735540767351726,0.9998247756197728,15.525044765137082
50,8,0.8,32,-1,1,GA,186.33900064849487,80192.6215906791,0.0011160782095164178,0.9997991261001513,5.860010820186673
50,8,0.8,32,-1,2,HEFT,127.77230940536265,58204.35087465496,0.0011808506541338116,0.9997874694700696,11.876114514203538
50,8,0.8,32,-1,2,GA,172.83597284304062,77002.37304768604,0.0013738190537413994,0.9997527431433427,5.572987834980125
50,8,1,4,-1,0,HEFT,153.19427563701765,18098.388057168697,0.0013882510111875774,0.9997501460366878,19.67112511269442
50,8,1,4,-1,0,GA,199.87053890957264,19740.238187165494,0.0013109111523909572,0.9997640638298864,6.435898122047871
50,8,1,4,-1,1,HEFT,193.33894545645728,22126.861194393,0.0016597663840417377,0.9997012866745845,22.019861218386644
50,8,1,4,-1,1,GA,258.73672933405555,24904.909989183405,0.0016131197650062973,0.9997096805931367,9.867073928419709
50,8,1,4,-1,2,HEFT,146.25728044671777,17105.355047582103,0.001302972297950859,0.9997654924875551,18.904862211803245
50,8,1,4,-1,2,GA,227.31615598583232,21331.789631774616,0.0013463325768029283,0.9997576894981085,5.284545074526595
50,8,1,8,-1,0,HEFT,130.20025439463058,21217.99534169828,0.0011264561911904062,0.999797258440434,17.843105903363984
50,8,1,8,-1,0,GA,161.01843902841767,24774.9018780674,0.0012037637895787215,0.9997833459907458,8.64576000090473
50,8,1,8,-1,1,HEFT,175.14876160455245,29145.340231868842,0.0015931600927431278,0.9997132722975537,25.008212191513852
50,8,1,8,-1,1,GA,222.7386727690609,33747.80693439719,0.0015975315695823445,0.9997124856576477,6.443921434528979
50,8,1,8,-1,2,HEFT,168.84653615284668,26466.43003486471,0.00132521480157512,0.9997614897838019,24.203362523784428
50,8,1,8,-1,2,GA,202.7444326782115,29975.89560975803,0.001358195099825546,0.9997555547636378,15.852975917206802
50,8,1,16,-1,0,HEFT,161.13000756806568,40192.79996829711,0.0011958447694093678,0.9997847711065684,19.500041178243496
50,8,1,16,-1,0,GA,203.06291921073958,50441.92579419665,0.001479824974901118,0.9997336669774557,6.900927073981453
50,8,1,16,-1,1,HEFT,156.74111166170073,37785.13147491192,0.0009936483250472072,0.9998211592953976,22.95738752322459
50,8,1,16,-1,1,GA,197.22035577243724,47288.182028931056,0.0012172963463337348,0.9997809106612356,8.836318092601228
50,8,1,16,-1,2,HEFT,109.01366971439577,29800.702431196503,0.0011460048896682834,0.999793740394298,18.07428719481242
50,8,1,16,-1,2,GA,142.98316036004022,37643.7659929137,0.001316666563796638,0.9997630281007938,7.945600670258571
50,8,1,32,-1,0,HEFT,148.19000215064088,65417.15255024352,0.001099766372661166,0.9998020616453028,12.506641229251676
50,8,1,32,-1,0,GA,215.67063553921273,93208.26629836243,0.0013424731590832991,0.9997583840252073,6.896113645054086
50,8,1,32,-1,1,HEFT,183.1094631273924,79823.96549980139,0.001228673340940918,0.9997788632529664,15.747133464816418
50,8,1,32,-1,1,GA,257.1294407671997,111935.39714313233,0.001705128150972564,0.9996931240288913,7.45571519150875
50,8,1,32,-1,2,HEFT,170.13271626601252,74406.18919448655,0.0011725098382865293,0.9997889704989666,15.03728531251897
50,8,1,32,-1,2,GA,218.2270170271813,94559.47801615772,0.001390220087560737,0.9997497916915596,5.7607675087434576
50,8,2,4,-1,0,HEFT,109.90948659972955,17076.16360182857,0.001524613468351622,0.9997256072282813,14.585421215765976
50,8,2,4,-1,0,GA,164.9092807676144,19890.55091041684,0.00154714540485418,0.9997215526008012,6.255430083397749
50,8,2,4,-1,1,HEFT,137.6981356972192,19651.371286233032,0.0016849949318819785,0.9996967469027802,10.198090012021444
50,8,2,4,-1,1,GA,183.0121918872178,21918.14493682357,0.0016968423418911003,0.9996946150179481,4.827253393797802
50,8,2,4,-1,2,HEFT,90.73443234363808,13303.123693799698,0.0011560556771711978,0.9997919316273359,6.525054549115986
50,8,2,4,-1,2,GA,154.88920969609686,16840.82168000525,0.0012152635160972353,0.9997812764905781,14.741201117965023
50,8,2,8,-1,0,HEFT,89.17009754614278,17761.304924447635,0.0011887565323020577,0.999786046715455,11.83188034361778
50,8,2,8,-1,0,GA,123.24155667183676,21473.895647911188,0.001245827675376597,0.9997757761603556,9.969025074594093
50,8,2,8,-1,1,HEFT,108.15181775812741,20869.376469966544,0.0013548839748302732,0.9997561506206242,22.120730360658715
50,8,2,8,-1,1,GA,146.40562410612608,24809.24890381398,0.001389445605894816,0.9997499310633893,11.963759771362374
50,8,2,8,-1,2,HEFT,98.80146881640225,20141.680240544672,0.0013768396943372166,0.999752199562621,16.63129993903278
50,8,2,8,-1,2,GA,120.98301477355375,22252.96970556384,0.0013744961611502167,0.9997526212941519,5.127303530564395
50,8,2,16,-1,0,HEFT,95.33016323486204,27078.844969475238,0.0011337795385506105,0.9997959405060319,13.74968086081412
50,8,2,16,-1,0,GA,132.80780956168527,35151.79868265941,0.0012471187657384798,0.9997755438162262,6.810800390344906
50,8,2,16,-1,1,HEFT,89.63716701354689,25386.091309026986,0.0010562991269284217,0.9998098842314463,11.911578910815576
50,8,2,16,-1,1,GA,100.10055199943744,28168.02380079853,0.0011561650926235846,0.9997919119366527,6.549054025021241
50,8,2,16,-1,2,HEFT,104.6118907370657,29124.938895675165,0.0011678883558344374,0.9997898021906051,14.491646888542062
50,8,2,16,-1,2,GA,122.9804618234823,33976.409088922315,0.0013390388138002222,0.9997590020581865,7.599363056421827
50,8,2,32,-1,0,HEFT,113.40327638125885,52171.36410552623,0.001114277257767807,0.9997994502064003,10.868485197930765
50,8,2,32,-1,0,GA,133.82817252752145,61523.236717881584,0.0013092013523660667,0.9997643715213254,5.897954489043788
50,8,2,32,-1,1,HEFT,93.53056062306615,44603.15916239131,0.0011224061864514104,0.999797987293754,11.53976746794828
50,8,2,32,-1,1,GA,121.31748606255809,57700.90381784951,0.0014360451123807767,0.9997415452849475,4.947760576593635
50,8,2,32,-1,2,HEFT,104.26659838282838,48500.975534977755,0.0010933593999963385,0.9998032146727734,11.142973616350252
50,8,2,32,-1,2,GA,129.28811159375985,59875.420571688985,0.0013215485425949873,0.9997621495532363,5.621802798163905
50,8,4,4,-1,0,HEFT,78.45067709209995,15334.894943005045,0.0014947367496878875,0.9997309835764648,5.458616535143794
50,8,4,4,-1,0,GA,94.57838603407096,15695.142144777325,0.0014412635161682066,0.9997406062154766,16.008685678414984
50,8,4,4,-1,1,HEFT,72.35616525875703,13673.538758234798,0.0013178866700018685,0.9997628085337443,2.7747735168436662
50,8,4,4,-1,1,GA,85.61684401220782,14007.239872477618,0.0012787637415880677,0.9997698490153167,12.979154577785822
50,8,4,4,-1,2,HEFT,70.88101377324249,13635.040954240565,0.001322061019783582,0.9997620573292875,2.8952652662037313
50,8,4,4,-1,2,GA,100.09246815448493,15502.382489237156,0.001382163309796109,0.999751241549752,9.771650137110557
50,8,4,8,-1,0,HEFT,60.27141747336852,15180.621960955477,0.0012137682020041474,0.9997815455882799,3.941696607330576
50,8,4,8,-1,0,GA,70.85252312370244,15910.557606488126,0.0011768366132574538,0.9997881918441288,7.651936109886833
50,8,4,8,-1,1,HEFT,61.61683379071861,15210.091983680031,0.0012008883643115044,0.9997838634552927,6.662967042729642
50,8,4,8,-1,1,GA,67.46723482750787,15265.625547132011,0.001135500129675873,0.9997956308628763,7.731021923088191
50,8,4,8,-1,2,HEFT,56.67848346487523,15323.04791265915,0.0012767330103399391,0.9997702144628807,5.733543723861071
50,8,4,8,-1,2,GA,82.39750322379601,18444.53934042588,0.0013610308825505765,0.9997550444476523,10.145907041944792
50,8,4,16,-1,0,HEFT,41.16342442440649,17201.536248859888,0.0012013125012110906,0.999783787127155,4.172863680843967
50,8,4,16,-1,0,GA,55.29093137909871,20301.94718124158,0.0012514326041931042,0.999774767499894,5.89253121862417
50,8,4,16,-1,1,HEFT,51.98265071501058,19305.69875155962,0.0012047842137309546,0.9997831623542095,5.261442348251295
50,8,4,16,-1,1,GA,59.36540534375585,20939.66430292758,0.0012327527747966998,0.9997781291175222,5.361644463248423
50,8,4,16,-1,2,HEFT,51.7077167320295,18760.612697523055,0.0011411797267407483,0.9997946087448593,4.721842561042748
50,8,4,16,-1,2,GA,61.6839578975828,21033.337278488903,0.0011873407444642126,0.9997863015027737,7.823274473658608
50,8,4,32,-1,0,HEFT,51.95612735430992,28466.79610169748,0.0011002122994370118,0.9998019813943739,6.476750295563212
50,8,4,32,-1,0,GA,66.30874202333888,35209.66736850013,0.001259316593221963,0.9997733487025068,5.618947709111904
50,8,4,32,-1,1,HEFT,45.83414020203768,26435.994528539406,0.0011415613295809996,0.9997945400704578,5.222423633338359
50,8,4,32,-1,1,GA,57.48752097926819,32263.866270437215,0.001316364110387368,0.9997630825295073,5.758357906239415
50,8,4,32,-1,2,HEFT,51.25449127535359,28398.87937049017,0.0011262473799424281,0.9997972960188393,5.593783694370611
50,8,4,32,-1,2,GA,69.39541947208046,37982.99054784968,0.0014644895956809798,0.999736426614347,5.648486512720742
50,10,0.8,4,-1,0,HEFT,184.71236256148651,21189.596699922964,0.0015921709686009837,0.9997134502888647,9.138334673981316
50,10,0.8,4,-1,0,GA,280.068811580279,25627.151510039905,0.001574140640075777,0.9997166948232793,11.627947603136958
50,10,0.8,4,-1,1,HEFT,204.21219913410175,20203.58061688433,0.0013438494907554838,0.9997581363453949,35.57318258950201
50,10,0.8,4,-1,1,GA,271.6221734362244,22793.048248185663,0.0012603596800060586,0.9997731609894591,16.30037846722577
50,10,0.8,4,-1,2,HEFT,184.19408359572594,19313.02098225822,0.0013529334586128386,0.9997565016279915,26.086963380907296
50,10,0.8,4,-1,2,GA,239.618117804038,21143.511957603765,0.0012457160598204056,0.9997757962466506,19.42113587786465
50,10,0.8,8,-1,0,HEFT,182.32311755966433,26947.37939891367,0.0012202015650110971,0.9997803878365802,29.2679560772176
50,10,0.8,8,-1,0,GA,249.82944997749752,34984.95763623051,0.0014213605217559108,0.9997441878315982,13.987926450926873
50,10,0.8,8,-1,2,HEFT,173.69106877856015,26877.683037269137,0.0013182610380526312,0.9997627411634811,39.74740162189515
50,10,0.8,8,-1,2,GA,242.2623007858417,33346.850669238076,0.0013035749087593371,0.9997653840430526,8.36101141938565
50,10,0.8,16,-1,0,HEFT,152.45705758799454,37507.82892018587,0.0010640922303993437,0.9998084817404919,20.910529197935997
50,10,0.8,16,-1,0,GA,215.1724601468336,50387.59507502978,0.0011724137889971228,0.9997889877841908,5.780441120326135
50,10,0.8,16,-1,1,HEFT,186.75977595312094,43958.668533910444,0.001046613895466566,0.9998116272431916,19.966849581642386
50,10,0.8,16,-1,1,GA,292.52666817253555,66188.58185061517,0.0012950208735773047,0.9997669234093262,8.450312204163234
50,10,0.8,32,-1,1,HEFT,182.31230170025253,79265.96288995503,0.0011961290745553061,0.9997847199426579,17.302594275274796
50,10,0.8,32,-1,1,GA,288.12812247322864,121096.73551999842,0.0013508445077879347,0.9997568775476524,5.767395987761254
50,10,0.8,32,-1,2,HEFT,153.12550552490484,68037.13154378104,0.0011934027677283695,0.9997852105723614,15.935541404073172
50,10,0.8,32,-1,2,GA,227.56082327900984,97662.2735030461,0.0013280254992127014,0.999760983979023,5.955542497075512
50,10,1,4,-1,0,HEFT,158.92164558906603,17789.49978410201,0.0013128243922256898,0.9997637195280282,31.361712655748633
50,10,1,4,-1,0,GA,193.17938821418596,18971.757848046556,0.0012531197950601588,0.9997744638739864,18.500105047144427
50,10,1,4,-1,1,HEFT,206.93698345998158,23120.062685928275,0.0017037580723319324,0.9996933705673965,53.56786686404257
50,10,1,4,-1,1,GA,246.3616928570911,23845.814851736348,0.0015530301801803578,0.9997204936367515,11.674120627137142
50,10,1,4,-1,2,HEFT,194.41290486199125,20480.461675789236,0.0014403930545754074,0.999740762857933,23.91147776213042
50,10,1,4,-1,2,GA,314.29853359881076,26901.66275999282,0.0015265288303940444,0.9997252625577739,30.89231803889298
50,10,1,8,-1,0,HEFT,191.3201264116975,28465.33332496314,0.0013047288358449852,0.9997651763849298,27.120630009308407
50,10,1,8,-1,0,GA,242.6779191398378,33850.30659159176,0.001363465937230922,0.999754606245273,8.147493468387957
50,10,1,8,-1,1,HEFT,176.15175205494086,26451.345585362473,0.0012326585772723705,0.9997781460693145,14.047848380704323
50,10,1,8,-1,1,GA,207.6517673532819,29291.14063080596,0.0012088592977895216,0.9997824289984015,6.79757545157156
50,10,1,8,-1,2,HEFT,147.91674101636846,24127.12063263462,0.0012825728029797474,0.9997691635422997,38.545763540660694
50,10,1,8,-1,2,GA,260.710156445935,36068.185367140875,0.0014263579261409715,0.999743288529324,12.90747004775843
50,10,1,16,-1,0,HEFT,188.32781280789246,46500.0302520447,0.0013360581644611567,0.999759538445912,30.86452378966399
50,10,1,16,-1,0,GA,258.1856873651306,60178.23238887625,0.0013703592267146217,0.9997533657584178,7.360549939240757
50,10,1,16,-1,1,HEFT,179.5046569774717,43486.71661290551,0.001165610138660329,0.9997902121835835,24.377870182266566
50,10,1,16,-1,1,GA,233.1603091922442,54741.36271813982,0.0012887058595903009,0.9997680598475511,7.404300164883152
50,10,1,16,-1,2,HEFT,171.21691043232815,41647.12424263377,0.0011335242170060424,0.9997959864545333,20.750660694995645
50,10,1,16,-1,2,GA,253.44364967326294,58799.02479384533,0.0013097989737181975,0.9997642639748353,7.074761609451187
50,10,1,32,-1,0,HEFT,165.82130587569358,71888.75051251968,0.0010611587927975904,0.9998090096582746,17.62347593223603
50,10,1,32,-1,0,GA,254.51862699756913,107432.96007612933,0.0012529466807574654,0.999774495027533,5.63403037787487
50,10,1,32,-1,1,HEFT,162.0513592657781,71022.23702392662,0.0011362422565720704,0.9997954973073443,17.026929749841955
50,10,1,32,-1,1,GA,242.7516664026093,104057.80389130762,0.00140066718252011,0.9997479116867459,6.446580042623479
50,10,1,32,-1,2,HEFT,134.89914519782948,59933.76934311817,0.001050710282577732,0.9998108900326808,14.476712394291633
50,10,1,32,-1,2,GA,183.94678735134866,79823.34341357343,0.0011870513011182878,0.9997863535914442,5.749382978371037
50,10,2,4,-1,0,HEFT,143.06613310628322,19755.475152665087,0.001665155137411304,0.9997003169891928,5.06018917596106
50,10,2,4,-1,0,GA,179.4546841356561,20468.03604841556,0.0015315518359049186,0.9997243586655912,14.060363110757182
50,10,2,4,-1,1,HEFT,129.6486623288596,17935.939668461157,0.0015132821546092886,0.9997276463071731,9.654443436060616
50,10,2,4,-1,1,GA,173.86193626043513,19797.126325417234,0.001479554700893585,0.9997337156138209,16.252914215283372
50,10,2,4,-1,2,HEFT,124.96949480968115,17546.469545603635,0.0014919811104313876,0.9997314794582183,25.57621439962265
50,10,2,4,-1,2,GA,172.0051830685032,19969.33999187602,0.0015133192770785358,0.9997276396269476,9.480176952573967
50,10,2,8,-1,0,HEFT,120.88945796647359,22021.58072343377,0.001345761338327171,0.9997577922961244,14.698133522598088
50,10,2,8,-1,0,GA,165.72704985373727,26978.423913536546,0.0014300551844415724,0.9997426231938947,8.940519125370997
50,10,2,8,-1,1,HEFT,109.76266860071193,21490.019499854126,0.0014150908674658634,0.9997453160813131,19.62388726766698
50,10,2,8,-1,1,GA,155.33352988329185,25406.97917939667,0.0013559380246254077,0.9997559609379446,10.322960559402544
50,10,2,8,-1,2,HEFT,115.95797670542576,20463.242286838136,0.0012055912820564938,0.9997830171134223,10.807495353033959
50,10,2,8,-1,2,GA,146.75760655044675,23378.783523458427,0.001200265283542059,0.9997839755855975,11.325727315308484
50,10,2,16,-1,0,HEFT,115.89040370335736,32260.291400886796,0.0012931955930028658,0.9997672518833057,15.567203040720782
50,10,2,16,-1,0,GA,140.11004258299127,37763.39045006251,0.001403393058672891,0.9997474211528478,7.790573625745974
50,10,2,16,-1,1,HEFT,96.62904513936986,27070.03971215488,0.001100421582092489,0.9998019437309559,17.990426940953164
50,10,2,16,-1,1,GA,140.91143115297183,36292.301361492,0.0011934504625479862,0.9997852019891386,7.532194586054727
50,10,2,16,-1,2,HEFT,102.15770205079293,27378.53375265972,0.0010031337156211212,0.9998194522318985,14.339570541549783
50,10,2,16,-1,2,GA,133.26712129251703,33980.354915116346,0.001084375662397039,0.9998048314286322,7.410632785271258
50,10,2,32,-1,0,HEFT,110.43896262488344,52028.295665070356,0.0012428596921337358,0.9997763102776939,14.475600502144427
50,10,2,32,-1,0,GA,152.196469716779,70277.71265321912,0.0015289752302294554,0.9997248223268819,6.339779536870962
50,10,2,32,-1,1,HEFT,107.13894503276796,49104.62742159396,0.0010288465799755905,0.9998148247626556,8.882820290027109
50,10,2,32,-1,1,GA,136.0559617753487,61511.57861692535,0.0011971691595854584,0.9997845327676742,5.224572359388361
50,10,2,32,-1,2,HEFT,111.36682539550768,51230.52384445594,0.0010937548956822998,0.9998031434975614,11.843742911898609
50,10,2,32,-1,2,GA,135.8658370243219,62070.75838669978,0.0012788471536641047,0.9997698340045983,6.154459899153918
50,10,4,4,-1,0,HEFT,67.59691775598031,12495.464682954582,0.0011951954303188017,0.9997848879624561,0.6341796606936203
50,10,4,4,-1,0,GA,82.33728373892555,12169.41601945477,0.0010616571576209746,0.9998089199697431,16.328997041838157
50,10,4,4,-1,1,HEFT,59.06795849070159,10975.232181240095,0.0010516757330344213,0.9998107162844774,5.218040631833099
50,10,4,4,-1,1,GA,75.17085886102542,11336.31176060698,0.0009984638934467391,0.9998202926484806,10.688718274693706
50,10,4,4,-1,2,HEFT,95.75537492713867,18114.524883984857,0.0017465461094938245,0.9996856711119706,2.07626690926278
50,10,4,4,-1,2,GA,114.11443090318892,18080.2300791561,0.0016282606454525882,0.9997069560295924,5.903123200379069
50,10,4,8,-1,0,HEFT,63.52372045637862,17116.441498117994,0.0014235354437087398,0.9997437964458695,4.716514593482728
50,10,4,8,-1,0,GA,78.35408916586654,18173.621268694696,0.001376179419737921,0.999752318382605,10.62082059757949
50,10,4,8,-1,1,HEFT,51.88966729141009,15507.422595369422,0.0013599501983713248,0.9997552389231747,3.0608769735484973
50,10,4,8,-1,1,GA,86.31304272294138,18276.804246544783,0.0012907948507935932,0.9997676839164185,10.118276600037488
50,10,4,8,-1,2,HEFT,59.66317809063603,15201.916416106134,0.0012240634779593122,0.9997796928451539,5.217352894227629
50,10,4,8,-1,2,GA,73.42422892993793,15884.133819818157,0.0011415255610522112,0.9997945465074702,6.802507285721827
50,10,4,16,-1,0,HEFT,69.33544674634153,22610.44660334012,0.00120129726460498,0.999783789869151,4.611141291858986
50,10,4,16,-1,0,GA,78.03789306433617,24331.735964857136,0.0012078114336569238,0.9997826175729261,7.8569034070777715
50,10,4,16,-1,1,HEFT,68.8388659776474,23152.87727563895,0.0012836970294484045,0.9997689612282683,6.87558979992945
50,10,4,16,-1,1,GA,85.38387066954589,26313.845966201534,0.0012816721960786468,0.9997693256141343,7.363307792092175
50,10,4,16,-1,2,HEFT,58.60796262857121,20310.942748019334,0.001170311876399698,0.9997893660486944,6.268506414918668
50,10,4,16,-1,2,GA,68.96499110420933,22705.725391290784,0.0012227967828530477,0.999779920800067,4.441066659332853
50,10,4,32,-1,0,HEFT,61.16445697634052,33087.181746852424,0.001240313988105641,0.9997767684020231,7.326249313512309
50,10,4,32,-1,0,GA,83.10633321270048,42340.09234920404,0.0013471912655719713,0.9997575349715943,4.056853748216129
50,10,4,32,-1,1,HEFT,61.32817736659062,31188.23215831054,0.0009868491020077188,0.9998223829374172,5.2516390219360325
50,10,4,32,-1,1,GA,67.93490459958672,34854.98303938552,0.0011328139112589445,0.9997961142834914,4.574771997201485
50,10,4,32,-1,2,HEFT,54.71606379446549,29994.15683849157,0.0011606186487618632,0.9997911104636804,3.7340765305081294
50,10,4,32,-1,2,GA,63.85966047981319,34214.6612966707,0.0012522676579357157,0.9997746172240868,5.510912826826245
60,0.1,0.8,4,-1,0,HEFT,94.53402388631619,17572.18523397771,0.0016840506572912833,0.9996969168206765,5.556080021631715
60,0.1,0.8,4,-1,0,GA,119.14268163894432,18118.597029145858,0.0016020346654362445,0.9997116753337688,22.08735981217785
60,0.1,0.8,4,-1,1,HEFT,85.64424305461915,16662.126762630993,0.0016216024671846605,0.9997081541511946,4.256532179129786
60,0.1,0.8,4,-1,1,GA,106.13923836662579,16876.906364770526,0.0015222510236656964,0.9997260323517319,16.94305066260955
60,0.1,0.8,4,-1,2,HEFT,98.13598169710015,19168.977310365775,0.0018680168202719599,0.9996638134957024,5.7762401021897265
60,0.1,0.8,4,-1,2,GA,138.9971008795362,21474.139795233095,0.0019124391412164547,0.9996558201980436,8.240663152727727
60,0.1,0.8,8,-1,0,HEFT,60.390027314994185,18678.250781166815,0.0016641871006366116,0.999700491183609,8.490708390039954
60,0.1,0.8,8,-1,0,GA,102.47541288712775,23984.428528783363,0.0018277505027931658,0.9996710590224476,8.765929388333582
60,0.1,0.8,8,-1,1,HEFT,59.65902368153225,16361.826825017346,0.0013739742314716086,0.9997527152182581,8.497539432291887
60,0.1,0.8,8,-1,1,GA,78.04088519535735,18633.28011686345,0.0014394515682311557,0.9997409322815566,9.650856615346516
60,0.1,0.8,8,-1,2,HEFT,63.29784566896392,18412.595706553406,0.001593798775495203,0.9997131573676277,10.258009710384629
60,0.1,0.8,8,-1,2,GA,88.84226633281115,21238.440621801994,0.0016420649940377418,0.9997044719780844,10.185642336027144
60,0.1,0.8,16,-1,0,HEFT,55.36998176773404,21476.704166794618,0.001401249052634326,0.9997478069765345,12.235371372893283
60,0.1,0.8,16,-1,0,GA,84.29693269565462,28696.71007052897,0.001616498577902233,0.9997090725835677,9.652674181752108
60,0.1,0.8,16,-1,2,HEFT,60.27268710534441,22428.099627666925,0.0014025508660776226,0.9997475727092364,14.291998411920053
60,0.1,0.8,16,-1,2,GA,87.70804356307013,29969.34119668194,0.0016963045003323607,0.9996947117998687,8.573461690034039
60,0.1,0.8,32,-1,1,HEFT,45.65801262454396,26761.09482333768,0.0011923020640197419,0.9997854086564933,8.810759179424188
60,0.1,0.8,32,-1,1,GA,62.278444753307625,36171.16933648067,0.0015834943864613104,0.9997150116273401,5.88821704016322
60,0.1,0.8,32,-1,2,HEFT,45.43996379280689,25246.24054597141,0.0010074023836606672,0.9998186840106728,8.931370661530009
60,0.1,0.8,32,-1,2,GA,59.77246937292164,33374.04985401953,0.001346436901139228,0.9997576707242782,5.388259332205137
60,0.1,1,4,-1,0,HEFT,70.17067837434284,14633.315142817111,0.0014554421939080952,0.9997380547187539,1.8280313061721842
60,0.1,1,4,-1,0,GA,115.58454690429706,17330.126774290726,0.0015222310753080707,0.9997260359414533,5.303745142367919
60,0.1,1,4,-1,1,HEFT,82.63119569889041,16620.483379269837,0.0016349077500934235,0.9997057599020949,2.49486382687008
60,0.1,1,4,-1,1,GA,108.10683189817497,17633.253295729453,0.001607768134963444,0.999710643607345,6.973299054887454
60,0.1,1,8,-1,1,HEFT,44.93944829431832,15524.954243684297,0.0014484195358436356,0.9997393184668851,5.134302161855815
60,0.1,1,8,-1,1,GA,67.40686111109352,17703.736351942458,0.0014512503469350747,0.9997388090538473,7.977133034109636
60,0.1,1,8,-1,2,HEFT,47.59001821028252,15317.635382121942,0.0013887588674334392,0.9997500546454079,7.166578990706722
60,0.1,1,8,-1,2,GA,66.64178597938833,17597.894628498565,0.0014470650096223882,0.9997395622180766,8.3792278445477
60,0.1,1,16,-1,0,HEFT,47.67375759013276,19769.968610760396,0.0013716546709890063,0.9997531326359858,12.611528382393288
60,0.1,1,16,-1,0,GA,71.90808538270196,26804.444974448823,0.0016793401267403162,0.9996977644595524,8.442442020586656
60,0.1,1,16,-1,1,HEFT,38.97296538790046,18953.889678795254,0.0014820517214881616,0.9997332662699007,9.305535970402806
60,0.1,1,16,-1,1,GA,71.27695423641373,26824.482929807316,0.0016975849762811215,0.9996944813845896,7.632552623019233
60,0.1,1,16,-1,2,HEFT,48.22168224005752,19622.775928258157,0.0013390455992463976,0.9997590008371002,10.970898578940872
60,0.1,1,16,-1,2,GA,63.230943522131554,24117.84519036206,0.001547481141358243,0.9997214921850597,6.010352155201636
60,0.1,1,32,-1,0,HEFT,41.301884675442516,24616.33753711156,0.0011313196152120978,0.9997963832019764,8.283061071328573
60,0.1,1,32,-1,0,GA,51.88947953378574,31151.692929683424,0.0014504047530632688,0.9997389612210014,5.733972790977835
60,0.1,1,32,-1,1,HEFT,42.52192212624638,26268.886672440618,0.0012842982656281663,0.9997688530307648,11.023212342202303
60,0.1,1,32,-1,1,GA,60.062622037818414,36021.19794863715,0.0016740505279218194,0.9996987163000266,6.439046781228791
60,0.1,1,32,-1,2,HEFT,39.80736196166992,24841.235970719823,0.001234523123700074,0.9997778105254723,8.019160050065787
60,0.1,1,32,-1,2,GA,54.34774409578985,32420.146972850234,0.001492327291998312,0.9997314171622702,5.355122703914503
60,0.1,2,4,-1,0,HEFT,70.21646183816125,15263.759033510472,0.0015366109645062965,0.9997234482738694,0.23537546328831066
60,0.1,2,4,-1,0,GA,93.84911612765266,16363.571101224077,0.0015321464505292956,0.9997242516644673,4.634860169218726
60,0.1,2,4,-1,1,HEFT,77.50828721900359,16627.25465690119,0.0016675525672337236,0.9996998855812421,2.0317152062227968
60,0.1,2,4,-1,1,GA,83.65040514532667,16501.608603217304,0.001613228573157833,0.9997096610133552,5.9783272412780555
60,0.1,2,4,-1,2,HEFT,71.45810436278607,15623.18737806527,0.0015753486264407672,0.9997164774473579,0.7406213792855295
60,0.1,2,4,-1,2,GA,81.87775615907023,15618.662961184069,0.0015101460808202452,0.9997282106468719,6.497829059931421
60,0.1,2,8,-1,0,HEFT,42.00420926379154,17530.98829177792,0.001744003126932033,0.9996861287050566,0.666714006789337
60,0.1,2,8,-1,0,GA,67.66350194942409,20517.669321633955,0.0018116244359805225,0.9996739607638707,8.776247363997117
60,0.1,2,8,-1,1,HEFT,39.29146797654632,15955.290595351747,0.0015740710167446127,0.9997167073519284,1.938641487595556
60,0.1,2,8,-1,1,GA,53.942384178262046,17361.58084399912,0.0015740454732410803,0.9997167119484565,6.22111589390788
60,0.1,2,8,-1,2,HEFT,40.87480998589426,16449.64972026529,0.001618303354214398,0.9997087478183957,1.7662954322424496
60,0.1,2,8,-1,2,GA,65.95575890964011,18737.93409130692,0.0016028657927624635,0.999711525773996,7.20375041306725
60,0.1,2,16,-1,0,HEFT,31.160997576088036,18950.502421234243,0.0016753993393572792,0.9996984735871446,4.370314277054932
60,0.1,2,16,-1,0,GA,52.73252534385046,24638.988671272822,0.001875238217733015,0.9996625140819964,8.350690689310442
60,0.1,2,16,-1,1,HEFT,25.677012908680233,15795.431201830621,0.001403804227824808,0.9997473471610971,5.729130424269981
60,0.1,2,16,-1,1,GA,42.21828718970287,20045.926926056003,0.0015426376984022032,0.999722363762363,6.763126428970092
60,0.1,2,16,-1,2,HEFT,24.84737861794494,15520.447228708394,0.0013888566581476702,0.999750037047479,4.447893135546725
60,0.1,2,16,-1,2,GA,46.77030787298899,21094.665323211866,0.0015652152728162765,0.9997183009355276,7.277943082182057
60,0.1,2,32,-1,0,HEFT,21.332714765695766,17074.774227552298,0.001147675937664745,0.9997934396677441,5.259021755650871
60,0.1,2,32,-1,0,GA,32.95995068678793,23877.34973650467,0.001449706546870557,0.9997390868653173,4.31943068235504
60,0.1,2,32,-1,1,HEFT,22.29866791979657,18284.82538613936,0.0012560900393976066,0.9997739293507304,5.655408311822306
60,0.1,2,32,-1,1,GA,32.27323914290659,24391.613187804436,0.0015502182631690318,0.9997209996404707,5.705071105312025
60,0.1,2,32,-1,2,HEFT,23.602451495609827,17500.883527230457,0.0010901217251829817,0.9998037973397272,5.906355270787948
60,0.1,2,32,-1,2,GA,40.2518901291962,27024.10139201555,0.0014944929693028693,0.9997310274451308,5.483545014281034
60,0.1,4,4,-1,0,HEFT,94.39900488137195,20747.07388278508,0.0020950803163409856,0.9996229566417776,0.09130950912426197
60,0.1,4,4,-1,0,GA,98.60431895094999,20451.64381078166,0.0020308315892940652,0.9996345171190728,4.399618090320194
60,0.1,4,4,-1,1,HEFT,69.80993644473313,15261.687424522352,0.0015388644024774106,0.9997230427672908,0.683661293862275
60,0.1,4,4,-1,1,GA,77.70565723778411,14797.073970627574,0.0014298711141103274,0.9997426563180275,11.802727999532758
60,0.1,4,4,-1,2,HEFT,71.8620135538909,15755.28973643459,0.0015899112514015277,0.9997138569214894,0.22185521544805428
60,0.1,4,4,-1,2,GA,80.48585523194802,15807.20313799702,0.001543137220525002,0.9997222738733482,7.507203695669461
60,0.1,4,8,-1,0,HEFT,35.821287568020665,15553.198603376328,0.0015651621442953935,0.9997183104959675,0.47334740766152356
60,0.1,4,8,-1,0,GA,48.70531106723185,17540.153153557192,0.0016620727766282868,0.9997008716480165,5.912245014520727
60,0.1,4,8,-1,1,HEFT,36.6872488303137,15780.423287528336,0.0015837787338266432,0.9997149604594021,0.814014803860318
60,0.1,4,8,-1,1,GA,45.656975953371365,17094.728658348937,0.0016423331998482278,0.9997044237153063,7.032460034438735
60,0.1,4,8,-1,2,HEFT,38.04337696856155,16330.977294173048,0.0016380895484743071,0.9997051873470678,0.5276621220215741
60,0.1,4,8,-1,2,GA,50.457382663961184,17696.841789114933,0.0016605856658106796,0.9997011392479285,12.775414688562769
60,0.1,4,16,-1,0,HEFT,18.09829870838052,14779.852456099616,0.001460591615515576,0.9997371280660904,1.1643458098436232
60,0.1,4,16,-1,0,GA,38.88125490064232,19933.66914550187,0.0016109132047259101,0.9997100776587564,7.238989339412506
60,0.1,4,16,-1,1,HEFT,18.121403233804834,14483.841797484829,0.0014217742088623129,0.9997441133869701,1.150976104108539
60,0.1,4,16,-1,1,GA,34.27688978942371,18125.551277689945,0.0014915230540207484,0.9997315618862364,9.41692657865098
60,0.1,4,16,-1,2,HEFT,18.531126342769294,14716.596297626445,0.0014416821756866591,0.9997405308763135,1.3449124517960704
60,0.1,4,16,-1,2,GA,32.771256146780544,17743.04081672612,0.0014794521494243228,0.9997337340681703,7.041749203074022
60,0.1,4,32,-1,0,HEFT,14.129863561269197,16679.024583123773,0.0014538962500770544,0.9997383329157905,3.4297271759374537
60,0.1,4,32,-1,0,GA,25.33804794080916,22372.756495207264,0.0016334555666584689,0.9997060212182337,6.482079136829871
60,0.1,4,32,-1,1,HEFT,13.278954253706717,17258.392328566893,0.001570965619527586,0.9997172661652314,2.9670776003383565
60,0.1,4,32,-1,1,GA,27.881647671184965,24688.34790368418,0.0018064334881071262,0.9996748948302827,6.053177598944201
60,0.1,4,32,-1,2,HEFT,12.623681658050469,15851.98320587849,0.0014217686626856732,0.9997441143850269,2.8799992633302467
60,0.1,4,32,-1,2,GA,27.217825957496977,23262.07850192987,0.0016550947460272653,0.9997021273185945,6.05549776241074
60,0.5,0.8,4,-1,0,HEFT,105.36036274540407,20443.111732607133,0.0019878313076004826,0.9996422543708656,8.479179574554207
60,0.5,0.8,4,-1,0,GA,141.19638662842596,22104.32128802501,0.001980218957346326,0.9996436241046575,8.8220047261335
60,0.5,0.8,4,-1,1,HEFT,83.45108863023415,15570.606750881892,0.00149418016752334,0.9997310837343086,8.851777863826861
60,0.5,0.8,4,-1,1,GA,116.1952877033534,17261.965987154523,0.00150963723222139,0.9997283022147301,5.91742946050029
60,0.5,0.8,4,-1,2,HEFT,99.76890726736559,20178.34978278484,0.001988300030226265,0.9996421700309789,3.518011471807283
60,0.5,0.8,4,-1,2,GA,138.3585035205259,22025.20324566935,0.0019875962631374813,0.9996422966637336,18.354768665031038
60,0.5,0.8,8,-1,0,HEFT,71.189180757676,19128.626862593024,0.0015884322364155198,0.9997141230680445,10.023082804937763
60,0.5,0.8,8,-1,0,GA,103.92619427172323,23317.17711841848,0.00172354812252365,0.9996898094569827,9.416577203272901
60,0.5,0.8,8,-1,1,HEFT,80.34139684395326,20018.620524553717,0.0015899026392163056,0.9997138584712395,13.120709650549212
60,0.5,0.8,8,-1,1,GA,122.4225098841179,25891.158064046478,0.0018266921337430442,0.9996712494662292,12.754545362633172
60,0.5,0.8,16,-1,0,HEFT,47.94405356480355,19036.52216009024,0.0012701891312206662,0.9997713920911514,9.476967589583166
60,0.5,0.8,16,-1,0,GA,63.1007658407533,22773.636417625763,0.0013770399710854172,0.9997521635217401,7.8890991203905045
60,0.5,0.8,16,-1,2,HEFT,60.14652743126702,21959.65582445194,0.0013451579531845827,0.9997579008791496,10.921816354559699
60,0.5,0.8,16,-1,2,GA,82.05680758270395,27664.81895936103,0.0015387483079433947,0.99972306365852,8.213102022941918
60,0.5,0.8,32,-1,0,HEFT,62.401754218505005,32877.217291163855,0.0011518015079144616,0.9997926972187664,10.572947921643628
60,0.5,0.8,32,-1,0,GA,81.86381995172326,43348.79798570159,0.0015391590599793093,0.9997229897436314,5.707866336539229
60,0.5,0.8,32,-1,1,HEFT,58.46087959807569,32540.695692976,0.001303839525492886,0.9997653364232169,10.98241266036216
60,0.5,0.8,32,-1,1,GA,90.98532404438107,48965.180444554746,0.001812250130686358,0.9996738481755505,6.129310621446949
60,0.5,0.8,32,-1,2,HEFT,54.62818302382052,29934.67135825882,0.0011572931624175375,0.9997917089263638,10.484084105363
60,0.5,0.8,32,-1,2,GA,74.75939259712287,40472.72906034287,0.0015200416412206321,0.9997264299316977,5.150811878486574
60,0.5,1,4,-1,0,HEFT,71.03263852014804,14433.040106666991,0.0014242213769638094,0.999743673009524,5.160921430574635
60,0.5,1,4,-1,0,GA,95.13407146700501,14915.36912334328,0.0013370715365538814,0.999759356082814,15.728816240227685
60,0.5,1,4,-1,1,HEFT,79.6330322196212,16067.764466680706,0.0015820902997595466,0.9997152642909527,4.693805153359254
60,0.5,1,4,-1,1,GA,114.42096228764112,17609.107336274792,0.0015654911041948342,0.9997182512998667,4.229952224847516
60,0.5,1,4,-1,2,HEFT,76.22543954416035,15239.162045153016,0.0014961680810120564,0.9997307260061686,3.5677786545645893
60,0.5,1,4,-1,2,GA,101.48232687092518,16076.646283362848,0.0014477383195811938,0.9997394410538551,16.9288293718872
60,0.5,1,8,-1,0,HEFT,60.086679775125084,18636.29280047055,0.0016625286230049796,0.9997007896202164,10.945932331162561
60,0.5,1,8,-1,0,GA,82.62520324906342,20785.3963845707,0.0016606430068036963,0.9997011289296346,12.401310435273526
60,0.5,1,8,-1,1,HEFT,58.23631643455835,17084.624786786546,0.0014850049624120089,0.9997327348284658,8.055198199302497
60,0.5,1,8,-1,1,GA,81.0342631883834,19609.10971665071,0.0015284005750085144,0.9997249257363631,8.985383208026892
60,0.5,1,8,-1,2,HEFT,59.85315752788898,19069.494584778397,0.00172139424574949,0.9996901970346176,8.421901145596959
60,0.5,1,8,-1,2,GA,88.4556624219627,21948.816552195774,0.001738639917272268,0.9996870937802568,14.003396598407605
60,0.5,1,16,-1,0,HEFT,51.42894172513794,20987.958136903726,0.0014358658043510644,0.999741577552052,12.269253409153492
60,0.5,1,16,-1,0,GA,70.5631257023014,26340.97955270212,0.0016528242141938306,0.9997025358926686,9.657658358987796
60,0.5,1,16,-1,1,HEFT,59.57709279325415,23960.09497782327,0.0016177381345631103,0.9997088495283054,15.430828051787847
60,0.5,1,16,-1,1,GA,80.41428372833396,30075.352650866484,0.0018909315471610292,0.9996596902400181,8.081512539722393
60,0.5,1,16,-1,2,HEFT,46.349114685528825,18409.263004525594,0.0012287122719514287,0.9997788562469339,11.691980101078107
60,0.5,1,16,-1,2,GA,58.85493477651695,22256.27847738475,0.001415520801071511,0.9997452387129765,7.38935443971854
60,0.5,1,32,-1,0,HEFT,43.115777077360626,25874.40935683172,0.001203869632961917,0.9997833269430648,7.844163956403545
60,0.5,1,32,-1,0,GA,56.739126190258695,34008.449199089715,0.0015788920855336402,0.9997158398057618,4.786697125636228
60,0.5,1,32,-1,1,HEFT,45.88588505694648,26795.34362115918,0.0011854216743270969,0.9997866468616402,9.013600222833498
60,0.5,1,32,-1,1,GA,62.58348027159575,36103.68407883319,0.0015596418158320968,0.9997193038756811,5.477501184289142
60,0.5,1,32,-1,2,HEFT,43.097043677754044,25117.87739553712,0.0011070558944805643,0.9998007497919539,9.701181398822047
60,0.5,1,32,-1,2,GA,54.90172683971548,31632.903256128804,0.0013631318022839874,0.9997546663748057,5.605262462027718
60,0.5,2,4,-1,0,HEFT,73.08496996350104,15778.25815571085,0.001585294521636021,0.9997146876954046,1.4228457689913927
60,0.5,2,4,-1,0,GA,108.70170259053847,17935.269458366314,0.001643099190441921,0.9997042858777637,8.253634851263698
60,0.5,2,4,-1,1,HEFT,77.7916497006605,16603.14842923708,0.0016626807808275681,0.9997007622400034,1.3182759685158656
60,0.5,2,4,-1,1,GA,93.21452926786806,17074.136526774324,0.0016278861914621001,0.9997070234115619,8.39592461136285
60,0.5,2,4,-1,2,HEFT,68.030124028262,14739.310990283158,0.0014824115034788867,0.9997332015264184,1.1167655270773706
60,0.5,2,4,-1,2,GA,76.47287783363235,14589.286094182735,0.001410670278833124,0.9997461115849303,8.459227382898654
60,0.5,2,8,-1,0,HEFT,44.59464719084699,17342.190425014254,0.0016874811750249284,0.9996962995148272,3.8219230142945597
60,0.5,2,8,-1,0,GA,73.61616263416413,20354.78641093584,0.0017167486819193907,0.999691032977399,8.726106295198289
60,0.5,2,8,-1,1,HEFT,35.521993438447154,13496.701233654685,0.0013031769849565584,0.9997654556525349,3.1683048076246982
60,0.5,2,8,-1,1,GA,53.169671010707646,15275.746483789495,0.0013141418690906408,0.9997634824382533,8.428863013618086
60,0.5,2,8,-1,2,HEFT,35.64381932151659,13954.217069511018,0.0013607765393598744,0.9997550902182132,2.569150787960833
60,0.5,2,8,-1,2,GA,46.572627090012055,14928.994597800798,0.0013511656843875506,0.9997568197499217,8.804257872840822
60,0.5,2,16,-1,0,HEFT,30.261108701293853,17300.494426881476,0.0014845428367226171,0.9997328179888629,4.699250588688275
60,0.5,2,16,-1,0,GA,49.016232911915,21809.959261509703,0.0016019176411397962,0.9997116963920696,8.57170512725839
60,0.5,2,16,-1,1,HEFT,32.750316283191005,18585.899970453658,0.0015888681193903084,0.9997140446315418,4.9853000134029894
60,0.5,2,16,-1,1,GA,46.58433329616803,21545.844513541757,0.0016281204807076866,0.9997069812518538,8.243459225921896
60,0.5,2,16,-1,2,HEFT,30.955006072440767,17879.611556330743,0.0015421512132328316,0.9997224513053856,4.915862457418892
60,0.5,2,16,-1,2,GA,48.76880173991104,22826.976609771213,0.0017394530588770401,0.999686947460577,7.005138317434064
60,0.5,2,32,-1,0,HEFT,23.216833906327842,17095.642286372167,0.0010568963910002939,0.9998097767443583,5.611909762106444
60,0.5,2,32,-1,0,GA,35.40399849073346,24439.653119208975,0.0014011004778769157,0.9997478337132458,5.217806289495757
60,0.5,2,32,-1,1,HEFT,31.660068160433454,24260.099657879215,0.0015636477369861458,0.9997185830125346,8.516273883568598
60,0.5,2,32,-1,1,GA,41.80190311965464,31113.4058033323,0.0019459270032797051,0.9996497944756843,7.1767332382081745
60,0.5,2,32,-1,2,HEFT,27.601389544703007,20855.65335722681,0.001325157593289516,0.9997615000788364,6.355629887291686
60,0.5,2,32,-1,2,GA,41.42361957107754,29314.76815009821,0.0017323124334372659,0.999688232371611,5.409817180235441
60,0.5,4,4,-1,0,HEFT,80.1969940704297,17589.89740330641,0.0017752508640730986,0.9996805058935826,0.21396275711681637
60,0.5,4,4,-1,0,GA,85.51699926710023,17215.385623937007,0.0016938720489814208,0.9996951495075408,1.7871333484316687
60,0.5,4,4,-1,1,HEFT,96.07839794289238,20956.24233669719,0.0021116898237000456,0.9996199680621711,0.2950948258392398
60,0.5,4,4,-1,1,GA,99.8103434260151,20901.05467109876,0.0020814157863888938,0.9996254153328108,4.653186597726685
60,0.5,4,4,-1,2,HEFT,81.28175581449553,17721.77715569278,0.0017855623871572345,0.999678650414154,0.37321715570161546
60,0.5,4,4,-1,2,GA,86.83494401893569,17485.415572095964,0.00172058633839626,0.999690342412899,6.394609546764164
60,0.5,4,8,-1,0,HEFT,33.22016643321657,14224.800991600285,0.0014257965134381778,0.9997433895576742,0.5488518983347874
60,0.5,4,8,-1,0,GA,46.860926259076216,15800.305586920342,0.0014601623599546543,0.9997372053117827,7.877874272011263
60,0.5,4,8,-1,1,HEFT,37.418751944491376,16041.959459728512,0.0016084960301107672,0.9997105126241392,1.0731734028253552
60,0.5,4,8,-1,1,GA,46.16639744732137,16542.377882283297,0.0015646516443592305,0.999718402360076,5.457143973122529
60,0.5,4,8,-1,2,HEFT,36.90232523546552,16059.198924636254,0.001617128643673329,0.9997089592047301,0.38738070451331447
60,0.5,4,8,-1,2,GA,59.34547676944214,19042.13121548803,0.0017241557423283693,0.9996897001193502,6.726265001914973
60,0.5,4,16,-1,0,HEFT,21.553935076174902,17506.860279629745,0.001727196995478574,0.9996891528637992,1.3893963744561262
60,0.5,4,16,-1,0,GA,40.9845209836491,21935.11612934572,0.0018173240439903222,0.9996729351694483,8.071764103923263
60,0.5,4,16,-1,1,HEFT,21.99055137918529,17256.104526702013,0.0016839688193667232,0.999696931547039,0.9544322580881541
60,0.5,4,16,-1,1,GA,38.21664292681867,20888.98687943977,0.0017508257671176464,0.9996849010160352,8.094700377077112
60,0.5,4,16,-1,2,HEFT,20.682439736136818,16232.456701141367,0.0015841638594060851,0.9997148911565605,1.1850467912029237
60,0.5,4,16,-1,2,GA,37.754531016970866,20309.351291266285,0.0016874006894067029,0.9996963139978384,6.839454949507081
60,0.5,4,32,-1,0,HEFT,14.2788650029908,16181.349408519858,0.0013822048123218855,0.9997512340811557,3.06629402998406
60,0.5,4,32,-1,0,GA,26.437243104305225,22169.04200243768,0.0015526021512124644,0.9997205706604336,5.241209837376706
60,0.5,4,32,-1,1,HEFT,15.431539039514735,16639.572434936726,0.00138421982477559,0.9997508714692076,3.296200557373775
60,0.5,4,32,-1,1,GA,26.04083157116953,22221.797707283775,0.0015790850625264441,0.9997158050797751,6.03077526174905
60,0.5,4,32,-1,2,HEFT,16.109719688646685,18287.553681327103,0.0015634911267295574,0.9997186111944476,2.958053171121881
60,0.5,4,32,-1,2,GA,24.554652416106237,23340.659984978323,0.0017973738316787499,0.999676525039608,5.802420710481933
60,0.8,0.8,4,-1,1,HEFT,102.40424325394615,17838.852320502745,0.0016696962072756238,0.99969949984191,5.9500278978224586
60,0.8,0.8,4,-1,1,GA,150.68867236374794,20232.956429951435,0.001679573663629397,0.9996977224356186,12.803658846311887
60,0.8,0.8,4,-1,2,HEFT,80.49050514917522,15228.44463217015,0.0014683333830761939,0.9997357349152168,8.01857209224095
60,0.8,0.8,4,-1,2,GA,109.30674428265205,16113.087595164772,0.0014039229805681494,0.999747325791004,14.988171857172118
60,0.8,0.8,8,-1,0,HEFT,71.48016295733808,19049.497314641034,0.0015745996990615735,0.9997166122160751,12.023418185058777
60,0.8,0.8,8,-1,0,GA,105.69778412489863,23108.249419102947,0.0016745816722367798,0.999698620722859,10.530868802566149
60,0.8,0.8,8,-1,1,HEFT,73.5312009695855,20246.25765969818,0.0017037806675217022,0.9996933665015101,12.387221162471727
60,0.8,0.8,8,-1,1,GA,106.620425046105,23737.074109899604,0.0017443815640146676,0.9996860606077645,14.406705650838866
60,0.8,0.8,16,-1,0,HEFT,71.19404239492808,25408.43635683768,0.0015166899505182803,0.99972703307116,14.249578854197
60,0.8,0.8,16,-1,0,GA,106.89463147846799,34580.079709628655,0.0018160607836902847,0.9996731624819578,9.056111979301512
60,0.8,0.8,16,-1,1,HEFT,68.39890938011523,24599.673684499016,0.0014815352821081257,0.9997333592041979,11.089568191817458
60,0.8,0.8,16,-1,1,GA,92.79811944367125,30900.331097470822,0.0016903219850498636,0.9996957883244495,7.758806734549971
60,0.8,0.8,16,-1,2,HEFT,67.42006227627374,24003.622888103477,0.001428807613831902,0.9997428476988327,13.004031936722035
60,0.8,0.8,16,-1,2,GA,89.9731285339764,30486.055527005512,0.0017068753034214523,0.9996928096380083,8.375341185542746
60,0.8,0.8,32,-1,0,HEFT,62.67437019646875,34132.81245060785,0.0013004979709514025,0.9997659377620691,10.47336633105454
60,0.8,0.8,32,-1,0,GA,80.19661915104895,43746.71539712715,0.001673283416424335,0.9996988543385036,5.787519247428905
60,0.8,0.8,32,-1,1,HEFT,56.11049538246446,30046.20371783204,0.0010981619497371687,0.9998023503843074,8.306992237429498
60,0.8,0.8,32,-1,1,GA,67.44844984963788,36440.69331007806,0.0013618202284001438,0.9997549024002133,5.091065188775033
60,0.8,1,4,-1,0,HEFT,87.87881005335554,17965.857879995783,0.0017761854001853642,0.9996803377308404,4.412261972181751
60,0.8,1,4,-1,0,GA,106.29205800335612,18180.635199177355,0.0016897437228703184,0.9996958923799818,11.210823133551443
60,0.8,1,4,-1,1,HEFT,78.64607577793926,15973.012876385888,0.0015759691523313702,0.9997163657843722,2.7267789880419486
60,0.8,1,4,-1,1,GA,114.13997581936711,17726.090674673695,0.001582347782344195,0.9997152179572845,7.815837942585385
60,0.8,1,4,-1,2,HEFT,98.5558158092039,18798.49570110806,0.0018175473568819473,0.9996728949862759,7.2390044607341055
60,0.8,1,4,-1,2,GA,134.99406116244495,19884.640844509857,0.0017319025721850775,0.9996883061236398,21.210168154570965
60,0.8,1,8,-1,0,HEFT,64.4806193118994,17035.254597108717,0.0014011776670757588,0.999747819822694,8.40253717485252
60,0.8,1,8,-1,0,GA,85.44657889525827,19637.66753470799,0.0014773638192200514,0.9997341098675887,8.1836405866037
60,0.8,1,8,-1,1,HEFT,61.29465105953753,17198.513700200172,0.0014617864597525284,0.9997369130506866,9.066075577624636
60,0.8,1,8,-1,1,GA,81.10209545868916,19474.782229495067,0.0015102042720233732,0.9997282001753024,10.105182815513295
60,0.8,1,8,-1,2,HEFT,62.42071899247627,18103.143872366712,0.0015646970089262262,0.9997183941967533,11.925667522794331
60,0.8,1,8,-1,2,GA,87.97809931860083,21368.263041423776,0.0016695562670333453,0.9996995250235843,8.606416683376889
60,0.8,1,16,-1,0,HEFT,57.169748621874206,22041.091267739714,0.0014295219034030832,0.9997427191597809,10.054065470023685
60,0.8,1,16,-1,0,GA,72.47535020892313,26399.31893337596,0.0016129265753569402,0.9997097153571779,9.180446297793125
60,0.8,1,16,-1,1,HEFT,55.930715570467775,21492.296574006657,0.00138935389980321,0.9997499475663574,9.645707453297005
60,0.8,1,16,-1,1,GA,70.91306468379838,25730.000216246255,0.0015652056585215722,0.9997183026656119,6.450452119822137
60,0.8,1,16,-1,2,HEFT,58.55353518791128,22724.622964425886,0.0014835070036623929,0.9997330043890147,12.42282597899099
60,0.8,1,16,-1,2,GA,75.75599831506686,27114.043294339375,0.0016238878059233255,0.9997077429103596,6.814264062529651
60,0.8,1,32,-1,0,HEFT,51.9206629116392,29657.789828105593,0.0012558469341131962,0.9997739730997895,9.631105836432711
60,0.8,1,32,-1,0,GA,65.54702960401958,37546.17099799396,0.0015989808307558713,0.9997122248656738,5.742795521441781
60,0.8,2,4,-1,0,HEFT,88.24285802654987,19058.97817033092,0.001915157750007303,0.9996553310170052,0.6265557911000442
60,0.8,2,4,-1,0,GA,109.67139582424457,19764.524984744712,0.0018734235122972837,0.9996628406187902,7.296116711068815
60,0.8,2,4,-1,1,HEFT,74.19248835076448,15650.532935265564,0.001561924224086417,0.999718893157599,3.909381144024045
60,0.8,2,4,-1,1,GA,89.37370583338763,15649.813448884062,0.0014676841820260278,0.9997358517405316,16.420623133681765
60,0.8,2,4,-1,2,HEFT,77.7443310607137,16666.7273861683,0.0016711885652782995,0.9996992312982272,1.180540126650694
60,0.8,2,4,-1,2,GA,107.38994855190437,19018.60068553318,0.0017911993740364043,0.9996776360830907,18.069801332632387
60,0.8,2,8,-1,0,HEFT,43.540183449808936,16732.51286777482,0.0016217900848311578,0.9997081203898743,4.558961020038496
60,0.8,2,8,-1,0,GA,61.078430916731804,18253.212028580416,0.0016007341938726308,0.9997119093511851,11.967107798171705
60,0.8,2,8,-1,1,HEFT,41.07465858889017,15565.30192016687,0.001501567790133516,0.9997297543207194,2.4435624006160688
60,0.8,2,8,-1,1,GA,59.41683766644981,17234.84570710398,0.0014897712262435144,0.9997318771306389,12.25268218544512
60,0.8,2,8,-1,2,HEFT,41.72894284451042,15842.555132847785,0.0015292734650871815,0.9997247686593812,2.581018363379562
60,0.8,2,8,-1,2,GA,73.15519091657298,19369.47782840458,0.0015951653101309528,0.9997129114619793,10.77160347977086
60,0.8,2,16,-1,0,HEFT,30.358372721696437,16358.88328668358,0.00136047489975683,0.9997551445000457,5.965147432067146
60,0.8,2,16,-1,0,GA,48.482947453009274,20863.156660592584,0.0014928205102861503,0.9997313284068272,7.5904362186542125
60,0.8,2,16,-1,1,HEFT,34.36119063087261,18653.16994440236,0.0015575996567538525,0.9997196713612024,5.654834606306618
60,0.8,2,16,-1,1,GA,59.16079442837126,25191.661802417344,0.0017871820765077602,0.9996783589638011,10.310580528570593
60,0.8,2,16,-1,2,HEFT,32.68285275113966,17277.430333156793,0.0014214887086483174,0.9997441647638601,6.124362543086074
60,0.8,2,16,-1,2,GA,45.16795961171454,20263.40665107702,0.001497565685481632,0.999730474505137,7.282453009444294
60,0.8,2,32,-1,0,HEFT,28.43494316201603,20213.394347034067,0.0012008237949379728,0.9997838750752682,6.561382854029913
60,0.8,2,32,-1,0,GA,38.75033237137039,26307.990108999227,0.0014764680204642114,0.9997342710685048,5.118913153762016
60,0.8,2,32,-1,1,HEFT,29.17850989852936,20704.216625763358,0.0012273473933757215,0.9997791018707771,7.341714994638274
60,0.8,2,32,-1,1,GA,42.31851540811541,27778.703050816584,0.0014894564772739366,0.999731933770265,5.373991642418752
60,0.8,2,32,-1,2,HEFT,28.069770612206952,19704.428227340373,0.0011531829860791862,0.9997924486042772,5.874932832906535
60,0.8,2,32,-1,2,GA,43.35623137642303,28124.533296379897,0.0014826538046296453,0.9997331579238481,5.351971390938465
60,0.8,4,4,-1,0,HEFT,77.95332962041375,17059.488169129334,0.0017206367373836526,0.9996903333438907,0.3987154150989491
60,0.8,4,4,-1,0,GA,92.30574343470019,17404.764570434636,0.0016762388741045253,0.9996983225164671,10.183705081859284
60,0.8,4,4,-1,1,HEFT,90.18255012451097,19612.325902496617,0.0019746206067855422,0.9996446314491454,1.392269880627456
60,0.8,4,4,-1,1,GA,95.4354006793142,19408.60233054386,0.0019157239144621163,0.9996552291425328,7.466063317093314
60,0.8,4,4,-1,2,HEFT,83.83506948184262,18189.49739080726,0.0018301568547388653,0.9996706260216697,0.5606979152864471
60,0.8,4,4,-1,2,GA,92.08933034009193,17974.354187913446,0.0017511713606704177,0.9996848388287984,6.234461718125855
60,0.8,4,8,-1,0,HEFT,43.02979384860489,18401.189828331488,0.0018437118370627154,0.9996681869314656,0.6221665223471151
60,0.8,4,8,-1,0,GA,57.3760163469313,19843.13569713944,0.0018520721095392808,0.99966668258288,7.898921566696539
60,0.8,4,8,-1,1,HEFT,39.870872214197824,16996.713845830607,0.001701435415150855,0.9996937885175817,0.8312918772371729
60,0.8,4,8,-1,1,GA,54.50082988414718,18115.824627583555,0.001664566532132484,0.999700422906398,10.429138490970505
60,0.8,4,8,-1,2,HEFT,43.591242510747435,18409.304141373585,0.0018377964935842159,0.9996692513405565,1.4515520847906629
60,0.8,4,8,-1,2,GA,61.4142000129739,19819.177240210083,0.001798890702708603,0.9996762520911803,12.042557660146972
60,0.8,4,16,-1,0,HEFT,18.253548229689493,14302.243732636969,0.0013950339111804373,0.999748925420486,0.8633891978697583
60,0.8,4,16,-1,0,GA,30.0122523442381,16976.24401949923,0.0014488232001815915,0.999739245826248,6.129184676391316
60,0.8,4,16,-1,1,HEFT,23.231822505791865,17655.584032104867,0.0017047899368207791,0.9996931848887585,1.5332811060716833
60,0.8,4,16,-1,1,GA,41.12038084074806,22307.198919322786,0.0018620265888758603,0.999664891375445,6.623060922516296
60,0.8,4,16,-1,2,HEFT,20.26379609419339,15603.149045600334,0.0015132429193172097,0.9997276533676016,1.5220810492689107
60,0.8,4,16,-1,2,GA,35.64195689014312,19405.51793104182,0.0016230312930406126,0.9997078970376326,5.603047095246916
60,0.8,4,32,-1,0,HEFT,16.72963685856881,17364.352493208746,0.001413458906914512,0.9997456097594416,3.6756828463675393
60,0.8,4,32,-1,0,GA,26.250702899729557,22117.210263030975,0.0015551602518778843,0.9997201103310854,6.699789971625452
60,0.8,4,32,-1,1,HEFT,15.355226257343457,15804.864679501465,0.0012801625060312116,0.9997695972956953,2.7117690063269904
60,0.8,4,32,-1,1,GA,23.615824746346455,20136.761260956577,0.001430010924852653,0.9997426311585706,5.341564058001278
60,0.8,4,32,-1,2,HEFT,16.621603082546493,16954.295736694017,0.0013658398130485994,0.9997541790525729,2.757223279787698
60,0.8,4,32,-1,2,GA,25.691062624982145,21774.821600090974,0.0015386890894183239,0.999723074314903,6.0131038462155955
60,1,0.8,4,-1,0,HEFT,116.66559785629592,21143.152298389337,0.0020081658399595777,0.999638595471163,10.11396372774206
60,1,0.8,4,-1,0,GA,142.9370643522078,21861.317030544164,0.0019380281578343912,0.9996512157709563,15.67241366542777
60,1,0.8,4,-1,1,HEFT,114.25844898094186,19991.071922880743,0.0018742463012655732,0.9996626925667204,3.522739996239537
60,1,0.8,4,-1,1,GA,138.6994762114659,20737.301544421432,0.00181908613517714,0.9996726180968231,11.396883743588198
60,1,0.8,4,-1,2,HEFT,90.06170590962181,17500.436227446266,0.0017025160650884265,0.9996935940601746,5.905444850920324
60,1,0.8,4,-1,2,GA,124.10141835472811,18441.847671177056,0.001613046458675724,0.9997096937844452,11.149347182258053
60,1,0.8,8,-1,0,HEFT,75.15227015028739,18871.6970962564,0.0015060825790476498,0.9997289418786639,13.915424521509745
60,1,0.8,8,-1,0,GA,101.68795552848813,21860.960950471293,0.0015631675994491514,0.999718669412972,11.499364033688925
60,1,0.8,8,-1,1,HEFT,78.15389531448272,19918.695651985247,0.0016041242508778944,0.9997112993169066,14.77413222231451
60,1,0.8,8,-1,1,GA,92.51357431465772,21801.687799642677,0.0016693003443715166,0.9996995710758232,10.370670918002327
60,1,0.8,8,-1,2,HEFT,81.98481220144514,20757.69495709236,0.001665006845704603,0.9997003436737012,14.096934582162763
60,1,0.8,8,-1,2,GA,133.0075776922935,27256.855565434897,0.001871851176611721,0.9996631235438301,12.159076759927439
60,1,0.8,16,-1,0,HEFT,84.11160310469994,28363.045557527214,0.0015779867908817604,0.9997160027125078,12.613040151660739
60,1,0.8,16,-1,0,GA,108.69395115645868,34695.635391188145,0.0017863561717245575,0.9996785075788571,9.05546402229192
60,1,0.8,16,-1,1,HEFT,62.448426306363075,22203.264357547858,0.0013195305564245672,0.9997625127044171,11.069182232685984
60,1,0.8,16,-1,1,GA,83.65481716185545,27497.08279910408,0.0014774364217090225,0.9997340968026164,6.7363808059028925
60,1,0.8,16,-1,2,HEFT,79.06326442386482,27918.689402943113,0.0016458065418037558,0.999703798698745,17.790809533834267
60,1,0.8,16,-1,2,GA,103.20274730617058,34783.971219480125,0.0019339849789012109,0.9996519432895932,8.429695457122259
60,1,0.8,32,-1,1,HEFT,64.07754820688591,34358.92602546931,0.0012600965780394204,0.9997732083370706,9.606878333150911
60,1,0.8,32,-1,1,GA,90.16628987757889,47149.06446297503,0.0016182440762254186,0.999708758485326,6.138172911202569
60,1,0.8,32,-1,2,HEFT,61.587424548848986,34097.39341429062,0.0013498478536863835,0.9997570569017913,10.013693629988309
60,1,0.8,32,-1,2,GA,86.09070152409606,46100.44358832957,0.0016849630753329045,0.9996967526352195,5.6549475418841375
60,1,1,4,-1,0,HEFT,85.38846379666042,17279.116625771723,0.0017029031477431558,0.999693524406649,4.329851567239218
60,1,1,4,-1,0,GA,106.90564231160464,17732.37653326559,0.0016280239925463263,0.9997069986146342,12.032640636080357
60,1,1,4,-1,1,HEFT,75.39483166151066,15324.55324836816,0.001512351592844399,0.999727813762685,2.375547608229613
60,1,1,4,-1,1,GA,97.45987189199641,16039.640072917651,0.001467902612674654,0.9997358124334008,8.828430014041345
60,1,1,4,-1,2,HEFT,85.63261675586675,15975.501949350848,0.0015329633520761302,0.9997241046627467,5.254883710251523
60,1,1,4,-1,2,GA,129.90075789978044,18600.52382644681,0.0015975823575267892,0.9997124765184462,11.880817814874282
60,1,1,8,-1,0,HEFT,72.96945448627663,19772.114930638512,0.0016494893152397873,0.999703135996098,14.322358596370243
60,1,1,8,-1,0,GA,97.62343359585141,22557.63922347491,0.0017035903873737952,0.9996934007414345,8.81039551082578
60,1,1,8,-1,1,HEFT,86.83854031512269,23400.175187657776,0.0019462112813186045,0.9996497433235596,11.328232024656797
60,1,1,8,-1,1,GA,127.17242993191242,28070.850527086677,0.0020493924100288227,0.9996311773979788,9.807443020872418
60,1,1,8,-1,2,HEFT,63.37710424304867,17546.580802277258,0.001480927492886897,0.9997334685770927,14.01875101146665
60,1,1,8,-1,2,GA,107.69187608341429,22838.04084800629,0.0016149380806199643,0.9997093533914002,10.56227946196702
60,1,1,16,-1,0,HEFT,53.36382462460631,22366.731938954385,0.0015660048593061984,0.999718158850006,10.582708671960066
60,1,1,16,-1,0,GA,84.22886566983146,29299.8418464079,0.0016961110643152792,0.9996947466077232,7.948182765301202
60,1,1,16,-1,1,HEFT,58.63994260920463,21537.6302119952,0.00132800532700619,0.9997609876091522,12.525057532293388
60,1,1,16,-1,1,GA,83.81362003337853,28792.081789289492,0.0016408096567029472,0.999704697872053,8.225362026769973
60,1,1,16,-1,2,HEFT,53.22978853218605,20742.731871694577,0.0013595106554928757,0.9997553180215303,9.275757860345339
60,1,1,16,-1,2,GA,92.51691311249853,30630.440738986796,0.0016624280906184855,0.9997008077106314,7.916562792009771
60,1,1,32,-1,0,HEFT,53.52092877549541,31085.7844038439,0.0013609493222291552,0.9997550591249141,10.157952535892514
60,1,1,32,-1,0,GA,68.39671573390365,39152.77822393432,0.0016651730467849247,0.999700313766472,6.432160575238579
60,1,1,32,-1,1,HEFT,61.66297306576369,33375.48028782979,0.0012528292804362443,0.9997745161548249,10.799536966511521
60,1,1,32,-1,1,GA,81.40241115997172,43409.30823055214,0.00156986852004173,0.9997174635873242,5.652293901894877
60,1,1,32,-1,2,HEFT,51.30166442683471,29015.795835853954,0.001203611976220856,0.9997833733112304,10.79202058677845
60,1,1,32,-1,2,GA,74.90921268654051,40976.31440612025,0.001577671412724637,0.9997160594644557,5.84669865643924
60,1,2,4,-1,0,HEFT,85.19988299633945,17838.867173521983,0.0017763918332942752,0.9996803005847602,1.0723140679641154
60,1,2,4,-1,0,GA,103.88842101052212,18658.67931712417,0.0017664128047311508,0.9996820962372617,4.854146268199371
60,1,2,4,-1,1,HEFT,66.9903747938126,14437.819671366631,0.0014499071939617087,0.9997390507582643,0.736555358167758
60,1,2,4,-1,1,GA,94.78757371580525,15721.485337700738,0.001443369741517065,0.9997402271933272,10.274890450899653
60,1,2,4,-1,2,HEFT,76.64838895490519,16111.220684636231,0.0016062142137985508,0.9997109232322593,1.224035121833417
60,1,2,4,-1,2,GA,121.33159796093945,18456.490910546352,0.0016321155308037802,0.9997062623538086,7.253535764929241
60,1,2,8,-1,0,HEFT,47.43008505924346,18037.43321638411,0.0017421376034491912,0.9996864643939438,3.4887669706447952
60,1,2,8,-1,0,GA,74.20177728515712,21324.774048950283,0.001834806644647959,0.9996697893355104,8.19003804755597
60,1,2,8,-1,1,HEFT,43.189864257787924,16698.875561751116,0.0016217892239022583,0.9997081205447957,3.108341347370879
60,1,2,8,-1,1,GA,60.351282934600555,18546.322947604254,0.001647622711354341,0.9997034718851113,11.886263465459537
60,1,2,8,-1,2,HEFT,50.09958931000733,18186.067482544786,0.0017282308667679693,0.999688966824832,4.55108923691737
60,1,2,8,-1,2,GA,66.45601682958089,20207.086664412964,0.0017864740373091986,0.9996784863698727,9.325971961038833
60,1,2,16,-1,0,HEFT,31.318925295180037,17209.52118398836,0.0014465487761387333,0.9997396551159075,5.719830238115626
60,1,2,16,-1,0,GA,45.89878049374911,20905.49641061971,0.0015623941286588997,0.999718808598556,6.245691216089304
60,1,2,16,-1,1,HEFT,37.917726739906854,20282.36017136687,0.0016798651986181857,0.9996976699751845,5.084491251004632
60,1,2,16,-1,1,GA,54.65575442637352,24424.28211272826,0.0017997903440393464,0.9996760902081803,8.009065188004065
60,1,2,16,-1,2,HEFT,31.896471371025747,16936.47775226488,0.0013969451226134282,0.9997485814888625,4.68542406648371
60,1,2,16,-1,2,GA,44.301048852305556,20441.223299428908,0.0015420441756829773,0.9997224705667972,6.490630227564017
60,1,2,32,-1,0,HEFT,33.645982911340546,23197.051583917993,0.001327777021442277,0.999761028694333,6.903094020918632
60,1,2,32,-1,0,GA,44.225122213808106,29903.46188546995,0.0016693817771792814,0.9996995564223218,6.497598396738072
60,1,2,32,-1,1,HEFT,31.883903073047343,21818.239101518084,0.0012370568890785409,0.9997773545491434,7.0825731017574
60,1,2,32,-1,1,GA,43.28306675857887,28543.282318298905,0.0015403856179592537,0.9997227690243781,5.941274270875417
60,1,2,32,-1,2,HEFT,28.640866945985675,20515.663574692637,0.0012296602929501475,0.9997786856409052,6.489364586995863
60,1,2,32,-1,2,GA,40.12288507185603,26808.468576838586,0.0014730336833650994,0.9997348890851048,5.685986166140353
60,1,4,4,-1,0,HEFT,74.50850872462736,16264.799156449795,0.0016393269686909148,0.9997049646771183,0.7380567770720293
60,1,4,4,-1,0,GA,80.37885454529354,16651.36737900028,0.0016528659380912383,0.9997025283846007,7.044257907850467
60,1,4,4,-1,1,HEFT,72.28361240352004,15803.81243214891,0.001593565767025833,0.999713199297123,0.5350887125964027
60,1,4,4,-1,1,GA,77.81307610654855,15463.027191994113,0.0015152454184599205,0.9997272930159886,6.0757824479100195
60,1,4,4,-1,2,HEFT,80.48312006609473,17591.858999792392,0.0017737298755322803,0.9996807795840867,0.4072578267532146
60,1,4,4,-1,2,GA,91.69704211202414,18125.24425029175,0.0017730989959837977,0.9996808931061624,4.556243735537372
60,1,4,8,-1,0,HEFT,37.40660509284466,15988.273954110311,0.0016017105768988662,0.9997117336528882,0.7668526456480693
60,1,4,8,-1,0,GA,57.84078395705033,18792.207040182628,0.0017105286537862788,0.9996921522371687,7.8890230565277575
60,1,4,8,-1,1,HEFT,36.01239776046265,15351.260616429176,0.0015367016061272301,0.9997234319628897,1.0475987251329668
60,1,4,8,-1,1,GA,52.0721634742147,17065.91055345235,0.0015590417131689585,0.9997194118638452,8.260984161157285
60,1,4,8,-1,2,HEFT,40.0091761411685,17006.750241542577,0.0017010167095594833,0.9996938638615129,0.8242883978949976
60,1,4,8,-1,2,GA,51.277539299194245,18004.836995787547,0.0016902058427732424,0.9996958092236995,8.572482793655983
60,1,4,16,-1,0,HEFT,21.85146343133555,16151.60758316255,0.0015447191995279228,0.9997219891962523,2.2554450422648546
60,1,4,16,-1,0,GA,36.62867622012487,19685.100334730756,0.001634676292049972,0.9997058015522837,8.096498758257804
60,1,4,16,-1,1,HEFT,23.024608651015125,17172.5265702807,0.0016475196006829197,0.9997034904395284,1.2959699940021199
60,1,4,16,-1,1,GA,44.48215142390936,22014.52113514523,0.0017408201630173944,0.9996867014588977,7.933699669826404
60,1,4,16,-1,2,HEFT,23.724538262651382,17774.190899609428,0.001707891415139582,0.9996926267941012,1.7715016064106723
60,1,4,16,-1,2,GA,43.73706780865673,22568.633001221144,0.0018308935377208077,0.9996704934624182,8.018557180026361
60,1,4,32,-1,0,HEFT,17.996464043786826,18215.00391412303,0.0014605118502983058,0.9997371424200552,3.1032236723854374
60,1,4,32,-1,0,GA,30.059557753900656,25217.29341842955,0.0017667213489575837,0.9996820407169579,5.806287165705808
60,1,4,32,-1,1,HEFT,18.53635382240262,17803.699739161973,0.0013805865466872571,0.9997515252965494,3.7539035108568855
60,1,4,32,-1,1,GA,27.146148736881667,22901.96520301586,0.0016121245591800132,0.9997098596781934,5.084302518243736
60,1,4,32,-1,2,HEFT,17.697616663708448,17416.572250634774,0.0013721818413140478,0.9997530377687567,2.937220406081204
60,1,4,32,-1,2,GA,26.122881465267344,21955.727364969945,0.0015406383568872465,0.9997227235439841,6.304187535768251
60,2,0.8,4,-1,1,HEFT,100.26085225397055,15915.544498012518,0.001434499171811619,0.9997418234823687,9.343247642762716
60,2,0.8,4,-1,1,GA,139.0349468467634,17474.521219484624,0.0013954578515297136,0.9997488491303858,7.934489036711599
60,2,0.8,4,-1,2,HEFT,91.64614653832555,17966.254880594664,0.0017528733652138295,0.9996845325645801,5.382068853602569
60,2,0.8,4,-1,2,GA,120.26010891471238,19234.853691956912,0.0017393240909626248,0.9996869706675354,15.604908432080467
60,2,0.8,8,-1,0,HEFT,85.61014607761652,19006.8145820871,0.0013938295295395236,0.9997491421547752,13.283174922411497
60,2,0.8,8,-1,0,GA,103.3742541361,20892.400027950433,0.0014171151977887381,0.999744951794723,7.526357976419077
60,2,0.8,8,-1,1,HEFT,91.05658504567197,20899.613984186726,0.00157082452452225,0.9997172915551518,20.419443304666434
60,2,0.8,8,-1,1,GA,110.31427248413604,23326.07636901884,0.0016454659186746488,0.9997038599927488,10.18145866780344
60,2,0.8,8,-1,2,HEFT,93.58877858575016,21056.50994684117,0.0015596882690709505,0.9997192955164449,16.793053439352526
60,2,0.8,8,-1,2,GA,138.78363549176984,26939.014016723268,0.0017591453500663257,0.9996834039640935,8.178351986115514
60,2,0.8,16,-1,0,HEFT,90.77106451199434,29271.06300066956,0.0015301057641300578,0.999724618886798,13.197361154896571
60,2,0.8,16,-1,0,GA,113.08023391060391,35111.199171430424,0.0017312395685522574,0.9996884254271028,6.0682868055667125
60,2,0.8,16,-1,1,HEFT,74.69617411967799,24073.275419746176,0.0012573139520372098,0.9997737090962828,12.579470236962386
60,2,0.8,16,-1,1,GA,95.19125335033661,29536.4439811524,0.0014547446172981616,0.9997381802496611,8.209426130461294
60,2,0.8,16,-1,2,HEFT,79.40463361316839,25556.39299062684,0.001332132214069575,0.9997602449473041,16.290880421647724
60,2,0.8,16,-1,2,GA,102.42527081511864,31109.721833792646,0.0014785619944818948,0.9997338942534097,9.088820209749716
60,2,0.8,32,-1,0,HEFT,89.06496283015827,44701.45127142288,0.0013566544631320543,0.9997558320104929,10.626047416489124
60,2,0.8,32,-1,0,GA,107.9471605741906,54007.457972259705,0.0016221897043631152,0.9997080484793569,6.085443129167712
60,2,0.8,32,-1,1,HEFT,80.6994588839102,40340.82945399658,0.0012082993853456147,0.9997825297607188,12.298668395412852
60,2,0.8,32,-1,1,GA,109.16741975964325,54033.87079997985,0.001565062223808377,0.9997183284765891,5.750353471168555
60,2,0.8,32,-1,2,HEFT,69.74247250758015,37409.80961591891,0.0013732170766160374,0.9997528514724401,10.238637664547216
60,2,0.8,32,-1,2,GA,97.82326020553758,50394.625980772005,0.0016576865712978777,0.9997016609291205,6.197713218138739
60,2,1,4,-1,0,HEFT,96.21583881494757,18556.94493630177,0.0018008507329695465,0.9996758994000157,4.057804356204206
60,2,1,4,-1,0,GA,135.3241358176395,20390.756888850057,0.0017952452673906153,0.9996769080573165,11.419131001128967
60,2,1,4,-1,1,HEFT,77.54406313319284,14788.080122714404,0.0014297112522378744,0.9997426850857598,1.5790942401734311
60,2,1,4,-1,1,GA,104.20394868933403,15139.576334087498,0.001309791575839724,0.9997642653061389,9.6128058428915
60,2,1,4,-1,2,HEFT,89.37759525779818,17517.846113429463,0.0017090079510407171,0.9996924258794341,5.184762128830625
60,2,1,4,-1,2,GA,107.33913642207311,17465.981569895117,0.0015909177030536965,0.9997136758120464,14.746284314085237
60,2,1,8,-1,0,HEFT,74.06513040411465,18065.226323591873,0.0014153712926094145,0.9997452656176435,11.485093279089059
60,2,1,8,-1,0,GA,97.81461020722494,20390.550764918335,0.0014212336156362718,0.9997442106688565,10.445393573732586
60,2,1,8,-1,1,HEFT,77.03807850784013,19786.52815474075,0.0016008879351405811,0.9997118816857304,13.045093952496483
60,2,1,8,-1,1,GA,121.04730456220285,24430.1773932792,0.0016549917513317479,0.9997021458521175,7.397195487862576
60,2,1,8,-1,2,HEFT,75.70420249348064,18089.48021781261,0.0013981752943718947,0.9997483601136419,15.432370337497495
60,2,1,8,-1,2,GA,102.8698951683939,21875.25653962644,0.0015503548583282465,0.9997209750602023,7.287470228477937
60,2,1,16,-1,0,HEFT,59.64100770187391,20424.765835962146,0.001159391777416325,0.9997913312544169,11.998365060748378
60,2,1,16,-1,0,GA,96.81636800903236,29939.897460751738,0.0014665574680901197,0.9997360544954892,5.868850270043205
60,2,1,16,-1,1,HEFT,78.73843114627363,26636.39982661229,0.0014881939336599166,0.9997321609672211,12.253473472294164
60,2,1,16,-1,1,GA,96.08836701124297,30999.93666023075,0.0016215723764951035,0.999708159565938,8.469306035871409
60,2,1,16,-1,2,HEFT,70.18957372404672,23629.540668558853,0.0013117755185454627,0.9997639082806993,14.530593257170029
60,2,1,16,-1,2,GA,91.30063473526508,29707.87508623632,0.0015734048084063855,0.9997168272354642,8.060004563114415
60,2,1,32,-1,0,HEFT,61.07904558743741,34012.15359162928,0.0013640568586632182,0.9997544999055221,10.689427913405963
60,2,1,32,-1,0,GA,83.90140254232645,44993.265132308625,0.001650533146777167,0.9997029481622164,6.285194799899619
60,2,1,32,-1,1,HEFT,75.0878213967316,39123.776595349096,0.0013294642350134582,0.9997607250685112,12.111336855533974
60,2,1,32,-1,1,GA,92.77567735681068,48159.58492795538,0.0016193442923695199,0.9997085605041166,6.121128089019847
60,2,1,32,-1,2,HEFT,69.13559955366073,34987.58098034852,0.0010903760661166407,0.9998037515673419,9.260452612226105
60,2,1,32,-1,2,GA,86.00352385763118,43547.34588466394,0.0013594305844100221,0.9997553324307991,6.2628323483257
60,2,2,4,-1,0,HEFT,69.9398642635498,15019.981987683064,0.0015068305559473739,0.9997288072793248,1.8833276860655073
60,2,2,4,-1,0,GA,90.48670714391712,15812.80209876841,0.0014818398134186547,0.9997333044031794,12.948671994238328
60,2,2,4,-1,1,HEFT,73.70983246017077,15228.06151651732,0.0015103345682724964,0.999728176728353,2.5414717478102165
60,2,2,4,-1,1,GA,96.07238575675197,16392.38065609885,0.0015220808966117255,0.9997260629662127,5.261006596129939
60,2,2,4,-1,2,HEFT,73.44298121975746,15696.967295872055,0.0015725716017214078,0.9997169771702101,1.938179304210914
60,2,2,4,-1,2,GA,106.88698343616912,17733.578107744906,0.001628294948683306,0.9997069498568205,3.9143557048162445
60,2,2,8,-1,0,HEFT,44.87181649428063,15563.882969952438,0.001454287931072545,0.9997382624316616,3.944665847883946
60,2,2,8,-1,0,GA,63.679946188657496,17397.47611456502,0.0014579071421775064,0.9997376111443863,6.702275499246988
60,2,2,8,-1,1,HEFT,43.14652057311343,14848.278521234757,0.0013832315951183294,0.9997510493062471,4.870394932148952
60,2,2,8,-1,1,GA,67.98527759822099,18078.90073711361,0.0014925470397525052,0.9997313776182992,7.561558924600372
60,2,2,8,-1,2,HEFT,46.35568871913355,16459.36329617967,0.001551578446917681,0.9997207548757345,4.471548174793011
60,2,2,8,-1,2,GA,71.4636796933883,19221.913281609297,0.0015970801073700285,0.9997125668974849,11.370493084715095
60,2,2,16,-1,0,HEFT,40.61941220790687,17775.944251191977,0.0012890202980973978,0.9997680032617492,7.8397675535095495
60,2,2,16,-1,0,GA,53.53520001711426,21761.70691899399,0.0014835850795488442,0.9997329903391072,6.665944814495792
60,2,2,16,-1,1,HEFT,41.849748544558665,19066.55136844109,0.0014252454325433886,0.9997434887267856,9.345263328386672
60,2,2,16,-1,1,GA,62.46164168716056,24030.944589012994,0.0015553371298550603,0.999720078501961,8.14208974803122
60,2,2,16,-1,2,HEFT,47.55922325712764,20142.158665101117,0.0014225824030662285,0.9997439679492494,10.604433718999669
60,2,2,16,-1,2,GA,60.710791264086396,24471.10234658578,0.0016556370056694046,0.9997020297409379,8.03803419713918
60,2,2,32,-1,0,HEFT,48.14187617300438,29478.524305578485,0.0014201607047990706,0.9997444037434263,9.963677886378788
60,2,2,32,-1,0,GA,56.7053148961454,34993.18206142942,0.001707796013089094,0.9996926439611926,5.332107178605824
60,2,2,32,-1,1,HEFT,42.68034194011661,26497.853436351787,0.001306020947202456,0.9997649438595277,7.557580844867437
60,2,2,32,-1,1,GA,53.16766114658613,33113.15605992527,0.0016404101007281907,0.9997047697708915,5.596726580573883
60,2,2,32,-1,2,HEFT,43.4377094940747,27802.063696311012,0.0014369487403858305,0.9997413826739581,8.427809079657226
60,2,2,32,-1,2,GA,59.98098627587567,36452.35127107467,0.001733805237873181,0.9996879637506233,6.197274252260167
60,2,4,4,-1,0,HEFT,75.58131544019528,16407.75267075031,0.0016511433500802242,0.9997028383582552,0.975616006902556
60,2,4,4,-1,0,GA,82.66863989374693,16048.872363491944,0.0015608239856062128,0.9997190911448739,3.8631981286047608
60,2,4,4,-1,1,HEFT,86.60282430928358,18860.363365325542,0.0018996676742222135,0.9996581182735214,1.113003248096893
60,2,4,4,-1,1,GA,95.68814336985822,18653.132124978747,0.001816550548220356,0.9996730743531597,11.303153634817217
60,2,4,4,-1,2,HEFT,91.83885279963997,19950.11051107828,0.0020079903845859897,0.9996386270417169,0.8556006970006675
60,2,4,4,-1,2,GA,99.70262177917088,19384.953519853174,0.0018862051258983165,0.9996605407066859,3.8851897164618214
60,2,4,8,-1,0,HEFT,32.80786821596888,13742.766428044852,0.0013686319223917107,0.9997536765965624,1.4355617723215748
60,2,4,8,-1,0,GA,46.89619711110299,14982.18988668952,0.00135402518915034,0.9997563051643644,7.431540916922851
60,2,4,8,-1,1,HEFT,32.88381610266704,13843.232709080436,0.0013806700727680102,0.9997515102655907,1.547737873724721
60,2,4,8,-1,1,GA,49.178407120394176,15350.767935754924,0.001373338611394972,0.9997528296015858,7.979711108244159
60,2,4,8,-1,2,HEFT,37.41339974829273,15957.826784699357,0.001597692559284658,0.9997124566878333,1.077596043787974
60,2,4,8,-1,2,GA,57.14881296608864,18069.167613424404,0.0016256952931110974,0.9997074176578038,6.965629330691309
60,2,4,16,-1,0,HEFT,23.137657397296355,16710.473554142005,0.0015850185185867065,0.9997147373617797,2.19817468096936
60,2,4,16,-1,0,GA,38.549358295735985,20011.253288733176,0.0016291700899162623,0.9997067923775751,7.774473906715275
60,2,4,16,-1,1,HEFT,25.4510499633218,16582.75431153476,0.0015111308421934077,0.9997280334380174,2.113827290555677
60,2,4,16,-1,1,GA,39.13006504865024,18820.964390901376,0.0014609808658346943,0.9997370580194537,6.062344834545486
60,2,4,16,-1,2,HEFT,26.86181874507707,18846.102633139068,0.0017685572912253579,0.9996817103524799,2.75420006650342
60,2,4,16,-1,2,GA,43.129645624163196,22630.463764778782,0.0018539498455994122,0.9996663447031058,6.011092401163154
60,2,4,32,-1,0,HEFT,24.040268465647696,20501.10998502939,0.0014560267305194672,0.9997379495297309,3.363237715982758
60,2,4,32,-1,0,GA,32.941997331586975,25623.595828310798,0.001676210446121627,0.9996983276319603,6.015481883592231
60,2,4,32,-1,1,HEFT,28.94062867380873,22519.452955114513,0.0014736759101255765,0.9997347735149414,4.159918610949244
60,2,4,32,-1,1,GA,35.91941206737313,27052.44808640088,0.0017130999809469763,0.9996916895408701,5.714578994511094
60,2,4,32,-1,2,HEFT,23.138449544058528,18472.319510589354,0.0012386505020246614,0.9997770677627202,3.925427309194245
60,2,4,32,-1,2,GA,34.25491866052238,25352.550804105267,0.0015760545269334206,0.9997163504213028,5.577717715577041
60,5,0.8,4,-1,0,HEFT,123.80482616699253,19009.219053972185,0.001688189586299295,0.9996961720395323,5.944310286915321
60,5,0.8,4,-1,0,GA,181.68545000496962,21583.79162214958,0.001661872095854139,0.9997009077597508,15.595881286828753
60,5,0.8,4,-1,1,HEFT,136.41188144505864,17279.854696509137,0.001386574210225623,0.999750447785495,18.940772840890705
60,5,0.8,4,-1,1,GA,179.84884881377414,19544.61258205509,0.0014098020463816452,0.9997462678271054,10.379968236473358
60,5,0.8,4,-1,2,HEFT,141.448621434878,20586.349775184328,0.0017825343599883962,0.9996791952840431,11.262121787051594
60,5,0.8,4,-1,2,GA,216.5110156225269,24465.573987451156,0.0018182228989108355,0.9996727734284929,14.293651778539513
60,5,0.8,8,-1,2,HEFT,128.3579305066203,23891.13973461625,0.0014946742126590046,0.999730994830102,22.15515298895887
60,5,0.8,8,-1,2,GA,160.59337054192127,27494.869566462272,0.0015604529708576004,0.9997191579087708,13.319053458755276
60,5,0.8,16,-1,0,HEFT,130.01277488410156,35161.35259351107,0.001317687314698135,0.9997628444091884,17.229074351480204
60,5,0.8,16,-1,0,GA,169.28257461739386,44163.04451040052,0.001506562039258514,0.9997288555992232,9.015604293388305
60,5,0.8,16,-1,1,HEFT,123.08841863344543,33422.14043994437,0.0012647498788530814,0.9997723709332348,17.13190474728064
60,5,0.8,16,-1,1,GA,174.12457176686368,44469.778362793935,0.0014260801787540198,0.9997433385110215,8.317543419922606
60,5,0.8,16,-1,2,HEFT,114.25758419341638,32040.6085030693,0.0013053168395262737,0.9997650705691264,17.683094904804587
60,5,0.8,16,-1,2,GA,157.25722406109722,41762.66700106822,0.0014947390156766862,0.9997309831686968,7.7430446623111635
60,5,0.8,32,-1,0,HEFT,144.08270499429565,65629.95739379703,0.0013310334206702201,0.9997604426827162,18.506975935852967
60,5,0.8,32,-1,0,GA,183.00509931968207,82352.52348858459,0.0015605381588923327,0.9997191425792317,6.283946090031829
60,5,0.8,32,-1,1,HEFT,149.19374111073955,67301.48043324018,0.0012934216856222475,0.9997672111961075,16.57809301342461
60,5,0.8,32,-1,1,GA,213.29990860725997,94857.77853074796,0.0016732058947752121,0.9996988682881985,6.908156304367316
60,5,0.8,32,-1,2,HEFT,143.39700780906983,65446.23632531458,0.0013413159336733544,0.999758592275474,13.313823011133964
60,5,0.8,32,-1,2,GA,191.50859037845171,86332.37266923822,0.0016528519333220604,0.9997025309047097,6.870317224351793
60,5,1,4,-1,0,HEFT,137.6036223357323,20920.07041126867,0.0018494956768932195,0.999667146186286,2.8245454429076737
60,5,1,4,-1,0,GA,172.68211573075018,21029.411159363415,0.0016460813442231795,0.9997037492489622,20.23110340841825
60,5,1,4,-1,1,HEFT,166.23524374252656,22134.346589603512,0.0018288184612354312,0.9996708668531795,16.438039799423336
60,5,1,4,-1,1,GA,214.91261215715295,24552.902288097095,0.0018394182047227067,0.9996689595291424,6.579231805513959
60,5,1,4,-1,2,HEFT,117.68628931786684,18991.61156753986,0.0017238591318194123,0.9996897534926761,15.007366995183995
60,5,1,4,-1,2,GA,159.34683295022504,20443.837752492378,0.0016531252933955527,0.9997024817145345,21.771075768042948
60,5,1,8,-1,0,HEFT,118.0422876755045,21848.581669540512,0.0013587237794175815,0.9997554596245776,17.38312415544112
60,5,1,8,-1,0,GA,141.47143111723005,24623.054949491798,0.0014265888323304536,0.9997432469768809,6.899774419228164
60,5,1,8,-1,1,HEFT,120.00758312285484,23229.372712623433,0.0015127447975231741,0.9997277430051096,15.448460344390421
60,5,1,8,-1,1,GA,147.88627782824798,25981.34082100384,0.0015225139728025883,0.9997259850338553,9.709944494577279
60,5,1,8,-1,2,HEFT,105.59226826890287,21430.375531156707,0.0014591108239459991,0.9997373945385415,17.56789223245918
60,5,1,8,-1,2,GA,153.07346789867972,26751.746107494826,0.0015577122983490405,0.9997196510913985,6.121289315168543
60,5,1,16,-1,0,HEFT,124.38176464501412,33758.959908383316,0.0012761836042042124,0.9997703133332649,17.44417635963265
60,5,1,16,-1,0,GA,178.0779500617205,46062.30400003401,0.001533764546276961,0.999723960487589,7.8765768812823
60,5,1,16,-1,1,HEFT,103.6639408584563,29639.308072561988,0.0012578593575889377,0.9997736109455041,17.302395936409106
60,5,1,16,-1,1,GA,127.62175322568271,35456.76448908176,0.001415166391440656,0.9997453024904596,8.007562488485236
60,5,1,16,-1,2,HEFT,127.6759322846274,35306.653779841,0.001394428266303946,0.999749034409199,14.78855690493807
60,5,1,16,-1,2,GA,148.9531767888372,40862.84531590602,0.001584474854321613,0.9997148351934365,8.33129178101889
60,5,1,32,-1,0,HEFT,128.68817424268534,60240.41375243003,0.0013984696179895168,0.9997483071487233,15.698908704457171
60,5,1,32,-1,0,GA,161.60147404580715,74360.90541417511,0.0015899146486544143,0.9997138563101592,6.038710421049441
60,5,1,32,-1,1,HEFT,112.65610693118222,53419.996857775615,0.001312668190723726,0.999763747637655,12.107855116910281
60,5,1,32,-1,1,GA,146.70655416459857,68962.94736080903,0.001631476816744597,0.9997063772885744,6.496798388884126
60,5,1,32,-1,2,HEFT,113.82207969687147,52926.83728692442,0.0011911057730395053,0.9997856239426843,12.144620979265916
60,5,1,32,-1,2,GA,165.7959423798809,75414.51482470478,0.001517942241709369,0.9997268077203006,5.768074012226665
60,5,2,4,-1,0,HEFT,75.45911852152497,14198.120190626563,0.0013664189278544399,0.9997540748375378,1.7396098158656244
60,5,2,4,-1,0,GA,118.69455198769495,16764.48820054034,0.0014298643029884994,0.999742657543714,14.503251894124299
60,5,2,4,-1,1,HEFT,79.2179516869011,15834.067279681043,0.0015544710075852443,0.9997202343603417,4.104165430297316
60,5,2,4,-1,1,GA,109.40487062056474,17165.653887649638,0.0015393049222044615,0.9997229634957042,5.553931235021124
60,5,2,4,-1,2,HEFT,88.66289343708435,16484.15665774366,0.0015798886011322497,0.9997156604839414,3.469846883716868
60,5,2,4,-1,2,GA,133.02505395396614,19000.523977253593,0.0016298864841683743,0.9997066634644269,9.434728914148867
60,5,2,8,-1,0,HEFT,85.0055794715775,21916.265896898236,0.00177722613276832,0.9996801504588761,10.972957140186383
60,5,2,8,-1,0,GA,126.6188774252986,26250.239308268443,0.0018210370898501008,0.9996722670400109,12.753087000337255
60,5,2,8,-1,1,HEFT,77.20597689163067,20737.46652608539,0.001721665729262125,0.9996901481827257,7.922960026189357
60,5,2,8,-1,1,GA,109.82015641087712,24018.529430831753,0.0017410587099983912,0.9996866585338949,9.84229869594846
60,5,2,8,-1,2,HEFT,70.52197844820853,18098.197764481665,0.0014635772394642952,0.9997365907951951,10.38285110420934
60,5,2,8,-1,2,GA,98.20383094132501,20646.669282920142,0.0014494963194512844,0.99973912469638,10.81017549161106
60,5,2,16,-1,0,HEFT,77.01593149948354,26228.372916545963,0.0014782059520213333,0.9997339583240009,12.203853489299938
60,5,2,16,-1,0,GA,103.70920296032683,33111.832261930416,0.0017053831128614552,0.9996930781498357,8.725695902512165
60,5,2,16,-1,1,HEFT,71.31218438732057,25339.08114208451,0.0015047986743822947,0.9997291729188881,12.476702639684335
60,5,2,16,-1,1,GA,90.27876312601633,29855.549345289535,0.0016178329231388117,0.9997088324713299,8.271813251998982
60,5,2,16,-1,2,HEFT,82.90102189043702,26869.89680485712,0.0014151034369371072,0.9997453138193844,14.381325106840544
60,5,2,16,-1,2,GA,98.90766708374427,32024.635252428994,0.0016840262496576348,0.9996969212127196,6.9498342784560325
60,5,2,32,-1,0,HEFT,74.76339601595718,38360.82472808204,0.0012469871651103988,0.9997755674990224,10.911596004241709
60,5,2,32,-1,0,GA,82.4064704072302,43679.710280785184,0.0015549903933344685,0.9997201408970658,6.585173692980815
60,5,2,32,-1,1,HEFT,68.36870227199064,35218.56994428083,0.0011582672185835175,0.9997915336327888,9.751779802289217
60,5,2,32,-1,1,GA,80.66365431627622,41656.85654074281,0.00138010507536082,0.999751611939859,5.235067905708372
60,5,2,32,-1,2,HEFT,73.29337844769782,38593.732804320694,0.001350009751990276,0.999757027767177,11.578711905081489
60,5,2,32,-1,2,GA,98.76316345431532,51650.55145805792,0.0017733199859949404,0.9996808533406548,6.368541966221977
60,5,4,4,-1,0,HEFT,90.14186732085822,18828.28431824546,0.001873575540935952,0.9996628132628613,1.7195326787060186
60,5,4,4,-1,0,GA,105.41626037737225,19112.36557125696,0.0018155536270210715,0.999673253740326,11.560087093598218
60,5,4,4,-1,1,HEFT,85.96760248993044,18383.706409498474,0.0018420234483180636,0.999668490740644,1.9071731002918935
60,5,4,4,-1,1,GA,101.69881083525388,18921.72826900961,0.0018139774352606498,0.9996735373621813,6.865547747922398
60,5,4,4,-1,2,HEFT,83.29261071309931,17711.037300601718,0.0017717043910042574,0.9996811440549846,1.7469439897967123
60,5,4,4,-1,2,GA,97.80718513233906,18171.09711622198,0.0017411307790529335,0.9996866455655302,10.434743091144156
60,5,4,8,-1,0,HEFT,53.51584845614351,19182.124431800352,0.0018145481886318571,0.9996734346601187,2.29830120412576
60,5,4,8,-1,0,GA,71.39217907644463,21127.45985205742,0.0018441615840721886,0.9996681060038688,6.595551598310899
60,5,4,8,-1,1,HEFT,42.66213234053583,16148.476917147847,0.0015572238000589678,0.9997197389964435,2.034548831698929
60,5,4,8,-1,1,GA,61.81636022828568,18201.706707383946,0.0015849271479933488,0.9997147538037956,7.805402617925619
60,5,4,8,-1,2,HEFT,47.666600979329345,16527.778049631157,0.0015441581854800436,0.9997220901507119,2.1651116085275928
60,5,4,8,-1,2,GA,72.73258273179026,18950.492421162606,0.001546274480479424,0.9997217093235499,8.554086862127928
60,5,4,16,-1,0,HEFT,41.48303022775441,20204.634075985316,0.0015813814305240914,0.9997153918510912,3.3729990196724677
60,5,4,16,-1,0,GA,54.6515772295883,23343.80855010889,0.0016602978969028344,0.9997011910308529,7.734570257461308
60,5,4,16,-1,1,HEFT,40.04169845038423,20471.86884719463,0.001651661853323108,0.9997027450554102,2.9308822167649753
60,5,4,16,-1,1,GA,50.56434710621236,22395.696736945894,0.001639191484825985,0.9997049890570201,6.6581860767923
60,5,4,16,-1,2,HEFT,44.07602602446278,22228.039151170073,0.001778480898510752,0.999679924673308,3.7604844711781644
60,5,4,16,-1,2,GA,59.78127593427077,25579.530799125372,0.001821902560690618,0.9996721113063267,8.623362542097455
60,5,4,32,-1,0,HEFT,36.37541487752611,24649.056202147134,0.0013799608383949751,0.999751637896064,4.880649948727933
60,5,4,32,-1,0,GA,42.737442986932834,28275.130245108237,0.001532810353763053,0.9997241321948451,5.84993330359089
60,5,4,32,-1,1,HEFT,35.215632094716135,24385.165800341238,0.001403406082166698,0.9997474188092109,4.696974774372528
60,5,4,32,-1,1,GA,46.44969371092342,30286.86126798839,0.0016085502432808528,0.9997105028685934,5.5699290145924065
60,5,4,32,-1,2,HEFT,41.36569728403151,25336.043876015716,0.0012211390334557642,0.9997802191293329,4.72383632167888
60,5,4,32,-1,2,GA,47.8774194386691,29904.201331363096,0.001488278070660744,0.9997321458266177,4.954010077731778
60,8,0.5,32,-1,2,HEFT,156.5369103531947,69957.20697905928,0.0012722265379111768,0.9997710254418528,18.971449288025
60,8,0.5,32,-1,2,GA,336.886226112681,142329.78449235088,0.0016751257965221412,0.9996985228100097,6.144243346556303
60,8,0.8,4,-1,0,HEFT,159.59483907484838,18841.230432373115,0.0014445320615995342,0.9997400180300833,15.866321554496064
60,8,0.8,4,-1,0,GA,220.46403018982215,21934.304957574,0.001466670737527459,0.9997360341123717,11.85014422493388
60,8,0.8,4,-1,1,HEFT,202.89833755718843,22274.04289982291,0.0016194990564700087,0.9997085326546972,28.713488315536292
60,8,0.8,4,-1,1,GA,317.43631927873537,28124.794545662233,0.0016650970568841004,0.9997003274405554,14.008259439390248
60,8,0.8,4,-1,2,HEFT,195.34718997728092,22031.463535474875,0.0016349868755252443,0.9997057456637073,23.06344858939342
60,8,0.8,4,-1,2,GA,284.1125741859532,25990.57190747927,0.0015960165822420564,0.9997127582770019,9.86954552956801
60,8,0.8,8,-1,0,HEFT,211.26494455345687,33870.597748200584,0.0017557058231354942,0.9996840228831231,30.46060611481317
60,8,0.8,8,-1,0,GA,290.65852446422844,42591.43500289825,0.0018977024101204554,0.999658471900182,16.70949294318227
60,8,0.8,8,-1,1,HEFT,144.8086509472789,24399.30164666147,0.001356288263013269,0.999755897910422,27.381815863197016
60,8,0.8,8,-1,1,GA,202.61318505249506,29827.870169434438,0.0013406982434618752,0.9997587034328774,9.890177393342025
60,8,0.8,8,-1,2,HEFT,155.89945918312213,27254.98036080639,0.0015876785890473724,0.9997142586857992,15.21363014835267
60,8,0.8,8,-1,2,GA,197.05014289628255,31672.62014339649,0.0016480370058596081,0.9997033973342161,8.848758550533933
60,8,0.8,16,-1,0,HEFT,184.77110665425357,46369.01543019076,0.0014073595545961337,0.9997467073641698,22.85892581020268
60,8,0.8,16,-1,0,GA,255.77436296967414,62445.58427415484,0.0017231145457335148,0.9996898874765999,9.42619042090514
60,8,0.8,16,-1,1,HEFT,153.509401608385,39203.9957336485,0.0012571305716845716,0.9997737420972781,22.509771612109652
60,8,0.8,16,-1,1,GA,234.6225842961945,56974.95221310302,0.0015410098227692079,0.999722656698668,7.985519580253031
60,8,0.8,16,-1,2,HEFT,207.29052359563076,50514.9448887694,0.0013843881600010713,0.9997508411764163,26.226372697223898
60,8,0.8,16,-1,2,GA,283.9853284864621,66944.7846304113,0.001604599684885089,0.9997112137634947,7.36260385177163
60,8,0.8,32,-1,1,HEFT,185.85233402487876,82631.05142867376,0.0014552655249509448,0.9997380865108371,16.286022370807583
60,8,0.8,32,-1,1,GA,236.3613989518392,104875.78115155477,0.0018233855237788788,0.999671844460531,5.897471474655072
60,8,1,4,-1,0,HEFT,173.354845492834,21124.603578249094,0.0016542081388363134,0.9997022868603641,31.999620924814703
60,8,1,4,-1,0,GA,211.86383404754753,22800.832255844594,0.0016319597185481028,0.9997062903917757,18.756677347346113
60,8,1,4,-1,1,HEFT,156.94412185162614,21430.00133614488,0.00179543714305773,0.9996768735308561,14.7968065469549
60,8,1,4,-1,1,GA,236.9606422967723,24704.37233112871,0.0017222560078661035,0.9996900419655044,7.806312272313589
60,8,1,4,-1,2,HEFT,186.46839566506864,23619.708532814737,0.0018952487778929512,0.9996589134032439,6.337262434332383
60,8,1,4,-1,2,GA,245.0031507131843,24906.27555811491,0.0016984656749201637,0.9996943229072801,21.838556626245268
60,8,1,8,-1,0,HEFT,124.20873178339598,22135.73124359832,0.0013193401798956468,0.9997625469640543,11.722862547694925
60,8,1,8,-1,0,GA,162.5811106586269,25700.61546904008,0.0013039830550144568,0.9997653105939658,11.257770628978474
60,8,1,8,-1,1,HEFT,180.8005692435029,29610.704560756632,0.0015831847433307948,0.9997150673472209,28.7935629368389
60,8,1,8,-1,1,GA,255.34924510458742,37979.24908947888,0.0017397573074209932,0.9996868927129848,14.267589232297366
60,8,1,8,-1,2,HEFT,170.6065370242173,29167.207604535393,0.0016523230039031697,0.9997026260836882,17.045225061785402
60,8,1,8,-1,2,GA,221.33292822372343,34538.63549575929,0.001717141393576466,0.9996909623111435,14.33421521926677
60,8,1,16,-1,0,HEFT,148.66090093810186,38535.917611380675,0.001291088453651825,0.9997676310801833,17.422274759198498
60,8,1,16,-1,0,GA,212.77129512463748,52772.50703077471,0.0015401057321504288,0.9997228193898582,7.322315894088381
60,8,1,16,-1,1,HEFT,184.11305625083057,46001.00927199958,0.0013761372702635805,0.999752325967631,22.080461301480966
60,8,1,16,-1,1,GA,238.16005908833077,58141.36479948761,0.0016039578106625443,0.9997113292674967,7.774639663609307
60,8,1,16,-1,2,HEFT,147.52326037474126,38805.005094985914,0.0013540748195136432,0.9997562962330763,20.436094371757953
60,8,1,16,-1,2,GA,170.30235823099738,45119.735888565934,0.0016048686186323562,0.9997111653694012,7.814795414370153
60,8,1,32,-1,0,HEFT,190.65774971281246,84312.64560440349,0.0014341175341968343,0.9997418921594058,20.34232151571255
60,8,1,32,-1,0,GA,255.4145800986703,111603.53246559743,0.0017473299363963868,0.9996855300674864,6.804932184491134
60,8,1,32,-1,2,HEFT,165.95875274301923,73128.21689591781,0.0012144774990437235,0.999781417942712,15.64731250622328
60,8,1,32,-1,2,GA,215.49390935707194,94527.39595420679,0.0015216711577637169,0.9997261366990046,6.413701811424427
60,8,2,4,-1,0,HEFT,112.42430124760672,17438.270799050097,0.0015558015942073616,0.9997199949217845,15.681185888916525
60,8,2,4,-1,0,GA,155.8332595310613,19236.462438376493,0.0015189232533443864,0.9997266311864631,12.873056026715528
60,8,2,4,-1,1,HEFT,99.8677783842646,15750.108725991548,0.0014155627084685852,0.9997452311715668,6.625636180539481
60,8,2,4,-1,1,GA,126.65630983964135,16474.39162573035,0.0013430088828717784,0.9997582876182285,14.219999592298413
60,8,2,4,-1,2,HEFT,96.25528358465009,15789.766079498351,0.0014430894660768926,0.9997402776298018,8.051729343285109
60,8,2,4,-1,2,GA,138.73143971736943,17436.20542910978,0.0013923897057720994,0.9997494012580725,9.030460452964366
60,8,2,8,-1,0,HEFT,106.29653046060824,22158.42937871696,0.0015444395936044665,0.9997220395113277,20.306568882164274
60,8,2,8,-1,0,GA,136.95759067410557,25394.627456061182,0.0015822608205874732,0.9997152336059432,12.607278653642823
60,8,2,8,-1,1,HEFT,131.74575419076714,26821.67423468279,0.0018312767225283127,0.9996704245118818,9.11574586017803
60,8,2,8,-1,1,GA,166.26476886355925,30318.737790451167,0.0018549509017505791,0.9996661645731362,14.809243274192651
60,8,2,8,-1,2,HEFT,96.2591790160033,21140.864742937403,0.0015374655758916135,0.9997232944863741,9.113780479341333
60,8,2,8,-1,2,GA,131.1083128848096,24332.96891400323,0.0015176448161578176,0.999726861242276,7.564591243518235
60,8,2,16,-1,0,HEFT,100.919749402314,30754.101309191115,0.0014699624578742672,0.9997354417592875,15.598960628949605
60,8,2,16,-1,0,GA,117.29064334511487,35497.63247111523,0.0016767220864151394,0.9996982355644943,7.320866156576399
60,8,2,16,-1,1,HEFT,105.56981733642462,31753.87481355768,0.0014837816388842573,0.9997329549678745,18.605617655251898
60,8,2,16,-1,1,GA,157.96267097775203,44117.31538940778,0.0017814576953074147,0.9996793890215323,9.100883125515217
60,8,2,16,-1,2,HEFT,117.98506580145677,34248.51218964495,0.0014981110537164405,0.9997303763653183,13.059524793101293
60,8,2,16,-1,2,GA,144.21034681253144,40640.6599560793,0.0016734203317924105,0.9996988297011599,7.8778476094944025
60,8,2,32,-1,0,HEFT,97.39255830275079,46475.93052696719,0.001172763325414843,0.9997889248809132,9.903947970579647
60,8,2,32,-1,0,GA,119.55581256452786,56913.96338408333,0.0014217740774295383,0.999744113410622,5.418676876417594
60,8,2,32,-1,1,HEFT,102.22055201155405,50415.904370378106,0.0014422755036099927,0.9997404241050046,14.234353803522643
60,8,2,32,-1,1,GA,119.6262301707848,59342.25959429623,0.0017320138512551513,0.9996882860996501,6.461397269199336
60,8,2,32,-1,2,HEFT,111.64583549228097,52309.524414533145,0.0012193182926999043,0.9997805467906932,13.829008732218536
60,8,2,32,-1,2,GA,135.66222779586968,63264.997102361674,0.001443243104489369,0.9997402499820712,7.794165828055109
60,8,4,4,-1,0,HEFT,96.79780100474001,19032.699382794173,0.0018587086478768287,0.9996654884048662,4.821299553728772
60,8,4,4,-1,0,GA,108.40892780067615,19041.857339104474,0.001787884858484757,0.9996782325037413,7.510406394756103
60,8,4,4,-1,1,HEFT,79.99789233495635,16374.337059977308,0.0016194364635528946,0.9997085439181388,1.2414098526115462
60,8,4,4,-1,1,GA,106.4852737961971,17604.431469951218,0.0016141005591387284,0.9997095041014619,7.894371040496512
60,8,4,4,-1,2,HEFT,95.45477822069086,19097.430346614896,0.0018754006449640485,0.9996624848549622,3.765584500414476
60,8,4,4,-1,2,GA,110.53022652404928,18907.365653002285,0.0017573533307297053,0.9996837264255034,14.863949107153143
60,8,4,8,-1,0,HEFT,59.408549558088424,18787.233359151338,0.0016904409045962337,0.9996957669254428,5.778929491034692
60,8,4,8,-1,0,GA,86.24282163397866,21465.858981407633,0.0017036883856002172,0.9996933831071622,10.188938295462433
60,8,4,8,-1,1,HEFT,51.96440923906969,16702.81669422663,0.0015134668484852632,0.99972761307133,5.079648143767642
60,8,4,8,-1,1,GA,82.44461159709624,20892.504881070196,0.0016767212103034827,0.9996982357221473,7.222801475469417
60,8,4,8,-1,2,HEFT,57.93086662677897,18837.256454015165,0.0017152316870599983,0.9996913059521443,2.9900008073837965
60,8,4,8,-1,2,GA,81.4615510473286,20672.37876439045,0.001660474142615879,0.9997011593161038,7.110420671671964
60,8,4,16,-1,0,HEFT,56.09924465445269,22386.673615657353,0.0015007259227393327,0.9997299058159097,7.03473601930856
60,8,4,16,-1,0,GA,68.08780690058306,25556.945120445733,0.0016129310330147007,0.9997097145550324,8.16915047728658
60,8,4,16,-1,1,HEFT,56.76924695638942,23822.703807480084,0.0016696393271128315,0.9996995100772632,6.003616464133505
60,8,4,16,-1,1,GA,70.00231541890521,26584.900171147303,0.0016982500789040702,0.9996943617027018,8.75861489671948
60,8,4,16,-1,2,HEFT,46.78464046685432,19122.916470368677,0.0013101118218000836,0.9997642076754564,4.611798067219009
60,8,4,16,-1,2,GA,66.39617723339954,23745.34399642589,0.001420836946720049,0.9997442820510004,6.626028305802384
60,8,4,32,-1,0,HEFT,57.36902828324697,32099.023757125222,0.0013009453354468198,0.999765857255312,6.800396347465001
60,8,4,32,-1,0,GA,63.701361920998835,36664.61621577504,0.0015766528731410185,0.9997162427495405,5.727079289083598
60,8,4,32,-1,1,HEFT,58.4133631089197,32742.449676586682,0.0013322633388580774,0.9997602213505017,5.262282066850261
60,8,4,32,-1,1,GA,62.74418723413218,35451.24329273359,0.0014673740820189702,0.9997359075437898,5.795919587600836
60,8,4,32,-1,2,HEFT,54.37679919553057,31028.562852376657,0.0013110945686424958,0.9997640308227509,4.309786921158422
60,8,4,32,-1,2,GA,58.36318582230493,33567.862988868226,0.001441395301434514,0.9997405825002821,5.319152682735378
60,10,0.8,4,-1,0,HEFT,240.81268829163983,26806.231167823506,0.001969925339770645,0.9996454762972262,48.3259540286812
60,10,0.8,4,-1,0,GA,309.63183522618317,29095.153435506832,0.001838866323598197,0.9996690588348645,14.474930536360091
60,10,0.8,4,-1,1,HEFT,227.2480302878271,26187.38509315291,0.001974092976658554,0.9996447263888223,17.33587444460039
60,10,0.8,4,-1,1,GA,289.482436650923,28355.936845244534,0.0018683178147287116,0.9996637593349161,12.341607349672167
60,10,0.8,4,-1,2,HEFT,235.9098701401124,24351.765588337574,0.0016832159976243124,0.9996970670138934,31.552813430762523
60,10,0.8,4,-1,2,GA,328.9130484895413,30043.065654517683,0.0018417621869534495,0.9996685377521013,11.753325533420863
60,10,0.8,8,-1,0,HEFT,236.36375477269115,35489.98587564216,0.0016536260229281408,0.9997023916100383,24.331350513145377
60,10,0.8,8,-1,0,GA,281.10127297466556,39395.62819118636,0.0016033470265656932,0.999711439176903,19.16218573384082
60,10,0.8,8,-1,2,HEFT,187.56412968274407,32105.20565421314,0.00182158258458265,0.9996721688831434,17.226001196914627
60,10,0.8,8,-1,2,GA,242.0362167944128,36903.33632612314,0.001765873322204071,0.999682193313251,11.067873899172673
60,10,0.8,16,-1,1,HEFT,209.28572839515772,50559.39135345226,0.0013406371449072325,0.9997587144279638,17.19880098423063
60,10,0.8,16,-1,1,GA,275.36855325636833,64780.58969044032,0.0015387373986069256,0.9997230656216564,11.400122971892666
60,10,0.8,16,-1,2,HEFT,205.99628196991105,49535.17022221364,0.0012899075043915657,0.9997678436016778,19.451979545396696
60,10,0.8,16,-1,2,GA,266.73255667003684,63473.5342820361,0.001584093462711761,0.9997149038243517,8.263553556662005
60,10,0.8,32,-1,0,HEFT,198.87360131540066,87348.35517947571,0.0014187199320880963,0.999744663016263,18.792593680063327
60,10,0.8,32,-1,0,GA,268.9089552998904,116178.81652487366,0.0016689635258030663,0.9996996316849527,6.736687719319602
60,10,0.8,32,-1,1,HEFT,239.11693310704115,103915.88050510085,0.0015626586811365712,0.9997187609925018,19.67945643320156
60,10,0.8,32,-1,1,GA,333.0149454871991,142918.84086158965,0.001943294805491628,0.9996502681054732,7.545266191884561
60,10,1,4,-1,0,HEFT,182.58215949640817,22222.03584631322,0.001738771600837937,0.9996870700846326,16.11509464352944
60,10,1,4,-1,0,GA,258.1085835892919,25454.95909750477,0.001688081018762113,0.9996961915757515,22.418753565455344
60,10,1,4,-1,1,HEFT,250.01743926329794,27874.198107960627,0.0020508218376385436,0.9996309201959396,36.848280338722326
60,10,1,4,-1,1,GA,323.39968526161925,30894.75153014127,0.0019859905216516207,0.9996425855938554,9.841369065875151
60,10,1,4,-1,2,HEFT,162.22739725924868,17841.328424497526,0.0012990198134436165,0.9997662037681796,17.286769998231865
60,10,1,4,-1,2,GA,233.76693123463286,21882.829525839443,0.0013775215538213263,0.999752076858335,11.51898340398635
60,10,1,8,-1,0,HEFT,197.7388007804217,30220.129449455148,0.0014518352163481474,0.9997387038048555,32.40124968419309
60,10,1,8,-1,0,GA,282.91310619580656,40644.87416702238,0.0017422759654037406,0.9996864394966009,10.300435535083041
60,10,1,8,-1,1,HEFT,201.71273983313392,31549.257251616567,0.0015742679880666295,0.9997166719071359,26.639141292095946
60,10,1,8,-1,1,GA,242.17744334706026,36138.57639695362,0.0016653154826402892,0.9997002881357016,7.415039048628796
60,10,1,8,-1,2,HEFT,196.53894437434047,30464.508416127665,0.0014982906661745456,0.9997303440437932,30.166342320238638
60,10,1,8,-1,2,GA,281.45480545075327,39591.802195148644,0.0016243076061855724,0.9997076673684,7.478789373622534
60,10,1,16,-1,0,HEFT,177.07421075197504,43941.723657843926,0.0012846867175019012,0.9997687831255917,25.363505131110923
60,10,1,16,-1,0,GA,233.54862395434347,56886.01075862485,0.0015561595554768612,0.9997199305067992,8.572211911867887
60,10,1,16,-1,1,HEFT,188.83770805310405,46998.46854686865,0.0013878073127484081,0.9997502258824555,17.88663819198892
60,10,1,16,-1,1,GA,288.4980417289982,69194.08405588739,0.0017832635715658582,0.9996790640680759,8.86777618287726
60,10,1,32,-1,0,HEFT,206.10874753364985,89956.99177188249,0.0013968000928890102,0.9997486075876494,19.24278292294237
60,10,1,32,-1,0,GA,281.92659398174766,121047.40038369743,0.0016521431905305334,0.9997026584404709,6.27093290677296
60,10,1,32,-1,1,HEFT,170.79744650988619,74996.78215039073,0.001215834972945016,0.9997811736508484,18.60475710035151
60,10,1,32,-1,1,GA,224.25898706237973,96869.09640674482,0.0013893598675440591,0.9997499464924338,5.775959220711986
60,10,1,32,-1,2,HEFT,199.83950483503898,86809.26824812088,0.0013011496629800907,0.9997658204849674,17.661467456946063
60,10,1,32,-1,2,GA,268.7372611212299,115685.92027351378,0.001613800000382624,0.9997095581863235,5.780351928405092
60,10,2,4,-1,0,HEFT,131.99101606648952,21045.351898644916,0.001900488776156773,0.9996579705257134,17.41847548754093
60,10,2,4,-1,0,GA,195.38690765500235,23195.319175951874,0.0017851095101436387,0.9996787319058239,14.838892080875363
60,10,2,4,-1,1,HEFT,148.34721032304728,22060.448365930017,0.0019302044277033266,0.9996526235521874,9.574446204381548
60,10,2,4,-1,1,GA,188.09861315818225,23291.00703459808,0.0018426710081402235,0.9996683742185236,13.760949068615695
60,10,2,4,-1,2,HEFT,128.1372730850335,20441.334975681857,0.0018463495952971902,0.9996677122926395,7.788007553906824
60,10,2,4,-1,2,GA,187.46234217019233,23308.08495985828,0.0018488233250244246,0.9996672671693457,17.198791973003356
60,10,2,8,-1,0,HEFT,139.127705285366,27747.79195670299,0.0018593710916418413,0.9996653692048819,9.62540446433713
60,10,2,8,-1,0,GA,172.67656014728854,30636.637513554837,0.001816497123955444,0.9996730839663841,10.98855651006583
60,10,2,8,-1,1,HEFT,127.79094287691467,24078.98834013177,0.0015259764630423727,0.9997253619565862,17.96242557229551
60,10,2,8,-1,1,GA,165.76489196360563,27389.887943136397,0.0014827465522778114,0.9997331412337268,10.516235652143404
60,10,2,8,-1,2,HEFT,113.14120878028281,22776.423313783635,0.0015393885362889514,0.9997229484493391,12.535099180063378
60,10,2,8,-1,2,GA,152.84288504250065,26397.997454144464,0.001514868280370078,0.9997273608823343,7.864739231230883
60,10,2,16,-1,0,HEFT,118.22297145881399,34083.02686812968,0.0014708289855345472,0.9997352858255842,19.35819724212898
60,10,2,16,-1,0,GA,155.21997764361547,42439.66066255391,0.0016327422422454446,0.9997061495788907,7.967825708643907
60,10,2,16,-1,1,HEFT,115.34784820230713,33831.73199064816,0.0015096828340833573,0.9997282940086256,16.622938966242643
60,10,2,16,-1,1,GA,136.19504242593615,39001.897651795945,0.0016605231919917577,0.9997011504898551,9.032374597619793
60,10,2,16,-1,2,HEFT,141.88263922751537,38637.56352150346,0.0014723639263333997,0.9997350096094176,17.99390313109177
60,10,2,16,-1,2,GA,192.86900428892866,50342.31507814699,0.0017198276814822595,0.9996904789288668,7.274432882967294
60,10,2,32,-1,0,HEFT,120.48058091133261,56448.87507694423,0.0013158051688620803,0.9997631831151512,12.823802422863814
60,10,2,32,-1,0,GA,150.95413061801227,70535.85861189864,0.0016239628494291892,0.9997077294064765,5.908843488002694
60,10,2,32,-1,1,HEFT,128.36572134605285,58873.065637036525,0.0012378073178491255,0.9997772195020487,12.40088800220131
60,10,2,32,-1,1,GA,151.85218798015515,70213.60048544835,0.0015377726487168946,0.9997232392285614,6.4752977731314045
60,10,2,32,-1,2,HEFT,123.49073950889041,58281.281822516015,0.0014032090246901927,0.9997474542705986,11.767915514922933
60,10,2,32,-1,2,GA,142.6116621414148,68100.43547163009,0.001723198605856177,0.999689872350471,6.0830690543176065
60,10,4,4,-1,0,HEFT,95.13855385377492,17988.197274044025,0.0017340499598272388,0.999687919714417,1.6328305683656823
60,10,4,4,-1,0,GA,110.15581437338982,17698.96804865227,0.0016035515450554985,0.9997114023741988,8.672688152579124
60,10,4,4,-1,1,HEFT,84.48817707342414,16624.326024509046,0.001623888052323603,0.9997077428660206,3.4789784721300614
60,10,4,4,-1,1,GA,97.85926960030702,16531.8125304275,0.001529013900466766,0.999724815368154,11.11199654270441
60,10,4,4,-1,2,HEFT,94.25074448190772,17563.30486204116,0.0016846600939159678,0.9996968071553386,3.5829890294246813
60,10,4,4,-1,2,GA,121.47566964204422,19220.327275477917,0.001729908931868191,0.9996886648671077,5.322675524709835
60,10,4,8,-1,0,HEFT,69.44114410501125,19857.643953663523,0.0017043015658375247,0.9996932727685676,4.127729083198794
60,10,4,8,-1,0,GA,90.18421176751222,21669.93329299028,0.001681169116706603,0.999697435340914,10.167947415915888
60,10,4,8,-1,1,HEFT,58.84214089863097,17880.491935600163,0.0015803160735570524,0.9997155835607863,4.617868274745585
60,10,4,8,-1,1,GA,82.66917918942028,19430.0254435886,0.0014849850441090765,0.9997327384128034,17.63218998144195
60,10,4,8,-1,2,HEFT,57.48898618118128,17273.525645349117,0.0015186799705369138,0.9997266749653982,4.802650061909075
60,10,4,8,-1,2,GA,77.12819901539342,19018.227210166115,0.0015005064734739462,0.9997299453061097,11.93805550909107
60,10,4,16,-1,0,HEFT,58.65014191532724,23891.659533303922,0.0016318904761706834,0.9997063028517433,4.88550729900244
60,10,4,16,-1,0,GA,80.74951908068661,28506.865376472575,0.0016799686967675384,0.9996976513511495,7.826411653483515
60,10,4,16,-1,1,HEFT,55.34389445020882,22357.376197825335,0.001515678096044605,0.9997272151552651,5.52181167850071
60,10,4,16,-1,1,GA,65.0324835694258,24699.99615517648,0.0015780050787915665,0.9997159994216183,7.971485734601646
60,10,4,16,-1,2,HEFT,59.36037105271938,21260.469665572862,0.001274325377706814,0.9997706477372653,4.5599063535121145
60,10,4,16,-1,2,GA,76.92177152323137,25282.511806327188,0.0013583374255641814,0.9997555291512673,7.3424216250933885
60,10,4,32,-1,0,HEFT,64.41173672117824,35071.25604385546,0.0013355489848737745,0.9997596300762033,7.175675765345893
60,10,4,32,-1,0,GA,73.8493337703394,40275.56235891339,0.0015397181125456144,0.9997228891420507,6.104693640439229
60,10,4,32,-1,1,HEFT,59.809431995315315,33333.75796928544,0.001339397426755085,0.999758937523413,5.79664086591942
60,10,4,32,-1,1,GA,82.13063561084903,43214.828002038616,0.0015086129105261745,0.999728486542557,5.712772135426858
60,10,4,32,-1,2,HEFT,53.05220976973614,30237.791325719947,0.0012746437692688977,0.99977059043993,6.673277899886417
60,10,4,32,-1,2,GA,71.09433037000503,38424.5300569208,0.0014372489915812495,0.9997413286427214,5.534994065660944
70,0.1,0.5,4,-1,1,HEFT,120.98765883709022,20258.1258921157,0.0018670178640743372,0.9996639932473841,11.977732975482885
70,0.1,0.5,4,-1,1,GA,149.95476948984572,21555.527058126423,0.001854999757443647,0.9996661557820469,15.492843644673567
70,0.1,0.5,16,-1,0,HEFT,79.34154103574585,28572.350485901858,0.001723355892382255,0.9996898440476759,14.1186744440799
70,0.1,0.5,16,-1,0,GA,110.98232008704541,36635.27825001631,0.0019801902833725565,0.9996436292641336,8.411307116031315
70,0.1,0.8,4,-1,0,HEFT,85.0358619012733,17415.12732681895,0.0017226622681599264,0.9996899688613208,4.964932688196944
70,0.1,0.8,4,-1,0,GA,130.87824614870306,19747.824920704566,0.0017397505304349895,0.9996868939324608,19.397479113497887
70,0.1,0.8,4,-1,2,HEFT,96.60957773476895,19546.069748836468,0.0019262028446469712,0.9996533435871877,3.058860752215084
70,0.1,0.8,4,-1,2,GA,147.43349133735467,22843.59744388804,0.0020370529534489683,0.9996333976834365,8.457847691469233
70,0.1,0.8,8,-1,0,HEFT,67.93636222715394,20757.344719152185,0.0018392059360911384,0.9996689977248484,9.521767888345673
70,0.1,0.8,8,-1,0,GA,105.71296370913362,25408.55987657187,0.0019715911318469045,0.999645176560998,6.612691599535372
70,0.1,0.8,8,-1,1,HEFT,64.81982721058974,18370.24032048013,0.0015694492129539428,0.999717539041278,11.018215211179285
70,0.1,0.8,8,-1,1,GA,96.56177713324807,22561.096570855625,0.0017172049051762026,0.9996909508825877,7.227773535059747
70,0.1,0.8,8,-1,2,HEFT,58.341169013846965,18011.145135781917,0.0016034099367509833,0.9997114278563376,7.5186565415033
70,0.1,0.8,8,-1,2,GA,96.91630270981665,22958.474590621623,0.001764148518149771,0.9996825036793614,9.492272147884806
70,0.1,0.8,16,-1,0,HEFT,54.033997995552,22081.85618906761,0.001512574751152665,0.9997277736051235,10.098709300407476
70,0.1,0.8,16,-1,0,GA,75.35730791412638,27552.45301042924,0.0016904198825474133,0.9996957707082611,9.41568575473531
70,0.1,0.8,16,-1,1,HEFT,57.32090446379647,23155.11554917315,0.0015697030868377555,0.9997174933568878,10.830561466733663
70,0.1,0.8,16,-1,1,GA,91.59424909598633,32640.4955047258,0.0019450128783328714,0.9996499589605655,7.555809503622262
70,0.1,0.8,16,-1,2,HEFT,60.39428656734525,23476.676049925296,0.0015350094352706725,0.9997237364694498,12.214714564320646
70,0.1,0.8,16,-1,2,GA,85.1426849508641,29987.875738731138,0.0017623359467913735,0.9996828298386714,11.044342206640216
70,0.1,0.8,32,-1,0,HEFT,47.251073959354514,27250.36646477049,0.0011764798532788575,0.9997882560473259,8.501138811252906
70,0.1,0.8,32,-1,0,GA,69.49805128210413,38505.50345537336,0.0015269059125381618,0.9997251947016385,5.678189611375276
70,0.1,0.8,32,-1,1,HEFT,55.539293663236194,31024.259833362237,0.0012528644788991656,0.9997745098205313,8.97248023311442
70,0.1,0.8,32,-1,1,GA,73.27368275278408,40746.09729440152,0.0016290701701979888,0.9997068103578505,5.20783644111387
70,0.1,0.8,32,-1,2,HEFT,54.54322845372662,31624.061859719423,0.0013797754694429456,0.9997516712541883,10.695754722645443
70,0.1,0.8,32,-1,2,GA,86.50154398688086,47751.29482976023,0.0018778684675449578,0.9996620407969232,7.3806243703800645
70,0.1,1,4,-1,0,HEFT,105.43488652033687,21808.00013416331,0.0021637113153988555,0.9996106077960588,4.435638754919196
70,0.1,1,4,-1,0,GA,135.9938530373067,23128.17806554275,0.00214476396896021,0.9996140169962006,11.545886367884002
70,0.1,1,4,-1,1,HEFT,82.23545587341741,17107.535223164206,0.0017002885453798672,0.9996939948909481,3.5183103312589203
70,0.1,1,4,-1,1,GA,124.49780361879814,18997.31140323398,0.001682353595546727,0.9996972221992543,8.515453318137721
70,0.1,1,4,-1,2,HEFT,96.77866100599886,20356.310796538273,0.002029836572125366,0.9996346961567204,3.2703701897385096
70,0.1,1,4,-1,2,GA,128.75109078708263,21263.32249907183,0.0019487429123116106,0.9996492877896935,11.959968467828187
70,0.1,1,8,-1,0,HEFT,65.04712285130675,21952.953233107968,0.002029512847465442,0.9996347544058752,6.291292122128113
70,0.1,1,8,-1,0,GA,104.55395081742218,25675.76228737611,0.0020204887608402562,0.9996363781495042,15.736393495767203
70,0.1,1,8,-1,1,HEFT,57.93074486776337,19294.402046565167,0.0017742959353048947,0.9996806777258589,7.099265816321466
70,0.1,1,8,-1,1,GA,92.09736756157795,23171.45936132269,0.0018514356686577785,0.9996667971040611,12.17056001854827
70,0.1,1,8,-1,2,HEFT,57.729700918752144,18825.107124782702,0.00171615708482978,0.9996911394319788,8.187893947710261
70,0.1,1,8,-1,2,GA,87.96177877957444,21738.15161546367,0.0017175479137757786,0.9996908891601232,11.870390020422152
70,0.1,1,16,-1,0,HEFT,44.52960821871821,20454.583041219943,0.0015381005508043988,0.9997231802225224,9.576598048438933
70,0.1,1,16,-1,0,GA,74.4976095466827,28188.463521512786,0.0017939176341795488,0.9996771469541125,8.398131025300698
70,0.1,1,16,-1,1,HEFT,50.54746769308574,21544.47642247608,0.0015296334141348348,0.9997247038863863,14.593162870523978
70,0.1,1,16,-1,1,GA,85.41503177974882,31656.690970869655,0.001971189259581122,0.9996452488723417,6.937411813722624
70,0.1,1,16,-1,2,HEFT,47.10022811660215,20507.290483523087,0.001481142982575642,0.9997334297992883,11.702130300053266
70,0.1,1,16,-1,2,GA,81.58818664726482,29562.443070106958,0.0017955440870584122,0.9996768542871558,8.145244244585745
70,0.1,1,32,-1,0,HEFT,46.472725946431936,28582.493945438888,0.0013872050622750678,0.9997503342604701,8.761109707911553
70,0.1,1,32,-1,0,GA,76.82703176658652,44464.68052091848,0.0019332170959365977,0.9996520814604273,7.661082567797858
70,0.1,1,32,-1,1,HEFT,46.19999508304965,27867.75004566743,0.0013083917227101245,0.9997645172203352,8.649516763314006
70,0.1,1,32,-1,1,GA,79.05564775551927,44367.315865204786,0.0018100706882539259,0.9996742403473164,7.9320331850345855
70,0.1,1,32,-1,2,HEFT,46.918656280704056,28652.278424378273,0.0013740974693266042,0.9997526930409301,9.95211272150462
70,0.1,1,32,-1,2,GA,64.4442776968297,38230.65709253463,0.0017421258988310109,0.999686466500115,6.865045336982539
70,0.1,2,4,-1,0,HEFT,94.61816979603644,20373.97747091963,0.002045517483295851,0.9996318746277852,1.824410281584694
70,0.1,2,4,-1,0,GA,121.1830904075553,21286.253479135365,0.001998638906921539,0.9996403097008264,9.715246402406295
70,0.1,2,4,-1,1,HEFT,91.62053487122263,19903.051650136746,0.00200326433802559,0.9996394774230443,0.8544672840336526
70,0.1,2,4,-1,1,GA,137.8415796287294,22855.463752343494,0.0020980707920109152,0.9996224185592592,25.092616434805205
70,0.1,2,4,-1,2,HEFT,101.80752537049727,21443.90749546763,0.0021391661857472558,0.9996150242087691,3.636902686374752
70,0.1,2,4,-1,2,GA,123.13823353852284,22521.372576502967,0.002146090099050888,0.9996137783849482,6.863800282736022
70,0.1,2,8,-1,0,HEFT,52.85565290904251,21175.410859899897,0.002080267206799976,0.9996256219997149,3.8317307166364643
70,0.1,2,8,-1,0,GA,84.24594281281082,24460.29416422159,0.00211533380545113,0.9996193123949404,14.62692226089947
70,0.1,2,8,-1,1,HEFT,52.72825109334095,19834.829915051065,0.0019086457118979757,0.9996565027805417,3.5870804425661165
70,0.1,2,8,-1,1,GA,78.22812419241683,23127.118642083642,0.002017728516745688,0.9996368748129019,9.2513187538316
70,0.1,2,8,-1,2,HEFT,44.93328234461094,17993.950990821548,0.0017674878405347417,0.9996819027923518,2.2424953333243285
70,0.1,2,8,-1,2,GA,65.25736489609415,19677.533974924387,0.0017329233778939726,0.9996881224359012,8.783226559970661
70,0.1,2,16,-1,0,HEFT,30.80743571977,18532.160487434223,0.0016301205205734343,0.9997066213502316,4.544048590028535
70,0.1,2,16,-1,0,GA,53.84472182685541,24324.68126549944,0.0018070406556515764,0.9996747855756621,5.482032293006662
70,0.1,2,16,-1,1,HEFT,33.76719510693482,20174.187745337287,0.0017688483572100519,0.9996816579772805,5.619922270631952
70,0.1,2,16,-1,1,GA,56.75571899250094,25921.887728476337,0.001941187297405188,0.9996506473243294,6.5769534184470055
70,0.1,2,16,-1,2,HEFT,32.28620091260843,19432.886882659368,0.0017098108924339214,0.9996922813944463,5.724328344414131
70,0.1,2,16,-1,2,GA,53.90946296732984,24612.561227431237,0.0018426284674036059,0.9996683818733172,8.8485803673741
70,0.1,2,32,-1,0,HEFT,29.491323164544625,21896.44599305017,0.0013658627775019424,0.9997541749199876,6.883711021262262
70,0.1,2,32,-1,0,GA,44.05267647357118,30212.074757754723,0.001717809688876407,0.9996908420551718,5.324651405937425
70,0.1,2,32,-1,1,HEFT,30.1730288264978,23454.350113486737,0.0015333213235286282,0.9997240402456644,6.740831669815375
70,0.1,2,32,-1,1,GA,44.21635675844962,30764.800132057626,0.0017811006636709262,0.9996794532666243,6.89648037796531
70,0.1,2,32,-1,2,HEFT,28.965138750040033,22248.612244982978,0.001437467566533282,0.9997412893094076,6.893096887552513
70,0.1,2,32,-1,2,GA,45.53185050962929,30943.202730758523,0.001738885288767555,0.9996870496272082,5.5949913149560135
70,0.1,4,4,-1,0,HEFT,95.78659596171566,21018.095542898154,0.0021214908186997163,0.9996182045550718,0.295807907290363
70,0.1,4,4,-1,0,GA,108.94589693185043,21283.362293918544,0.0020741549407221867,0.9996267217963201,4.4786377234802
70,0.1,4,4,-1,1,HEFT,91.68709399453961,19984.330914150443,0.002013352765169579,0.9996376621624842,0.6909194549193833
70,0.1,4,4,-1,1,GA,102.16512865960009,19850.3424938624,0.0019310615398193277,0.9996524693256124,9.148522634105744
70,0.1,4,4,-1,2,HEFT,83.12141049249037,18177.88451045093,0.0018330822747818342,0.9996700996196412,0.5052708858104115
70,0.1,4,4,-1,2,GA,93.38194875345287,19220.31201459389,0.0019041315858434303,0.999657315044455,3.3070113030798995
70,0.1,4,8,-1,0,HEFT,42.83800818720841,18236.213503684423,0.0018247758033220175,0.9996715942923657,0.8886616761952073
70,0.1,4,8,-1,0,GA,64.29106625467494,20936.7252925285,0.0019075946940671448,0.9996566918987846,8.78236051407002
70,0.1,4,8,-1,1,HEFT,41.2627016942035,17592.11750482447,0.0017610979511861673,0.9996830526072271,1.0220281510787808
70,0.1,4,8,-1,1,GA,72.85166698009337,21578.629969754133,0.0018843501214037685,0.999660874494206,8.729166637297961
70,0.1,4,8,-1,2,HEFT,40.234858567761904,17099.126741617252,0.0017101524960093167,0.9996922199247265,0.8688021765080554
70,0.1,4,8,-1,2,GA,50.10252171263847,18213.92653709556,0.0017317938569356933,0.9996883256862854,4.1489459413654926
70,0.1,4,16,-1,0,HEFT,27.044450919152297,20493.054940796217,0.0019768114165786793,0.9996442372435989,2.3544499837568806
70,0.1,4,16,-1,0,GA,44.36611902937718,25153.861995818675,0.0021492980803847882,0.9996132011714929,7.787769889293308
70,0.1,4,16,-1,1,HEFT,25.612292927580306,19800.9934620438,0.0019229241886238215,0.9996539335408637,1.5118132038807715
70,0.1,4,16,-1,1,GA,59.27946647873332,27987.011518864263,0.00214539456782267,0.9996139035322238,9.513457805754589
70,0.1,4,16,-1,2,HEFT,23.219568375662504,17952.08918839266,0.0017434020749696978,0.999686236860458,1.1801515920970576
70,0.1,4,16,-1,2,GA,46.55129064917307,24369.613527550537,0.001993768181254433,0.9996411861164791,9.548883722560634
70,0.1,4,32,-1,0,HEFT,19.737842761576637,20188.330624896847,0.0016290696388180127,0.9997068104534707,6.29552273462901
70,0.1,4,32,-1,0,GA,34.9263850048368,28662.672065771207,0.001970405713683963,0.9996453898605804,6.84431253992869
70,0.1,4,32,-1,1,HEFT,20.826141257656772,20349.89684768488,0.0015959507241272194,0.999712770128057,5.260852828351169
70,0.1,4,32,-1,1,GA,31.667878268603516,27266.60455216148,0.0019516975835940217,0.9996487561355283,6.518122081296395
70,0.1,4,32,-1,2,HEFT,18.654929442090562,19341.204784815982,0.0015733477879913704,0.9997168374962325,4.977753804313064
70,0.1,4,32,-1,2,GA,36.170044716706,27745.105127297356,0.0017901560666772937,0.9996778238178939,7.029393864606733
70,0.5,0.8,4,-1,1,HEFT,90.56612119901439,17616.150056896382,0.0017143380154190815,0.9996914667633952,6.231317776969693
70,0.5,0.8,4,-1,1,GA,143.23783340750344,20352.242870426133,0.0017411921016622697,0.9996866345309193,7.109840229115139
70,0.5,0.8,8,-1,0,HEFT,86.3851470630762,24280.164310122596,0.002065528448587504,0.9996282739864959,16.66735331382209
70,0.5,0.8,8,-1,0,GA,130.50367130619208,28970.583222836223,0.0021243192218917033,0.999617695637003,12.682974468445655
70,0.5,0.8,8,-1,1,HEFT,71.39814441924403,20172.544065826685,0.0017207134627363386,0.9996903195376038,9.845983616048024
70,0.5,0.8,8,-1,1,GA,97.74335816553038,22652.61105963125,0.0017143732139199396,0.99969146042962,14.394827307789576
70,0.5,0.8,8,-1,2,HEFT,79.12251480709281,22911.031118820945,0.0019787170151602117,0.9996438943579422,11.076241607150845
70,0.5,0.8,8,-1,2,GA,116.92004606278216,27792.76062616091,0.00214062483257543,0.9996147617534527,7.606064881137793
70,0.5,0.8,16,-1,0,HEFT,74.9388242709165,26694.1000132964,0.0015899025521034149,0.9997138584869156,13.45894325879207
70,0.5,0.8,16,-1,0,GA,97.16073281248659,33014.031438888494,0.0018551900179445832,0.9996661215465904,9.12848391002572
70,0.5,0.8,16,-1,1,HEFT,61.076795022409726,23402.600969861553,0.0015085085691936542,0.9997285053188985,11.860838347771326
70,0.5,0.8,16,-1,1,GA,96.03799146389674,33310.04901705783,0.001921286131264813,0.9996542282891943,8.741644929386164
70,0.5,0.8,16,-1,2,HEFT,69.27901448757547,27249.067231806137,0.001802002125347758,0.9996756922165793,15.015281346304514
70,0.5,0.8,16,-1,2,GA,116.01134409517911,39962.23631658708,0.0022852788437096494,0.9995887344010239,11.574797050605428
70,0.5,0.8,32,-1,0,HEFT,61.49795191980695,34499.531147331596,0.0014062425852875615,0.9997469083677402,10.247156983569502
70,0.5,0.8,32,-1,0,GA,80.64063741776842,44912.16832910864,0.0018018299174012364,0.9996757232039576,7.379092704419063
70,0.5,0.8,32,-1,2,HEFT,61.839445429121824,34954.68669473511,0.0014481058979266576,0.9997393749069952,11.310935853698815
70,0.5,0.8,32,-1,2,GA,88.16954732317988,48629.493474350034,0.0019085771708331992,0.9996565151136952,6.096376424461931
70,0.5,1,4,-1,0,HEFT,96.05279589984092,19315.94109592977,0.0018999233711547037,0.9996580722638094,2.2986351187842238
70,0.5,1,4,-1,0,GA,136.49973055308703,21083.151774324542,0.0018774114609530189,0.9996621230303119,12.614318861323556
70,0.5,1,4,-1,1,HEFT,111.55506472845323,22604.21465566788,0.002228626815077794,0.9995989276243229,5.034939407610266
70,0.5,1,4,-1,1,GA,147.1352198001168,23879.511904917388,0.0021727417770687056,0.9996089829472292,18.95862307698736
70,0.5,1,4,-1,2,HEFT,104.51003556297836,21603.923150142007,0.0021430802898086618,0.9996143199415166,2.941626230399848
70,0.5,1,4,-1,2,GA,128.45998841018135,22515.12916500782,0.002112280325751823,0.9996198618122017,15.586077972625546
70,0.5,1,8,-1,0,HEFT,78.61965275986739,21577.809897654668,0.0018127032600397154,0.9996737666388723,13.92271196553049
70,0.5,1,8,-1,0,GA,118.39507047831896,26514.42976804459,0.0019571709305072306,0.9996477712796147,15.281748908876752
70,0.5,1,8,-1,1,HEFT,65.69580511437648,19978.057195409576,0.0017663126491510896,0.9996821142595339,8.240366072670797
70,0.5,1,8,-1,1,GA,95.74522229053748,22797.99703958678,0.0017579400128805143,0.9996836208561211,10.774652442475704
70,0.5,1,8,-1,2,HEFT,56.987921701848144,16618.680193853415,0.001440289368278552,0.9997407815166276,8.449047421922845
70,0.5,1,8,-1,2,GA,78.52043521296328,19220.220769090825,0.0015093357866468155,0.9997283564601922,10.713618417107167
70,0.5,1,16,-1,0,HEFT,52.237877322220946,20580.61309501103,0.001363170626504472,0.9997546593881607,11.447310950235494
70,0.5,1,16,-1,0,GA,84.2365122805017,28944.85141274271,0.0016500569838354504,0.9997030338460897,8.492017038660672
70,0.5,1,16,-1,1,HEFT,55.691460435705785,22528.00547885208,0.0015291014309039492,0.9997247996170118,12.617503517393716
70,0.5,1,16,-1,1,GA,84.59809939963401,30272.14320138598,0.0018125721080951233,0.9996737902385212,8.389389145338631
70,0.5,1,16,-1,2,HEFT,63.230768785623425,24190.16011875892,0.0015568284899120436,0.9997198101323308,12.175618963319954
70,0.5,1,16,-1,2,GA,85.25382213468949,30548.36738845629,0.001831993997234613,0.9996702954449946,7.328506363677761
70,0.5,1,32,-1,0,HEFT,52.720531893598675,31063.694490627277,0.0013978049410187838,0.9997484267604723,10.740217801330727
70,0.5,1,32,-1,0,GA,76.06630501988472,43626.01671632076,0.0018626040812254555,0.9996647874616613,5.5393125835785035
70,0.5,1,32,-1,1,HEFT,50.972870215135,30620.601053118924,0.001427263422546135,0.9997431255818258,9.277315269408264
70,0.5,1,32,-1,1,GA,65.92767365883311,39014.120678715124,0.0017697537459590712,0.9996814950591987,6.1015090661786715
70,0.5,1,32,-1,2,HEFT,58.201317494712455,34079.695914882446,0.0015155542631670367,0.9997272374391024,11.927764342602313
70,0.5,1,32,-1,2,GA,80.63454382298721,46535.78368230992,0.0020119016607600556,0.9996379232666708,6.908207795278935
70,0.5,2,4,-1,0,HEFT,100.79036983023305,21231.576330089454,0.002118041159979104,0.9996188252567617,3.1282934488572054
70,0.5,2,4,-1,0,GA,140.09029484703385,23532.110524801654,0.00217154733490233,0.9996091978627734,9.949258639375126
70,0.5,2,4,-1,1,HEFT,104.704030172023,22007.652794644197,0.0021940386752438107,0.999605151011844,4.2466535607240194
70,0.5,2,4,-1,1,GA,129.32988936856498,22891.067919663554,0.0021554564896605214,0.9996120930872097,7.6582162151041056
70,0.5,2,4,-1,2,HEFT,101.16673058970358,21529.018000120635,0.0021541362961001115,0.9996123306298984,2.9798728578162343
70,0.5,2,4,-1,2,GA,114.76527873379646,21655.460841574957,0.0020861404990119804,0.9996245652034658,6.729225783180574
70,0.5,2,8,-1,0,HEFT,52.14383739421256,18988.794212763325,0.0018065873156225994,0.9996748671503319,4.745935741956797
70,0.5,2,8,-1,0,GA,71.87713022953778,21808.276809869603,0.001926107533311883,0.9996533607372803,5.466201892090336
70,0.5,2,8,-1,1,HEFT,47.75079192464725,18331.442417781767,0.001776145528813389,0.9996803449053936,4.860465227450313
70,0.5,2,8,-1,1,GA,70.33341966145213,20360.405220129272,0.0017581908181692335,0.9996835757254531,8.569362197499403
70,0.5,2,8,-1,2,HEFT,59.87122026681277,23004.366977123453,0.0022295516578177558,0.999598761219411,5.082660016303888
70,0.5,2,8,-1,2,GA,88.19199335549585,25824.728524106707,0.0022426740519352847,0.9995964001389974,14.448240162998019
70,0.5,2,16,-1,0,HEFT,35.82971550912275,23084.262901015038,0.0020936637626955386,0.9996232115253278,3.4004819565421074
70,0.5,2,16,-1,0,GA,55.47209990004278,27217.430741710417,0.0021404118295739283,0.9996148000792235,10.66346076060373
70,0.5,2,16,-1,1,HEFT,34.84210149622225,19066.47902878972,0.0015990691914102128,0.9997122089653332,5.682629067643032
70,0.5,2,16,-1,1,GA,51.71968898207979,23734.82531359994,0.0017835458693850937,0.9996790132707777,7.275085678335354
70,0.5,2,16,-1,2,HEFT,35.03690934779669,19600.056627272523,0.001663174422803044,0.9997006734110399,6.851431847671884
70,0.5,2,16,-1,2,GA,57.04813741261347,25837.472636252525,0.0019230271644742555,0.9996539150116256,8.961495564069569
70,0.5,2,32,-1,0,HEFT,31.256471746173016,23273.699158969343,0.0014562292000567063,0.9997379130947659,7.196477241793143
70,0.5,2,32,-1,0,GA,43.02192166965964,29767.08094222039,0.0017114551706810188,0.9996919855154824,6.473869204536381
70,0.5,2,32,-1,1,HEFT,34.921933715805025,25781.623417681156,0.0015983980453245514,0.9997123297368689,7.479193370313561
70,0.5,2,32,-1,1,GA,55.05626586660869,36249.6553998092,0.0019519443549136256,0.9996487117322932,6.039627818954105
70,0.5,2,32,-1,2,HEFT,34.97885511675892,25462.462715102913,0.0015543388049441193,0.9997202581501601,6.833904073820242
70,0.5,2,32,-1,2,GA,44.84548125115339,31766.769645434724,0.0018793417112392536,0.999661775702715,6.0460360586115405
70,0.5,4,4,-1,0,HEFT,101.01434182164235,21915.028622651833,0.0022049535161773903,0.9996031871181537,0.6889462231389955
70,0.5,4,4,-1,0,GA,112.36659156857715,22237.49128030692,0.002176213809433491,0.9996083582259716,8.216304566130805
70,0.5,4,4,-1,1,HEFT,127.40343925849908,27572.286446957063,0.0027722120623448455,0.9995011263076593,1.3723418887932264
70,0.5,4,4,-1,1,GA,140.7478891551549,28112.571299659245,0.002759260028451138,0.9995034565134191,10.464743510778082
70,0.5,4,4,-1,2,HEFT,85.1081196556193,18674.055366385743,0.001884866359549873,0.9996607816028558,0.24635500006782873
70,0.5,4,4,-1,2,GA,91.51588777982191,18763.1174379684,0.0018566349902502516,0.9996658615384493,6.4237118563187705
70,0.5,4,8,-1,0,HEFT,42.80954698305016,18423.77533532792,0.0018493616052913566,0.9996671703111414,0.8070226566591593
70,0.5,4,8,-1,0,GA,71.99648997819023,22274.993383499128,0.001984926401239388,0.9996427770670874,7.945137322446913
70,0.5,4,8,-1,1,HEFT,44.64197241996275,18591.84524801291,0.0018483483069375306,0.9996673526441548,1.417376929388438
70,0.5,4,8,-1,1,GA,70.76101680149831,21674.430248912242,0.0019226579633034114,0.9996539814448387,11.636187963119374
70,0.5,4,8,-1,2,HEFT,46.89509016929311,19602.289855788047,0.0019509510593715643,0.999648890462699,2.592136879279395
70,0.5,4,8,-1,2,GA,72.403182119108,22744.960658720327,0.0020406014438353955,0.9996327591895299,7.901147821812919
70,0.5,4,16,-1,0,HEFT,26.175174451148326,19725.467458509796,0.001899203354507664,0.9996582018225,1.5549474957391507
70,0.5,4,16,-1,0,GA,47.00854597033904,24628.75878059869,0.002015906712441033,0.9996372026186521,6.627169834199119
70,0.5,4,16,-1,1,HEFT,25.248143056118543,18711.015014184097,0.0017911332748590874,0.9996776479771069,2.0507532396266055
70,0.5,4,16,-1,1,GA,46.57888850701195,23707.12895802209,0.0019074912615860199,0.99965671051024,6.781487719935532
70,0.5,4,16,-1,2,HEFT,24.07512868680283,18168.778523587298,0.0017501749115918803,0.999685018133121,1.3643461372186108
70,0.5,4,16,-1,2,GA,40.76787509198697,22131.475170779333,0.0018480675908420976,0.9996674031562457,7.268505134138658
70,0.5,4,32,-1,0,HEFT,21.797777891100417,21464.45116544071,0.00169174476166126,0.9996955323026008,6.011113408631849
70,0.5,4,32,-1,0,GA,47.37488691586921,34799.952727464246,0.002145735936921249,0.9996138421095123,7.050273319840667
70,0.5,4,32,-1,1,HEFT,22.686042608123493,20233.02047497311,0.0014885762420482802,0.999732092170145,5.65874947644307
70,0.5,4,32,-1,1,GA,35.211368516593346,27359.447707638396,0.0017878917567527841,0.999678231262453,6.210032957028549
70,0.5,4,32,-1,2,HEFT,20.639684648648867,19819.894451865446,0.0015367255228403466,0.9997234276590715,5.960871196379062
70,0.5,4,32,-1,2,GA,32.19796791889334,26452.5998690297,0.0018202299984721776,0.9996724122688575,6.493437331288105
70,0.8,0.5,4,-1,0,HEFT,127.70327805565933,21380.370640793735,0.001970363474692776,0.9996453974609024,17.75710824951723
70,0.8,0.5,4,-1,0,GA,149.4094615045942,22445.790548222452,0.001973402635142369,0.9996448506061567,10.4438836507967
70,0.8,0.5,8,-1,0,HEFT,102.71324083980886,24139.58072068273,0.0018448462015582794,0.9996679828136287,21.093457475780827
70,0.8,0.5,8,-1,0,GA,179.34314700057814,33654.334199541365,0.002123694068150629,0.9996178081216627,8.420626144980057
70,0.8,0.8,4,-1,0,HEFT,125.92130301751814,24404.37516153783,0.0023721127411753177,0.9995731108497015,3.860889847075264
70,0.8,0.8,4,-1,0,GA,173.66087749398133,26665.315436639277,0.00236816451123103,0.9995738212279616,13.999852898916652
70,0.8,0.8,4,-1,1,HEFT,115.86695424074024,21703.887693531644,0.002085565102064097,0.999624668736037,12.811252624066306
70,0.8,0.8,4,-1,1,GA,147.65863497081472,23058.749223928917,0.0020634541014638,0.9996286472302515,6.980678202943486
70,0.8,0.8,4,-1,2,HEFT,108.37984181998665,20089.51975774186,0.0019234221382923126,0.9996538439409457,9.03249100511931
70,0.8,0.8,4,-1,2,GA,158.2257620860993,22645.971316733427,0.0019445910512403955,0.999650034862866,14.324830864404138
70,0.8,0.8,8,-1,0,HEFT,96.96466342101839,25932.2877105498,0.0021477622767612447,0.9996134775092552,15.587990831824992
70,0.8,0.8,8,-1,0,GA,146.32736254889176,31998.542712392144,0.0023192656211496816,0.9995826193157559,9.93587638308241
70,0.8,0.8,8,-1,1,HEFT,92.34194305881671,23956.394831675454,0.0019498150255851487,0.999649094877004,13.74808394398185
70,0.8,0.8,8,-1,1,GA,127.72544963361099,27449.908433553246,0.001962308174254082,0.9996468469018748,13.27731763528334
70,0.8,0.8,8,-1,2,HEFT,71.13657794521424,20165.450720074685,0.0017230412451336072,0.999689900666617,11.291348079365145
70,0.8,0.8,8,-1,2,GA,113.2730555215704,24738.558069164814,0.0017912590102188706,0.9996776253520376,9.70107502750652
70,0.8,0.8,16,-1,0,HEFT,59.3551221641649,23189.868165928056,0.0015237318747297669,0.9997257658716037,13.100865439304236
70,0.8,0.8,16,-1,0,GA,87.6898366862904,30502.25282670801,0.001765607775573676,0.9996822410964548,8.199759425740636
70,0.8,0.8,16,-1,1,HEFT,67.72838098220147,23997.208895948934,0.001420330716713986,0.9997443731491036,13.982190624245161
70,0.8,0.8,16,-1,1,GA,93.73727969510739,31288.312282801853,0.0017171517546952504,0.9996909604467185,7.388326218941861
70,0.8,0.8,32,-1,0,HEFT,59.442648389848415,33568.03817109819,0.0013878632027643932,0.9997502158247655,10.733688322307414
70,0.8,0.8,32,-1,0,GA,81.86193147353615,45331.43352612669,0.001795407214507598,0.9996768789162543,6.5963325595340265
70,0.8,0.8,32,-1,1,HEFT,72.86549055016144,39002.65433985324,0.0014240705385776802,0.9997437001534752,10.256343159850402
70,0.8,0.8,32,-1,1,GA,92.11294123557894,49581.26989198422,0.0018359044518762159,0.9996695917954795,6.655243445917478
70,0.8,0.8,32,-1,2,HEFT,62.878503442644266,34977.843216197216,0.001399547531553207,0.9997481131731357,11.215160737522929
70,0.8,0.8,32,-1,2,GA,97.35948040095587,52543.69201076876,0.0019583529117314868,0.9996475585979562,6.926886273807031
70,0.8,1,4,-1,0,HEFT,104.77630427053788,20843.763918328415,0.0020432172239460717,0.9996322885221323,3.163600926473899
70,0.8,1,4,-1,0,GA,151.02636382704537,22960.242071511475,0.002029841938993966,0.9996346951910368,9.173296787775179
70,0.8,1,4,-1,1,HEFT,103.40054170493161,20936.782480686983,0.0020637669869315593,0.9996285909317831,2.1386915318795574
70,0.8,1,4,-1,1,GA,141.34959227636384,22272.809828875448,0.0020010373901304898,0.9996398781292296,7.333935344549982
70,0.8,1,4,-1,2,HEFT,95.65843210938725,19373.114106428264,0.0019097557319351004,0.9996563030455865,2.906742419555799
70,0.8,1,4,-1,2,GA,127.2315642818685,19926.33953024206,0.00178542951482072,0.9996786743234886,23.658935649622393
70,0.8,1,8,-1,0,HEFT,66.27311257179183,18165.25665900497,0.0015249402909706653,0.9997255484163531,12.481194335959499
70,0.8,1,8,-1,0,GA,101.91540294241125,22644.255138496363,0.0016615473457396491,0.9997009661972892,10.483662939923418
70,0.8,1,8,-1,1,HEFT,68.1428351557594,18648.22465772586,0.0015641488995830693,0.9997184928286569,8.245549279942544
70,0.8,1,8,-1,1,GA,91.95499617508344,21196.034899550057,0.0015979787166333394,0.9997124051943237,11.442698254590473
70,0.8,1,8,-1,2,HEFT,76.12002618182547,22003.048516110357,0.0018986467703688778,0.999658301973406,9.401195994072884
70,0.8,1,8,-1,2,GA,112.49898935658344,26067.11513240836,0.001972508030255342,0.9996450115778601,13.071548489498065
70,0.8,1,16,-1,0,HEFT,65.74073821827612,26403.96649777686,0.0017805871782774992,0.9996795456643723,15.100324072189904
70,0.8,1,16,-1,0,GA,88.65673044584929,32548.645278577504,0.002006014603743468,0.9996389825538129,9.756467488929863
70,0.8,1,16,-1,1,HEFT,61.545147442340436,23694.069751534702,0.0015345479900006898,0.9997238195066558,12.96837545459154
70,0.8,1,16,-1,1,GA,79.87009041937517,29258.81899894993,0.0017989356122002445,0.999676244010089,8.886162571316882
70,0.8,1,16,-1,2,HEFT,55.28844687056191,21736.78705728407,0.0014368740643586804,0.9997413961121663,11.948062541912945
70,0.8,1,16,-1,2,GA,75.03294344084686,27630.057040638836,0.0017084924935395654,0.9996925186332504,6.787031653103698
70,0.8,1,32,-1,0,HEFT,62.67975030265031,34502.136202289796,0.0013479472979421284,0.9997573989187721,10.856256770064102
70,0.8,1,32,-1,0,GA,86.12954552948322,47082.72712966306,0.001809945949139728,0.9996742627930422,6.146087627903487
70,0.8,1,32,-1,1,HEFT,57.118800754896576,31758.29865151312,0.0012693383929758182,0.9997715451890398,10.029784997381931
70,0.8,1,32,-1,1,GA,78.50661885888762,42728.91212475051,0.0016256292613614548,0.9997074295400419,6.113176407938134
70,0.8,1,32,-1,2,HEFT,62.56732066367405,34848.42683797621,0.0013982655947190406,0.9997483438636697,11.891434021726713
70,0.8,1,32,-1,2,GA,86.3546258399518,46979.57865573171,0.0017854524978281943,0.9996786701878769,6.477541259249162
70,0.8,2,4,-1,0,HEFT,94.76493984746021,20198.54088805501,0.0020219410562502477,0.9996361168314202,2.3430950589268744
70,0.8,2,4,-1,0,GA,134.91151370220396,22307.054981015444,0.0020453878970684313,0.9996318979447194,6.762679652380848
70,0.8,2,4,-1,1,HEFT,94.02821975362197,20153.95568330703,0.0020207495006632006,0.9996363312334027,1.2849354009339384
70,0.8,2,4,-1,1,GA,115.82458327004868,20811.820666919884,0.0019705737299686756,0.9996453596283738,8.53081859725465
70,0.8,2,4,-1,2,HEFT,88.83443977859898,18647.975214331316,0.0018583878688576958,0.9996655461257766,1.9608110629574669
70,0.8,2,4,-1,2,GA,123.02733085783112,20352.778394662215,0.0018665977407605068,0.9996640688441741,12.525243971744919
70,0.8,2,8,-1,0,HEFT,50.46190372563904,18757.07319180094,0.0017975103920076993,0.9996765004667004,4.248987597774191
70,0.8,2,8,-1,0,GA,76.13774987418904,21348.44710241064,0.001813853115566989,0.99967355973242,14.398982827293219
70,0.8,2,8,-1,1,HEFT,55.4240450306024,19272.36222775394,0.0018025392641881277,0.9996755955629489,5.510446700016655
70,0.8,2,8,-1,1,GA,84.43838816439832,23407.20584804521,0.0019768889643750616,0.999644223289961,7.142810588139884
70,0.8,2,8,-1,2,HEFT,47.61259001338606,17935.931481342228,0.0017267600568549308,0.9996892314883071,3.5381644608937837
70,0.8,2,8,-1,2,GA,68.96924894861995,20086.477066691277,0.001739719530700744,0.9996868995106659,8.092622114874665
70,0.8,2,16,-1,0,HEFT,38.970850776131776,19102.481157813058,0.001501302042480072,0.9997298021423714,5.555195593112458
70,0.8,2,16,-1,0,GA,49.40452206860052,21730.166150276433,0.0015819764745613862,0.9997152847736545,5.7711073901726175
70,0.8,2,16,-1,1,HEFT,37.62488053514191,20471.280487329874,0.0017115379101527942,0.9996919706269644,8.15203473266235
70,0.8,2,16,-1,1,GA,78.63223180248833,30463.920448333694,0.001985340044219113,0.9996427026379509,7.939335465430108
70,0.8,2,16,-1,2,HEFT,34.00001341074042,17860.32242584551,0.0014641240117549545,0.9997364924021114,5.1476319735841285
70,0.8,2,16,-1,2,GA,52.994782455405,22753.75535710148,0.001625162419336398,0.9997075135470239,6.473892727300366
70,0.8,2,32,-1,0,HEFT,41.17566133899836,28460.95675270178,0.001634302687148115,0.9997058687813841,8.239671377044798
70,0.8,2,32,-1,0,GA,53.99975851886752,35791.398834768646,0.0019451539487756475,0.9996499335767742,7.319351719569852
70,0.8,2,32,-1,1,HEFT,37.37949781372032,25927.154523317062,0.0014952748530811964,0.9997308867439159,7.498830956566401
70,0.8,2,32,-1,1,GA,61.98362111017707,39455.64122066811,0.002022471668521979,0.9996360213559695,7.764132109911941
70,0.8,2,32,-1,2,HEFT,34.958719745540535,24794.290729715438,0.0014690106392025674,0.9997356130413368,7.584276800599511
70,0.8,2,32,-1,2,GA,49.53792697362163,32875.45408118159,0.0017897790856990809,0.9996778916526103,6.873074708613283
70,0.8,4,4,-1,0,HEFT,96.7255995270363,21013.587896636167,0.002115085157537264,0.9996193571345274,0.4728460210467567
70,0.8,4,4,-1,0,GA,112.22074490384347,21129.412335786874,0.002033955630542944,0.999633954997327,12.11311079074173
70,0.8,4,4,-1,1,HEFT,91.42392097275446,19873.847813325956,0.0020007105434927315,0.9996399369404388,1.4517616362944077
70,0.8,4,4,-1,1,GA,107.06206776851005,19967.286078587225,0.0019158019154649542,0.999655215107193,16.00444877468268
70,0.8,4,4,-1,2,HEFT,82.2788069730776,17871.28534894175,0.0017986954281956104,0.9996762872292138,0.4531098686640471
70,0.8,4,4,-1,2,GA,91.67731045293606,18139.873760078863,0.0017751114804054175,0.9996805309746265,5.906894750924946
70,0.8,4,8,-1,0,HEFT,46.10221601086987,19290.27278201568,0.0019204728740274122,0.9996543746248913,1.7583066899616495
70,0.8,4,8,-1,0,GA,69.10790418616386,20991.96760820267,0.0018549882178722143,0.9996661578584763,11.398529579941686
70,0.8,4,8,-1,1,HEFT,46.98287582538741,19484.77753690859,0.0019346797748929457,0.9996518182698523,2.2136081477702243
70,0.8,4,8,-1,1,GA,65.49430780090465,22162.24052339568,0.0020510060690579887,0.9996308870465241,8.781485719221722
70,0.8,4,8,-1,2,HEFT,49.46962969059392,20825.889841684988,0.0020771066397142087,0.9996261906889682,0.9340994580149671
70,0.8,4,8,-1,2,GA,78.52987548135336,24001.878363561413,0.0021270039169704767,0.999617212576752,9.806027679771018
70,0.8,4,16,-1,0,HEFT,30.336193258311404,20530.446876675298,0.0018999867921291355,0.9996580608519383,3.625128552859579
70,0.8,4,16,-1,0,GA,56.19851624727616,27118.904484413066,0.0021096627086480673,0.9996203328042809,9.381609892721944
70,0.8,4,16,-1,1,HEFT,24.670587355186978,16935.047307587378,0.0015760070459162117,0.9997163589654616,3.0965445969635934
70,0.8,4,16,-1,1,GA,42.49362135862434,21085.796501515255,0.0016701577778629692,0.9996994167841743,8.194857334084658
70,0.8,4,16,-1,2,HEFT,26.73730534708877,18549.888257478204,0.0017333754045009248,0.99968804109649,2.2489676405729484
70,0.8,4,16,-1,2,GA,46.11484129305015,23203.411552087335,0.0018539227420958277,0.9996663495801078,8.929188636638616
70,0.8,4,32,-1,0,HEFT,20.924365821636787,18141.21000397935,0.0013057175101383492,0.9997649984653622,4.960962341629739
70,0.8,4,32,-1,0,GA,32.522778133668844,24735.45041287481,0.0015822614482617536,0.9997152334929941,5.455246881506543
70,0.8,4,32,-1,1,HEFT,25.288328605604374,21864.69495606004,0.001570281236628936,0.9997173893193303,5.677589448415965
70,0.8,4,32,-1,1,GA,38.18982567777741,29298.733698232263,0.0018906770850084934,0.9996597360276188,5.829934222548247
70,0.8,4,32,-1,2,HEFT,23.710019257682067,19989.873550760632,0.001406359968450997,0.9997468872441193,5.71663825474502
70,0.8,4,32,-1,2,GA,38.40730592901181,27684.04961343636,0.0016712718522862821,0.9996992163110753,6.27367941058338
70,1,0.5,16,-1,0,HEFT,82.40024226676363,29591.676446255755,0.0017791769936740481,0.9996797994162923,12.610875113515151
70,1,0.5,16,-1,0,GA,114.95340834804853,37036.20503812245,0.0019334819942244353,0.9996520337953267,10.900831131324207
70,1,0.8,4,-1,0,HEFT,124.77422971549646,23518.068571521806,0.0022647164787051653,0.9995924341113837,6.390269264077188
70,1,0.8,4,-1,0,GA,164.61778855825705,24976.754370974362,0.002206085338524292,0.9996029834709943,23.646037016640598
70,1,0.8,4,-1,1,HEFT,95.2939211570115,17836.889167970592,0.0017135375907537517,0.9996916107953929,6.939705719875134
70,1,0.8,4,-1,1,GA,129.75897947820172,19113.74573461927,0.0016647693436260447,0.9997003864112661,16.078977087638783
70,1,0.8,4,-1,2,HEFT,99.29924124099,18914.48153263975,0.0018279222161592032,0.9996710281242098,8.623276805523483
70,1,0.8,4,-1,2,GA,139.30315371073357,20052.83713748365,0.0017269103048279642,0.9996892044520764,17.043961815032308
70,1,0.8,8,-1,0,HEFT,102.72567125664976,26638.970992971466,0.0021676106656761097,0.9996099061865628,10.256491903932748
70,1,0.8,8,-1,0,GA,138.07802243477659,30466.214853777867,0.0022236078423823404,0.9995998306774816,12.297476088242595
70,1,0.8,8,-1,1,HEFT,80.09159255425133,21867.896018868712,0.0018319254694651916,0.9996703077759257,10.516776301784507
70,1,0.8,8,-1,1,GA,106.70953011771121,24787.202754347403,0.0018789519202903266,0.9996618458413574,6.274473490012759
70,1,0.8,8,-1,2,HEFT,94.30291899387214,25413.82024976612,0.002113790701079379,0.9996195900480273,15.054582837057678
70,1,0.8,8,-1,2,GA,127.40062715486414,29083.150859237492,0.0021773502134845653,0.9996081537533746,12.584215034953809
70,1,0.8,16,-1,0,HEFT,77.83942621451035,27045.489017373166,0.001563348731807129,0.9997186368183203,17.915366592744213
70,1,0.8,16,-1,0,GA,111.94104756918534,36183.098629756365,0.00189798675665023,0.9996584207352879,8.322571210494091
70,1,0.8,32,-1,1,HEFT,75.62420303367261,40681.361254104646,0.0015040913810302793,0.9997293001972195,12.622416011728298
70,1,0.8,32,-1,1,GA,105.38678338672725,55473.70847322354,0.0019386542186977105,0.999651103119311,6.55937296508058
70,1,0.8,32,-1,2,HEFT,78.08130879167474,42165.258827206155,0.0015739064924034948,0.9997167369579206,13.237294077705233
70,1,0.8,32,-1,2,GA,110.08014001606394,58398.13955519324,0.0020836389908300626,0.9996250153059921,6.542016882795424
70,1,1,4,-1,0,HEFT,83.27498147967185,17228.146972051865,0.0017094247882464622,0.9996923508718168,3.004578933048435
70,1,1,4,-1,0,GA,113.53233768045374,18230.75863394201,0.001651318659596929,0.9997028068119203,9.211944219883959
70,1,1,4,-1,1,HEFT,80.59509598164234,16129.207624560126,0.0015840624053541726,0.9997149094130832,5.4669886840503805
70,1,1,4,-1,1,GA,107.77111376402476,17295.082293394058,0.001566158763917425,0.9997181311549843,5.248737391729799
70,1,1,4,-1,2,HEFT,116.11397476428917,23172.02977210604,0.0022737156309328376,0.9995908149254884,6.591832828282027
70,1,1,4,-1,2,GA,162.31067481691673,24926.24586581968,0.00221386737398032,0.9996015832617199,14.393168456497795
70,1,1,8,-1,0,HEFT,71.45777250524023,21301.41111859312,0.0018658223460064677,0.9996642083683528,5.337495252767305
70,1,1,8,-1,0,GA,111.78140451858988,26412.382725185773,0.0020260165234368406,0.9996353835145346,9.247501974355668
70,1,1,8,-1,1,HEFT,83.69906755456091,22560.91408345302,0.001876718811138911,0.9996622476651614,13.83743298966947
70,1,1,8,-1,1,GA,112.22125501083671,25740.372417937528,0.0019337379763433081,0.999651987734579,13.590092750506852
70,1,1,8,-1,2,HEFT,79.95603815582284,21229.562416092725,0.0017511347226270976,0.9996848454215681,10.237534051614022
70,1,1,8,-1,2,GA,104.6990707561657,24177.369648491906,0.0018250980433979329,0.999671536308203,11.053745913476874
70,1,1,16,-1,0,HEFT,56.068159304036485,22198.257787470237,0.0014771539019502883,0.9997341476426518,10.47492291145219
70,1,1,16,-1,0,GA,87.3463096060516,30900.117061273417,0.0018255330254407635,0.9996714580371547,7.52148359547633
70,1,1,16,-1,1,HEFT,62.13970853803648,23337.44343451592,0.0014737234360740201,0.9997347649625402,13.001109743520747
70,1,1,16,-1,1,GA,83.70004369091504,29476.27273462482,0.001732023817308673,0.99968828430632,5.719534536523128
70,1,1,16,-1,2,HEFT,69.08574956286553,26776.813812362612,0.0017457816403478597,0.999685808673173,15.805377256343663
70,1,1,16,-1,2,GA,93.39783981128525,34141.42299518916,0.0020941909239563816,0.9996231166720585,7.619868501794723
70,1,1,32,-1,0,HEFT,59.602828958268375,34813.75110479871,0.0015408610833105496,0.9997226834643447,11.667024879933617
70,1,1,32,-1,0,GA,79.55533377349514,45616.21041327641,0.0019466359488700621,0.9996496669101764,6.319425539548357
70,1,1,32,-1,1,HEFT,58.65158431031159,34316.90648689713,0.0015238628051340414,0.9997257423105942,12.423283548073254
70,1,1,32,-1,1,GA,80.5623269527665,44988.22839080416,0.0018155419691139308,0.9996732558380635,6.144468372965313
70,1,1,32,-1,2,HEFT,60.16091214744018,34100.50978157426,0.001421023193405327,0.9997442485351704,10.496361442423888
70,1,1,32,-1,2,GA,82.26962945114354,45635.21871761716,0.0018144290708498754,0.9996734560943172,6.439595167506485
70,1,2,4,-1,0,HEFT,82.99073489975771,17824.377334025325,0.001788219904242501,0.9996781722149121,1.6100177959739368
70,1,2,4,-1,0,GA,120.43303273815603,20126.68099352647,0.0018534748607357855,0.9996664301718579,13.427716654605067
70,1,2,4,-1,1,HEFT,87.2435297597655,18260.638701948326,0.0018182105004495583,0.999672775659485,2.69535910388322
70,1,2,4,-1,1,GA,112.22385347127009,19216.47058325237,0.0017867862553787343,0.9996784301886907,11.73857832557995
70,1,2,4,-1,2,HEFT,86.7821186567469,18645.20289845623,0.0018707572613607729,0.9996633203822626,1.2612355261908013
70,1,2,4,-1,2,GA,119.77998083022237,20467.248114950533,0.0019015257151291803,0.9996577839405548,15.045134728383701
70,1,2,8,-1,0,HEFT,58.876314457412754,21113.54793834487,0.0019975997093583005,0.9996404966891222,4.802600817621907
70,1,2,8,-1,0,GA,92.1093887307607,24501.886738424244,0.002023176410887754,0.9996358945485243,13.456674164010895
70,1,2,8,-1,1,HEFT,51.72450605765826,18838.401386252746,0.001792357726707694,0.9996774276468455,5.316089242765353
70,1,2,8,-1,1,GA,84.51740800383284,22558.947219435086,0.0018663147352799916,0.9996641197680488,12.466619049896767
70,1,2,8,-1,2,HEFT,50.13568616444601,19014.352821201737,0.0018347967634902993,0.9996697911135309,3.2244745787720253
70,1,2,8,-1,2,GA,78.12904581018854,21938.923975346657,0.001865443873070873,0.9996642764706073,10.750496417380205
70,1,2,16,-1,0,HEFT,35.9743021663936,18786.8673622481,0.0015348580550775875,0.9997237637103583,4.467262858517925
70,1,2,16,-1,0,GA,51.97356957900325,22686.123141482618,0.0016417568194204129,0.9997045274331234,7.5941728318434025
70,1,2,16,-1,1,HEFT,41.86526237867801,19770.919810121548,0.0015158642678831224,0.9997271816534762,6.534369472426975
70,1,2,16,-1,1,GA,63.64602393678675,25041.136566741665,0.0016564728644546008,0.999701879331198,6.948578023899805
70,1,2,16,-1,2,HEFT,48.59301671040107,24439.24931054838,0.0019521175842572834,0.9996486805619649,5.7015323309060815
70,1,2,16,-1,2,GA,68.98851003426084,29650.506600835208,0.0021194719217386467,0.9996185678178453,10.785129130887068
70,1,2,32,-1,0,HEFT,37.40030720421052,25733.945124188198,0.0014692799945441033,0.9997355645701956,8.30542099449308
70,1,2,32,-1,0,GA,52.12820067830392,34257.8315251999,0.001839871119474315,0.9996688780314786,6.81999644407545
70,1,2,32,-1,1,HEFT,34.799125133604875,23969.197968282795,0.0013703273794545895,0.9997533714895106,7.195014789519859
70,1,2,32,-1,1,GA,55.26052092921264,34920.47462994282,0.0017700819887758615,0.9996814359943118,6.34977475570782
70,1,2,32,-1,2,HEFT,39.62792632440386,25882.65144418634,0.0013779751596402145,0.9997519952295338,7.035565134629094
70,1,2,32,-1,2,GA,60.03771945847262,37301.40140487865,0.0018406869680652666,0.9996687312273678,6.654015656963512
70,1,4,4,-1,0,HEFT,105.13354624806497,22983.678902269567,0.002317476573948637,0.9995829412098951,0.5160150603733364
70,1,4,4,-1,0,GA,122.41931226708932,23017.325717828517,0.0022146251587865933,0.9996014469148082,8.700309445925965
70,1,4,4,-1,1,HEFT,93.43159348285987,20222.062272613264,0.0020332488094878536,0.9996340821785538,1.9011558350734061
70,1,4,4,-1,1,GA,113.4184454195121,21117.495131517993,0.0020249883399717588,0.9996355685200952,10.412013035677466
70,1,4,4,-1,2,HEFT,92.38381009150672,20014.503395638916,0.002012930298610671,0.9996377381789151,0.8547889174175041
70,1,4,4,-1,2,GA,112.39095967663935,21418.293286749424,0.0020702231553321364,0.9996274292537644,10.868249524870803
70,1,4,8,-1,0,HEFT,40.519886704179804,16963.76802466892,0.001689129056985486,0.999696002986201,1.6036261884687806
70,1,4,8,-1,0,GA,56.935216903142006,18875.896412012757,0.001732573073554409,0.9996881854710191,13.264128658150424
70,1,4,8,-1,1,HEFT,43.59932640402745,18003.222700328763,0.0017852309257806371,0.999678710058031,2.4458230310216775
70,1,4,8,-1,1,GA,60.16522538179898,20104.48825397761,0.0018512437490083864,0.9996668316380869,7.134443794434678
70,1,4,8,-1,2,HEFT,47.558416124973675,19922.141799466393,0.001984048301223375,0.9996429350686418,2.8906351961537693
70,1,4,8,-1,2,GA,77.9388561328954,23311.88025319365,0.0020451873468263168,0.9996319340304761,8.259495088243384
70,1,4,16,-1,0,HEFT,26.27247799696321,17713.05972777636,0.0016367886243358431,0.9997054214444049,2.5706971803955607
70,1,4,16,-1,0,GA,53.81878195533744,24357.21333698627,0.0018118872353438615,0.9996739134754096,6.34839253832054
70,1,4,16,-1,1,HEFT,28.374210726615527,18820.387819466567,0.0017277182635602568,0.9996890590647154,1.7771925682512801
70,1,4,16,-1,1,GA,46.32724456607676,22971.313491554432,0.0018186669941689527,0.9996726935175076,7.441383942399597
70,1,4,16,-1,2,HEFT,26.11660808308148,16871.497208296863,0.001531926157150545,0.9997242913063432,2.969935874274499
70,1,4,16,-1,2,GA,41.19704704935255,20410.54879362732,0.0016150795555751466,0.9997093279333106,7.579358753749148
70,1,4,32,-1,0,HEFT,26.937211575778004,23551.635985509536,0.0017064272274432532,0.9996928902669123,6.738419984569039
70,1,4,32,-1,0,GA,37.92781055435477,30154.794116618395,0.002014278406168755,0.9996374956074897,6.375523030046438
70,1,4,32,-1,1,HEFT,29.45318122418457,25141.194189441558,0.0017869732040509923,0.9996783965487513,6.966415969123011
70,1,4,32,-1,1,GA,45.641286206358764,33808.10580442258,0.0021035984368450674,0.9996214239593681,7.713235917249221
70,1,4,32,-1,2,HEFT,26.692566106806964,21904.283509799792,0.0015057284398948215,0.999729005606435,5.614646791051265
70,1,4,32,-1,2,GA,38.90984902557298,28517.127897947415,0.0017539723349001791,0.9996843348124606,6.087525657552529
70,2,0.5,32,-1,1,HEFT,97.7336339298071,49430.21551809109,0.0015375323112461457,0.9997232824773337,13.295236474952969
70,2,0.5,32,-1,1,GA,162.4835759279798,78146.50994831556,0.0020352476475415148,0.9996337225194233,7.511949904889645
70,2,0.5,32,-1,2,HEFT,84.30244745251144,42605.73838268586,0.0013221703567081991,0.9997620376533238,9.155045968600367
70,2,0.5,32,-1,2,GA,130.5266606425515,63659.92567422034,0.0017490552955401267,0.999685219600552,6.421898427667501
70,2,0.8,4,-1,0,HEFT,113.41273200311687,20213.317716609927,0.0019082049845555963,0.999656582084216,11.749746864633666
70,2,0.8,4,-1,0,GA,148.7058793056274,21912.4512994251,0.0019088590559114967,0.9996564643918104,10.948028186740045
70,2,0.8,4,-1,1,HEFT,157.4730052286461,26237.48300110139,0.0024132789082850613,0.9995657041302739,16.574922266030296
70,2,0.8,4,-1,1,GA,232.8396891589005,30774.657191405153,0.002532086836147019,0.9995443282194283,4.4247835532796325
70,2,0.8,8,-1,1,HEFT,103.83025040656084,23581.65177785534,0.001758907976592442,0.9996834466777929,17.060839320656235
70,2,0.8,8,-1,1,GA,147.48624853163926,28675.012752967996,0.0018754952059341899,0.9996624678397324,13.566680169902774
70,2,0.8,8,-1,2,HEFT,103.46227679891898,23191.931370204435,0.0017131205164739294,0.9996916858456153,18.38058097361236
70,2,0.8,8,-1,2,GA,143.6409546985976,28205.11585938992,0.0018624785798868932,0.9996648100443295,8.338250169171804
70,2,0.8,16,-1,0,HEFT,87.41885824968037,29075.858783139833,0.001588041085168114,0.9997141934551446,15.980379285082288
70,2,0.8,16,-1,0,GA,122.56496958259751,37907.315494629016,0.0018572146427351807,0.9996657572358701,7.346945905399459
70,2,0.8,16,-1,1,HEFT,112.30286080633482,35111.831318303564,0.0017506049151792347,0.9996849407568579,19.55115274184615
70,2,0.8,16,-1,1,GA,144.22390555836603,44028.80845113278,0.0021108292744091094,0.999620122902189,9.754398427327521
70,2,0.8,16,-1,2,HEFT,98.54205304119864,31341.446287727784,0.0016048284371857416,0.999711172599973,17.831668567862412
70,2,0.8,16,-1,2,GA,143.7370015511304,43208.448249043315,0.002016917823155851,0.9996370206847695,11.070297288429886
70,2,0.8,32,-1,0,HEFT,98.95697229291291,49871.78929337518,0.0015338904306067985,0.999723937834665,14.575203966407264
70,2,0.8,32,-1,0,GA,115.94901136521311,58898.05568669727,0.0018570588271906243,0.9996657852732949,6.9622890522542615
70,2,0.8,32,-1,1,HEFT,103.52213476377405,51575.32418511782,0.0015274966971354754,0.9997250883896391,11.068821718325342
70,2,0.8,32,-1,1,GA,129.8592770383447,64455.237654932665,0.001884919285815027,0.99966077207936,6.054654655330036
70,2,0.8,32,-1,2,HEFT,101.96253625744009,50946.7885366256,0.0015236659707711377,0.9997257777310627,14.669458749311561
70,2,0.8,32,-1,2,GA,133.24140083533266,66094.20881228951,0.0019288773761656029,0.9996528623385151,5.61623786277952
70,2,1,4,-1,0,HEFT,114.37762678736871,21721.240756165545,0.00209704323906613,0.9996226034489686,6.863981957978735
70,2,1,4,-1,0,GA,184.8210803520431,25433.64138430642,0.0021398229363576676,0.9996149060391767,10.659317659301095
70,2,1,4,-1,1,HEFT,96.03419634720154,17580.874414848004,0.0016758698953723938,0.999698388912605,1.4602045824227061
70,2,1,4,-1,1,GA,147.34476572491863,20521.116992185012,0.0017375411159417208,0.9996872915026281,11.54003674447819
70,2,1,4,-1,2,HEFT,118.94231092980573,20877.020100162583,0.0019596626841772487,0.9996473229220347,14.341923947706546
70,2,1,4,-1,2,GA,157.80839403780854,21882.40587629818,0.0018485275145327352,0.9996673203975193,17.153379472720683
70,2,1,8,-1,0,HEFT,109.77106007931434,25735.480458157293,0.001963495954850532,0.9996466331768944,18.360628406997513
70,2,1,8,-1,0,GA,159.23438262733606,31689.443824310245,0.0021192432935511606,0.9996186089552234,7.4938616465473435
70,2,1,8,-1,1,HEFT,90.26534261587325,22875.74317663831,0.001835952233270604,0.9996695831976705,13.112612359960718
70,2,1,8,-1,1,GA,141.06769125648702,28517.679679749705,0.0019347779482076163,0.9996518006048078,11.372755718482663
70,2,1,8,-1,2,HEFT,95.2831879090229,22530.949910555304,0.0017291684588228817,0.9996887981107682,13.493356547755527
70,2,1,8,-1,2,GA,117.0030376865678,25108.692550326265,0.0017928166579348527,0.9996773450658744,10.684105182058087
70,2,1,16,-1,0,HEFT,65.04235151630454,23349.31565599499,0.0014032537680703514,0.9997474462188239,12.800728977017169
70,2,1,16,-1,0,GA,86.86778005708359,28876.089721017397,0.001575901285537125,0.9997163779969304,9.08298296931202
70,2,1,16,-1,1,HEFT,84.27357859208439,28094.08759534366,0.0015392197035740893,0.9997229788308093,15.65782756091386
70,2,1,16,-1,1,GA,111.46645101870811,35033.76526045801,0.001761267010964606,0.9996830221861124,8.430736836891844
70,2,1,16,-1,2,HEFT,84.98626076427432,28654.92231524006,0.0015940000321058643,0.9997131211518295,14.122293803476882
70,2,1,16,-1,2,GA,105.91345598123105,34307.710353780436,0.0018052101815741696,0.9996751149538969,8.566359567970164
70,2,1,32,-1,0,HEFT,82.59703448013461,45552.79547800988,0.0017875367232090683,0.999678295147929,14.167782385430533
70,2,1,32,-1,0,GA,111.20927930332685,58512.09611465152,0.0020423427470509055,0.9996324458701066,7.41984009991669
70,2,1,32,-1,1,HEFT,80.6981773563911,42759.59000245988,0.0015208643278560334,0.9997262818886257,12.409587636100431
70,2,1,32,-1,1,GA,128.83201514364012,65146.98783496659,0.0020252576252982922,0.9996355200664009,6.497923892417811
70,2,1,32,-1,2,HEFT,85.24056977788314,46357.060131166654,0.0017602947463126004,0.9996831971382912,13.53730942373281
70,2,1,32,-1,2,GA,111.40922020957959,59786.47863311734,0.0021970721024081115,0.9996046052106972,8.28318836178261
70,2,2,4,-1,0,HEFT,87.36832943797715,17715.562517464314,0.001747013269307676,0.9996855870496395,1.750279150588917
70,2,2,4,-1,0,GA,112.55375225888581,19337.511191249338,0.001800378692871165,0.9996759843396994,2.8461499672929653
70,2,2,4,-1,1,HEFT,95.5666405405113,19480.7534031242,0.001924231867852669,0.9996536982400879,1.356101634939684
70,2,2,4,-1,1,GA,132.70551045980102,21297.181830753274,0.0019285939701140604,0.9996529133338977,7.555112521815816
70,2,2,4,-1,2,HEFT,79.06341884358062,16004.905873638621,0.0015775015205615965,0.9997160900363624,5.0288265108034045
70,2,2,4,-1,2,GA,102.44466204708665,17052.306512153795,0.0015678246426219166,0.999717831381383,6.153141210851201
70,2,2,8,-1,0,HEFT,59.405228437335175,20468.95586140384,0.0019077589058681737,0.9996566623508093,5.6589609338240985
70,2,2,8,-1,0,GA,86.20060487159604,22810.83481686393,0.0018779814921435025,0.9996620204593718,12.734586339823618
70,2,2,8,-1,1,HEFT,52.29590264190308,17569.015419511634,0.0016212672824145915,0.9997082144668462,4.648574684322479
70,2,2,8,-1,1,GA,77.28464354613024,20166.179089453053,0.0016468802724837923,0.9997036054844879,8.744096062538636
70,2,2,8,-1,2,HEFT,64.14605360466244,21184.98451976414,0.001941468136139089,0.9996505967910186,8.602673012629129
70,2,2,8,-1,2,GA,107.89338423268974,26480.924988236948,0.0020830956204003527,0.9996251130759973,11.229996905192673
70,2,2,16,-1,0,HEFT,59.88656509612298,25503.9980023598,0.0018095319772486033,0.9996743372837134,10.03718100444832
70,2,2,16,-1,0,GA,78.26993815059754,30369.446453378492,0.0019821212310676697,0.9996432818174733,10.693357899676313
70,2,2,16,-1,1,HEFT,56.40976653709699,24242.467602833116,0.0017327897193424413,0.9996881464869376,8.527682413533748
70,2,2,16,-1,1,GA,84.42405282990755,31804.125669679182,0.002014820093841981,0.9996373981390588,10.359857611380015
70,2,2,16,-1,2,HEFT,49.06910723375331,20806.972439072495,0.001471021169275434,0.9997352512416701,11.133375804085546
70,2,2,16,-1,2,GA,65.57188586123321,25268.8499792026,0.0016381198829258173,0.9997051818884762,8.111945180411203
70,2,2,32,-1,0,HEFT,50.70777130580002,30126.48604878416,0.001376576468650769,0.9997522469315051,8.795012300241508
70,2,2,32,-1,0,GA,68.86905012429835,40428.699875987004,0.001806587161273441,0.9996748671781062,6.586853202932638
70,2,2,32,-1,1,HEFT,49.354096521408174,29312.700020750046,0.0013385952140218742,0.9997590818869063,8.31741595998992
70,2,2,32,-1,1,GA,64.03838579209528,37885.782299770144,0.001717705704858598,0.9996908607665081,5.62898484399174
70,2,2,32,-1,2,HEFT,50.334408468849404,31091.97272278952,0.001519839776582862,0.9997264662573923,9.136724952657952
70,2,2,32,-1,2,GA,61.51356239005666,37403.74074446963,0.001780688990528148,0.9996795273440401,6.751457729107003
70,2,4,4,-1,0,HEFT,79.45513676193822,17166.857748834624,0.00172519524344465,0.9996895130672274,1.107015251054429
70,2,4,4,-1,0,GA,94.31704454527205,17296.98553630327,0.0016498407491124306,0.9997030727567822,13.369132366952345
70,2,4,4,-1,1,HEFT,83.94403307704049,18265.513841524873,0.0018393023583755724,0.9996689803745819,0.8797018361135048
70,2,4,4,-1,1,GA,109.91413758276016,18966.836956006533,0.0017688576682214528,0.9996816563018321,13.13063090743242
70,2,4,4,-1,2,HEFT,111.31724907592131,24190.067260692296,0.002434992158274944,0.9995617974503053,1.2649389105437265
70,2,4,4,-1,2,GA,123.22127384918876,24256.634907804204,0.002369769220031414,0.9995735325035204,13.86972521193537
70,2,4,8,-1,0,HEFT,43.61816813952072,17325.327166388204,0.0016974138275186324,0.9996945121819546,3.2343391263624013
70,2,4,8,-1,0,GA,66.80965075798274,19278.511816978906,0.0016621169695365066,0.9997008636956726,11.045783491684688
70,2,4,8,-1,1,HEFT,49.3790664869047,19731.29381552524,0.0019368092290416522,0.999651435101637,3.0120334866993215
70,2,4,8,-1,1,GA,82.98041904829789,23226.419337989013,0.0019716148720093562,0.9996451722892855,9.334782574370188
70,2,4,8,-1,2,HEFT,46.39210157561427,18532.672169918995,0.0018189961781214503,0.9996726342837916,3.1669681394473432
70,2,4,8,-1,2,GA,79.86463005305518,22916.404886065247,0.0019702067701514153,0.9996454256577186,13.99394168492116
70,2,4,16,-1,0,HEFT,37.63106740702769,22452.51500661359,0.001967357889465668,0.9996459382745481,4.326300540348266
70,2,4,16,-1,0,GA,58.532669890611345,27175.807022501656,0.0020591129720289765,0.9996294283436779,7.997591771086978
70,2,4,16,-1,1,HEFT,36.54870661631357,20738.06382545515,0.0017727018288272536,0.9996809645734396,2.9133035494905184
70,2,4,16,-1,1,GA,51.84894414649803,24311.107741444303,0.0018547946337618454,0.9996661926919839,5.086458577299364
70,2,4,16,-1,2,HEFT,36.53018559514715,19961.96821481135,0.0016728905142820538,0.9996989250395937,3.745507966051994
70,2,4,16,-1,2,GA,54.55326572378237,24444.911068845006,0.0018049979392608256,0.9996751531451027,7.61070037222154
70,2,4,32,-1,0,HEFT,35.79502743758885,25716.51934926286,0.001546670389306039,0.9997216380797945,7.285385613637874
70,2,4,32,-1,0,GA,45.006322365519885,31193.48050022979,0.0017972936320245678,0.9996765394708762,6.490529767350053
70,2,4,32,-1,1,HEFT,38.32434826453489,26985.04492762662,0.0015850768984554554,0.9997147268564017,8.54378837126012
70,2,4,32,-1,1,GA,48.11774817417656,33834.98736394294,0.0019842082771394233,0.999642906283259,5.395380402333222
70,2,4,32,-1,2,HEFT,35.32119369395151,25076.069790944028,0.0014874329990266992,0.9997322978987788,7.741479798636056
70,2,4,32,-1,2,GA,45.488713041709346,31076.386158363064,0.0017582326034039633,0.9996835682064911,6.241791702278872
70,5,0.8,4,-1,1,HEFT,149.22589875859032,21229.227831801036,0.0018173623632285144,0.9996729282742421,14.75118676216686
70,5,0.8,4,-1,1,GA,199.555197350911,23102.164419298642,0.0017472241532887486,0.9996855491024584,6.10021551666392
70,5,0.8,4,-1,2,HEFT,154.95108188183795,21416.387066187774,0.001806038131248004,0.9996749659713844,21.469279697907986
70,5,0.8,4,-1,2,GA,216.3359949374903,24205.752656225322,0.0017857396510627635,0.9996786185169048,13.117519026413458
70,5,0.8,8,-1,1,HEFT,144.61658440915403,28750.476261648437,0.0019208377465593865,0.9996543089705376,24.02663413485538
70,5,0.8,8,-1,1,GA,179.81614732907937,33029.883234084366,0.002037148978099838,0.9996333804053362,15.402347549129505
70,5,0.8,8,-1,2,HEFT,156.48976943166235,29039.942184038635,0.0018109721341859233,0.9996740781399192,29.666797433575134
70,5,0.8,8,-1,2,GA,204.40193867018792,34793.17881888233,0.001960024897486342,0.999647257746635,7.656727021595147
70,5,0.8,16,-1,0,HEFT,117.68481516406936,36215.743756413285,0.0017597234166552924,0.9996832999450553,17.531922400894445
70,5,0.8,16,-1,0,GA,166.09570236201264,46951.13248191321,0.0019458343189156053,0.9996498111530284,8.922913195708494
70,5,0.8,16,-1,1,HEFT,150.6544106644691,41750.72779873425,0.001656987202991755,0.9997017867778667,24.75991502619383
70,5,0.8,16,-1,1,GA,236.66111165893915,60310.134312540365,0.0019213437821736497,0.9996542179156181,8.122990243904175
70,5,0.8,16,-1,2,HEFT,152.2927648732164,43646.18642286144,0.0018612371533855165,0.9996650334262246,19.045384966791918
70,5,0.8,16,-1,2,GA,200.13197517892743,54558.4813248062,0.002084385283004151,0.9996248810237819,11.133431915745609
70,5,0.8,32,-1,0,HEFT,139.11572766414605,63335.26422511872,0.0012809851165486625,0.9997694492599287,12.311957517514994
70,5,0.8,32,-1,0,GA,177.62519712143137,80115.79914894697,0.0015384655625732971,0.9997231145385937,5.42288076802356
70,5,0.8,32,-1,1,HEFT,144.99843374024854,67033.71968196121,0.0014669665537087562,0.9997359808795168,11.443884254723189
70,5,0.8,32,-1,1,GA,187.02820612385162,86088.94517356211,0.001843683982170942,0.999668191943682,5.355654578871113
70,5,1,4,-1,0,HEFT,168.7788364263588,25234.267208586592,0.002213550782961418,0.9996016402254001,24.447382132859435
70,5,1,4,-1,0,GA,241.62542342821467,28018.568022709085,0.002121517790459274,0.9996181997020087,11.084584968464421
70,5,1,4,-1,1,HEFT,194.91664149018305,27335.039604062193,0.0023228734899913965,0.9995819701706289,21.965232058997078
70,5,1,4,-1,1,GA,237.3050418268292,29748.862139392673,0.0023718630661117403,0.9995731557720289,24.3887047311711
70,5,1,4,-1,2,HEFT,142.31239198703452,21419.03453990951,0.0018847596543322804,0.9996608008032799,12.794017573311924
70,5,1,4,-1,2,GA,174.98349752673425,22864.182595415507,0.0018688597821876307,0.9996636618135795,14.913767771128057
70,5,1,8,-1,0,HEFT,165.3394799760651,32170.811065153546,0.0021057133058722606,0.99962104342713,21.327114407846242
70,5,1,8,-1,0,GA,202.90289969706907,35783.31830850427,0.0021065426275950444,0.9996208942058015,14.566100687010998
70,5,1,8,-1,1,HEFT,142.97969596222464,27654.50404045212,0.0017995417607336636,0.9996761349386821,20.057404331874505
70,5,1,8,-1,1,GA,218.3005337699487,36220.35234226059,0.001972028565936113,0.9996450978508037,11.477781139661838
70,5,1,8,-1,2,HEFT,131.1914530844016,27071.08629448594,0.001870375555346691,0.9996633890662139,13.62457028437808
70,5,1,8,-1,2,GA,175.5835366528524,31804.9873678435,0.001931391194983162,0.9996524100083055,15.92673178643341
70,5,1,16,-1,0,HEFT,147.38017631753434,40466.953357965234,0.0015723461892763108,0.9997170177329678,26.313514487056914
70,5,1,16,-1,0,GA,200.00216819687878,53362.10707751463,0.0019330349849759568,0.9996521142289968,8.902225622585357
70,5,1,16,-1,1,HEFT,140.95776437667735,42274.18411107354,0.001965154179683655,0.9996463348019426,22.968572507097704
70,5,1,16,-1,1,GA,187.60080080105962,53258.32888907411,0.0022272577694148147,0.9995991739537369,8.69665217181134
70,5,1,16,-1,2,HEFT,156.5252818952277,43360.78156777452,0.001719370470786925,0.9996905612013222,23.859128551425023
70,5,1,16,-1,2,GA,199.60270414569527,54013.84867760561,0.002027148511838775,0.9996351798309356,12.263216016647931
70,5,1,32,-1,0,HEFT,137.05194661592205,62831.47678949952,0.0013182854378534178,0.9997627367725591,12.577769231519556
70,5,1,32,-1,0,GA,207.2344032929641,93244.8725319651,0.00176574440148151,0.9996822165116056,5.496431254962337
70,5,1,32,-1,1,HEFT,115.32461079794992,55762.94943226026,0.0014829843521766786,0.9997330984411686,14.57293712787235
70,5,1,32,-1,1,GA,177.54260154638695,83246.38276298254,0.0019470314947248003,0.9996495957368684,6.243167931841085
70,5,1,32,-1,2,HEFT,130.37371231970198,62939.27714097864,0.0016635363837484596,0.999700608277574,15.26030243583137
70,5,1,32,-1,2,GA,189.45346257983203,87168.48262336483,0.0018628363039676125,0.9996647456755803,6.472907616259777
70,5,2,4,-1,0,HEFT,133.45905122496322,24035.907806360974,0.0022777614144137903,0.9995900869827126,4.502190002932792
70,5,2,4,-1,0,GA,165.07170301099586,25193.22968588236,0.0022312387521129916,0.9995984576643313,13.085302120270148
70,5,2,4,-1,1,HEFT,113.52565313126368,21190.47121899492,0.0020337519210199308,0.9996339916516195,4.6716161529777995
70,5,2,4,-1,1,GA,177.5168510498247,24575.84477132231,0.0020742940466318767,0.9996266967666028,7.2309468721454895
70,5,2,4,-1,2,HEFT,122.0933995963537,20653.496801057332,0.0019112420698233022,0.9996560355967554,9.101002493138798
70,5,2,4,-1,2,GA,158.0697355049284,21349.443499968605,0.0017780486040997476,0.9996800024613994,21.89385593301328
70,5,2,8,-1,0,HEFT,92.47767463732988,23508.50102350267,0.0018902641160618867,0.9996598103367396,11.123413971059028
70,5,2,8,-1,0,GA,128.88578220555013,27102.14803612331,0.0019029861685259046,0.9996575211489407,13.747427543606893
70,5,2,8,-1,1,HEFT,97.13312568560777,24367.29335017378,0.0019434771685213734,0.9996502352916081,11.222547808665048
70,5,2,8,-1,1,GA,139.52825053164113,29214.24130405148,0.0020438668285547713,0.9996321716363065,11.863122936672982
70,5,2,8,-1,2,HEFT,100.03696695648581,25363.08291447755,0.0020361155150716943,0.9996335663604978,12.163005680004233
70,5,2,8,-1,2,GA,138.16625587419392,29339.122718853607,0.0020768943352624017,0.9996262288894847,14.776798224260814
70,5,2,16,-1,0,HEFT,89.92512366009211,30070.920191231875,0.0016544310656969236,0.9997022467454766,14.207063728925931
70,5,2,16,-1,0,GA,111.36651609377458,36203.063153106195,0.0019148180960079425,0.9996553921336544,8.763139510923931
70,5,2,16,-1,1,HEFT,92.11184108838552,30146.10336023475,0.0016099005001634018,0.9997102598927448,17.578318273693775
70,5,2,16,-1,1,GA,125.76663682226604,38776.17727084972,0.0018900494833300578,0.9996598489574884,8.319265437431355
70,5,2,16,-1,2,HEFT,83.38008333997816,27161.039234065,0.0014408350429960194,0.9997406833206447,14.798893394181803
70,5,2,16,-1,2,GA,112.43652730645746,35006.967801602805,0.0017337408990649832,0.9996879753279949,7.796434841592872
70,5,2,32,-1,0,HEFT,76.27913477337006,39796.93860186808,0.0013573321510198936,0.9997557100564647,10.469582945760552
70,5,2,32,-1,0,GA,98.66265885677691,50980.45164860667,0.001691730057830018,0.9996955349484845,6.350406576689301
70,5,2,32,-1,1,HEFT,96.34508266482464,48266.8802816605,0.001456119966197395,0.9997379327517066,11.15879229364364
70,5,2,32,-1,1,GA,124.32929404379551,61632.64854297564,0.001794599435420952,0.9996770242695178,6.470981223406813
70,5,2,32,-1,2,HEFT,84.74809535803888,43598.42074720772,0.0014283142286460966,0.999742936485332,9.987762325611142
70,5,2,32,-1,2,GA,117.91794882279275,58442.535323277596,0.001700522348233227,0.999693952819314,6.522154031315221
70,5,4,4,-1,0,HEFT,106.6598714549932,21038.58129964955,0.002056706391448305,0.999629861367751,2.323750529028327
70,5,4,4,-1,0,GA,130.4734682767058,22078.424523495694,0.0020433718405961005,0.9996322607013705,9.97742504080069
70,5,4,4,-1,1,HEFT,81.24371456439773,16557.28707366103,0.0016353473868953412,0.9997056807907571,2.371599583359498
70,5,4,4,-1,1,GA,128.4826351936528,19628.78480149857,0.0017392271721192807,0.9996869881074655,14.440663084829723
70,5,4,4,-1,2,HEFT,85.30552391555125,16774.043288610817,0.0016381625504734312,0.9997051742105827,5.653477263253309
70,5,4,4,-1,2,GA,108.95711224087357,17306.267475823217,0.0015602488486125693,0.9997191946404576,14.597179508380263
70,5,4,8,-1,0,HEFT,61.76796249211376,19552.696264533828,0.00176007388440451,0.9996832368808417,5.026407788872382
70,5,4,8,-1,0,GA,95.02240163228167,22529.481919322134,0.0017322133543440689,0.999688250200288,12.037420395273681
70,5,4,8,-1,1,HEFT,71.59739755993778,21660.622433346347,0.0019105002929705839,0.9996561690706719,5.197771521801097
70,5,4,8,-1,1,GA,106.4454883586181,25629.562762477584,0.001991058899231298,0.9996416736123782,11.693184986639118
70,5,4,8,-1,2,HEFT,70.31014553953747,21919.881270349117,0.0019599621832756486,0.9996472690312111,5.048106300918865
70,5,4,8,-1,2,GA,98.34709314632275,23891.55158941612,0.0018669548640011802,0.9996640045835868,11.936028907067895
70,5,4,16,-1,0,HEFT,64.86171661929805,26078.259729715544,0.001760311387443194,0.9996831941438371,7.016253345518344
70,5,4,16,-1,0,GA,84.86439762239388,31261.718364472224,0.0019338183489628683,0.9996519732725431,7.6302653309175
70,5,4,16,-1,1,HEFT,59.44227487627817,25192.808630042764,0.0017803477847283403,0.9996795887414038,5.410949456746709
70,5,4,16,-1,1,GA,79.0874161520961,30090.641731277676,0.0019258214250743187,0.9996534122189121,6.872436555366108
70,5,4,16,-1,2,HEFT,50.891232832585885,22469.132366025035,0.001640570498988184,0.9997047409077296,5.605753162997153
70,5,4,16,-1,2,GA,71.77231184208388,27117.810224218425,0.0017231946189325996,0.9996898730678937,8.128676631515765
70,5,4,32,-1,0,HEFT,57.304871843459516,34302.94613820974,0.0015888727842792367,0.999714043792102,9.702362631398834
70,5,4,32,-1,0,GA,75.69748801195098,43737.73337561991,0.0018953356562055202,0.9996588977704813,7.589326334503913
70,5,4,32,-1,1,HEFT,58.200107523049525,34458.78098291946,0.001564591691740109,0.9997184131485084,8.650940894000659
70,5,4,32,-1,1,GA,70.07098479073981,41707.44011377444,0.001912168211127952,0.9996558689486749,6.536488092607211
70,5,4,32,-1,2,HEFT,65.22410381699554,36190.98914881877,0.0014399138608646612,0.9997408490904439,10.577116612151768
70,5,4,32,-1,2,GA,71.03083247644396,40602.549621041384,0.0017217971511740188,0.9996901245341119,6.1755053102411175
70,8,0.5,32,-1,2,HEFT,188.14233345007452,84343.8501711639,0.001562944977562697,0.9997187094736391,22.431234539877632
70,8,0.5,32,-1,2,GA,340.04944585249103,144969.01214831605,0.0018591763489611746,0.9996654042468358,7.1272234404289625
70,8,0.8,4,-1,0,HEFT,231.22082495638898,26190.120144019875,0.0019498088560869775,0.9996490959871238,39.17853616953473
70,8,0.8,4,-1,0,GA,341.88387265382295,32697.172286614456,0.002104230800934232,0.9996213101769298,8.652839667411003
70,8,0.8,4,-1,1,HEFT,200.9075832728565,23321.373050261253,0.0017671587923984678,0.9996819620021783,24.638402083312148
70,8,0.8,4,-1,1,GA,248.542951423106,25105.251364788608,0.0017022208910180262,0.9996936471752296,17.374067496376956
70,8,0.8,8,-1,0,HEFT,196.68189320051064,31283.107804388517,0.0016022798523436038,0.9997116312128519,26.128903210375853
70,8,0.8,8,-1,0,GA,273.8151395707077,39023.33265556939,0.001645617475036364,0.9997038327206833,12.788023311981988
70,8,0.8,8,-1,1,HEFT,209.0859540865434,32810.62418570468,0.0016457845727902466,0.9997038026519967,37.130898246203266
70,8,0.8,8,-1,1,GA,272.63569116358934,40010.82791537193,0.001787829659388546,0.9996782424363813,11.748290793333767
70,8,0.8,8,-1,2,HEFT,183.43033929532214,31425.858734200745,0.0017850834834431284,0.9996787365891244,20.262968894053586
70,8,0.8,8,-1,2,GA,244.11274778096728,37129.49776433182,0.0017693377231729926,0.9996815699194516,11.644680542560875
70,8,0.8,16,-1,0,HEFT,193.27444289813715,50253.56382293973,0.0016983037191857094,0.9996943520504008,23.03704058730684
70,8,0.8,16,-1,0,GA,237.8485153196657,60652.92321696818,0.0019361767797922956,0.9996515489028278,8.52412452615958
70,8,0.8,16,-1,1,HEFT,211.93803817209752,53249.25911226406,0.0016223715482198099,0.9997080157570188,32.57069973146531
70,8,0.8,16,-1,1,GA,304.3280000848631,73757.94645784554,0.001980228739218582,0.9996436223445488,12.688366598696442
70,8,0.8,16,-1,2,HEFT,212.08435868844373,53362.808966717654,0.0016334124158315843,0.9997060289831001,28.845119768509612
70,8,0.8,16,-1,2,GA,306.1837185109185,73238.91223691133,0.0018671367290458648,0.9996639718588782,11.735682895891651
70,8,0.8,32,-1,0,HEFT,184.0660582749451,82166.27680609413,0.0014838385566557115,0.9997329447254119,23.74292027288189
70,8,0.8,32,-1,0,GA,269.2351404135319,117299.73076191216,0.0017976016593172998,0.9996764840438993,6.0477075399024836
70,8,0.8,32,-1,2,HEFT,200.0501631069411,88061.30708834312,0.0014524605239376904,0.9997385912789061,18.44413505812317
70,8,0.8,32,-1,2,GA,271.94074335475153,118142.69421066676,0.0017722802018659137,0.9996810404420836,7.527329604153619
70,8,1,4,-1,0,HEFT,180.197422511858,23400.263527936062,0.0019057864660680715,0.9996570172681377,11.89443947550821
70,8,1,4,-1,0,GA,246.79108871363954,26643.858246263568,0.0019118715746781494,0.9996559223248636,19.422500373786047
70,8,1,4,-1,1,HEFT,207.6279718466116,25979.760888297737,0.0020689429250207213,0.9996276596093912,29.80663070195694
70,8,1,4,-1,1,GA,274.78128047742337,29212.671895226762,0.0020701770584380416,0.9996274375481139,12.847094319958439
70,8,1,4,-1,2,HEFT,163.36654113720746,20689.911740146934,0.0016599893753954744,0.9997012465481319,5.923983385658673
70,8,1,4,-1,2,GA,200.59031609076294,22094.414027858606,0.0016106045032948297,0.9997101332089052,12.955626865307677
70,8,1,8,-1,0,HEFT,163.3709731531423,29337.04087649974,0.0017640087149609926,0.999682528835946,20.874547920281525
70,8,1,8,-1,0,GA,218.57336670356284,35524.573749463976,0.0018787507165273832,0.9996618820457892,12.276783110728948
70,8,1,8,-1,1,HEFT,169.251044354486,28584.941985230475,0.0015939071998966174,0.9997131378568332,26.26261375156889
70,8,1,8,-1,1,GA,221.9023076192359,34030.75953563483,0.0016444622744429182,0.9997040405952281,10.374599349158343
70,8,1,8,-1,2,HEFT,177.55630383205772,31713.9978672727,0.0018951670154257313,0.9996589281154672,28.695948059494864
70,8,1,8,-1,2,GA,232.9368819217007,37587.86121123538,0.001967173197254795,0.9996459715073752,10.618487082953443
70,8,1,16,-1,0,HEFT,177.43662245970356,47054.72862669738,0.0016778936840354383,0.9996980247405834,26.83298504057805
70,8,1,16,-1,0,GA,253.46822321508577,63794.06450964002,0.0019545433659358593,0.9996482440747582,8.297192472216906
70,8,1,16,-1,1,HEFT,179.38344472683215,46798.34074914429,0.001596475369714796,0.9997126757189808,27.583087113592992
70,8,1,16,-1,1,GA,268.5184911408017,66621.6938895141,0.001946530179648601,0.9996496859419666,11.147642636632959
70,8,1,16,-1,2,HEFT,182.40618183122575,48232.275374720455,0.0017067556153908406,0.999692831175236,26.43286089532276
70,8,1,16,-1,2,GA,268.412045221104,66586.5061451354,0.001944624478382873,0.9996500288480867,9.920157199971086
70,8,1,32,-1,0,HEFT,170.9928064042838,77353.32902242058,0.0015106061192733339,0.99972812786246,17.601441516742625
70,8,1,32,-1,0,GA,237.3352605557316,105011.43189552557,0.001792595845235743,0.9996773847993372,7.22215732766604
70,8,1,32,-1,1,HEFT,172.74748075798573,77016.30516649634,0.0013800093740865393,0.9997516291618082,16.640781922299023
70,8,1,32,-1,1,GA,242.27890737803213,106424.08212259407,0.0017298425955335592,0.9996886768039305,5.588953053885188
70,8,1,32,-1,2,HEFT,159.21384704653457,70482.1454865369,0.0012072387881999513,0.9997827206267067,14.915534524436813
70,8,1,32,-1,2,GA,198.5000169555582,87810.80523473355,0.0014970024190955028,0.9997305758657649,5.406544791937796
70,8,2,4,-1,0,HEFT,153.1102091763962,24396.594300043416,0.0022024940903845477,0.9996036296392261,5.089580590578824
70,8,2,4,-1,0,GA,186.72807856511247,25913.07990000715,0.0021899395515351102,0.9996058885630468,10.126957597468824
70,8,2,4,-1,1,HEFT,153.13418455299694,24097.88604208208,0.002163752607692277,0.9996106003663406,4.846172190349456
70,8,2,4,-1,1,GA,211.20867904968148,25718.635670318487,0.0020129998806115985,0.9996377256586924,26.08666456341039
70,8,2,4,-1,2,HEFT,164.50412185845178,24405.968727287556,0.002133045333085513,0.9996161255387072,5.849598639394811
70,8,2,4,-1,2,GA,232.77210505513415,26906.41868823563,0.002032733545941756,0.9996341748920589,7.909302880566029
70,8,2,8,-1,0,HEFT,120.74540224356029,25956.366150096736,0.0018559182861388821,0.999665990502091,17.863508131385743
70,8,2,8,-1,0,GA,180.08625792134052,33165.95889481252,0.0020513796039229753,0.999630819835068,14.352705866567817
70,8,2,8,-1,1,HEFT,124.46593734207698,25136.332720066548,0.0017038246427942064,0.999693358588388,17.132025532878362
70,8,2,8,-1,1,GA,160.101363276341,28332.374478974998,0.0016747601556132117,0.999698588605534,10.579314514224263
70,8,2,8,-1,2,HEFT,108.44487685354714,25608.53702098357,0.0019635437781709364,0.9996466245717391,8.480875553085154
70,8,2,8,-1,2,GA,145.2919215872782,28517.147552308823,0.0018823156434018239,0.999661240576123,9.77124050622845
70,8,2,16,-1,0,HEFT,122.95102632591572,37246.99313305406,0.0017623250747387912,0.9996828317950199,17.256125467863647
70,8,2,16,-1,0,GA,174.48282154241693,49416.33488856189,0.0020562833530255614,0.9996299374864844,11.948877869733602
70,8,2,16,-1,1,HEFT,135.7743900326938,39380.39960219097,0.0017198600408157316,0.9996904731059891,14.650278343348122
70,8,2,16,-1,1,GA,165.4530177809279,46501.651220777625,0.001903704367808718,0.9996573919173521,7.483152085227984
70,8,2,16,-1,2,HEFT,110.32510485535222,33435.629180655946,0.0015831019442413856,0.9997150822468113,16.412264313083366
70,8,2,16,-1,2,GA,140.99141955985414,40353.43593493082,0.0017161606433383503,0.9996911387916454,7.492897803074648
70,8,2,32,-1,0,HEFT,108.28508254649745,53099.395123919516,0.0014881038018171183,0.9997321771866082,14.085958191538255
70,8,2,32,-1,0,GA,152.67184371494673,73362.08687801177,0.0019038887456682477,0.9996573587407072,6.995640892639379
70,8,2,32,-1,1,HEFT,128.26649853800643,60874.18945731183,0.001501273129033251,0.9997298073453852,16.639326951643575
70,8,2,32,-1,1,GA,150.53587931076243,71392.56993953082,0.0017553995199222287,0.9996840780002817,5.490339125799026
70,8,2,32,-1,2,HEFT,114.21662612962493,55375.05966662054,0.0014878391773700994,0.9997322248062518,13.656416340177994
70,8,2,32,-1,2,GA,140.56875783005722,67823.52422849671,0.0017887753516478994,0.9996780722665595,7.222083587728219
70,8,4,4,-1,0,HEFT,92.3826536384942,17132.348791394004,0.0016405660745150233,0.9997047417038997,4.465691842165637
70,8,4,4,-1,0,GA,116.55862677867071,17997.560644258992,0.0016024220360313696,0.9997116056271687,13.901478793695642
70,8,4,4,-1,1,HEFT,138.50050107862887,26804.25846729049,0.002604164653167481,0.9995313602083771,5.481380290123709
70,8,4,4,-1,1,GA,177.3590113329514,27294.7246447555,0.0024265493670250432,0.9995633164879469,12.420049693018065
70,8,4,4,-1,2,HEFT,107.66990904848466,20711.841542867423,0.0020082281535581605,0.999638584258769,3.7431622628031307
70,8,4,4,-1,2,GA,135.77373490943128,21755.88221243525,0.001968829836793611,0.9996456734178731,13.307844917955816
70,8,4,8,-1,0,HEFT,93.84808910644531,24443.035260486693,0.00199400758478914,0.9996411430393055,9.037792695667546
70,8,4,8,-1,0,GA,132.24841694840427,27628.574633613352,0.0019292928432256516,0.9996527875804081,11.331048074275047
70,8,4,8,-1,1,HEFT,83.3370684536769,22087.28573840355,0.0018200164298256545,0.9996724506986212,5.220844302896154
70,8,4,8,-1,1,GA,117.09948418609343,25901.898760892793,0.001894101844835636,0.9996591197807982,6.635093080092128
70,8,4,8,-1,2,HEFT,76.6560576265404,20506.68441467565,0.001698669623065603,0.999694286207836,5.6752585090416465
70,8,4,8,-1,2,GA,99.40355876639777,22505.21492286433,0.0016747381500374862,0.9996985925653435,9.228447875999233
70,8,4,16,-1,0,HEFT,82.6989814525981,28391.87716888906,0.0016167535826860755,0.9997090266960621,10.543255574150383
70,8,4,16,-1,0,GA,102.73433592360769,33541.91010497912,0.0017851314738561294,0.9996787279536257,6.92355411741046
70,8,4,16,-1,1,HEFT,77.67951143423345,29290.549114286776,0.00185737505412325,0.9996657283714722,11.087510119525934
70,8,4,16,-1,1,GA,110.44776135364752,36671.65412697432,0.0019981503807589137,0.9996403976039094,11.101691031723478
70,8,4,16,-1,2,HEFT,94.07591261652145,31971.3296338196,0.001796996693985463,0.9996765929024359,9.597291786979797
70,8,4,16,-1,2,GA,107.51364676430066,35422.82422044876,0.0019095870854913483,0.9996563333915138,7.647921248515834
70,8,4,32,-1,0,HEFT,83.03601963072248,43666.47217940022,0.0015220465944706435,0.9997260691389076,8.997105598073714
70,8,4,32,-1,0,GA,104.86024521699115,54005.46166282051,0.0017750810722862935,0.9996805364463399,5.981021843606013
70,8,4,32,-1,1,HEFT,80.70962978009393,42649.66697112536,0.0015060942035619244,0.9997289397868188,11.365964999600681
70,8,4,32,-1,1,GA,100.21956598230861,52225.57848673893,0.0017753572544615532,0.9996804867494308,5.990506290414439
70,8,4,32,-1,2,HEFT,76.96135856463654,41200.57926014479,0.0015048343115406154,0.9997291665059366,10.147664700986756
70,8,4,32,-1,2,GA,90.65092491309375,48798.119404591926,0.0018072563614940477,0.9996747467612381,6.907550247021992
70,10,0.8,4,-1,0,HEFT,224.01450503710785,25473.98018684484,0.0019019746699048665,0.9996577031563545,38.68478862384473
70,10,0.8,4,-1,0,GA,322.0808493948542,30349.47442672949,0.001923720110565437,0.9996537903245044,7.126476610708195
70,10,0.8,4,-1,1,HEFT,265.90285817665887,29810.61340570731,0.002202490466825283,0.9996036302912082,28.6874801052345
70,10,0.8,4,-1,1,GA,359.1538562265446,33146.00678769336,0.002055119081242794,0.9996301469778737,16.575208727145835
70,10,0.8,4,-1,2,HEFT,268.99067859614513,29137.817025244603,0.0020964165959469813,0.9996227162021679,35.782269074039256
70,10,0.8,4,-1,2,GA,368.25022474202314,33244.22576161332,0.0020113972834620427,0.9996380140217161,27.68850497993513
70,10,0.8,8,-1,0,HEFT,228.3302648447007,33484.675575027424,0.0014941821899142318,0.9997310833703761,33.64196217672096
70,10,0.8,8,-1,0,GA,275.503260010349,39398.604902950276,0.0016731643335861457,0.99969887576696,10.655991103086007
70,10,0.8,8,-1,1,HEFT,197.21262413042288,31964.88638767623,0.0016837822314154562,0.9996969651226916,23.3398563613224
70,10,0.8,8,-1,1,GA,252.89712023093693,37540.88914348361,0.0017135356074048662,0.9996916111522868,15.551827217558168
70,10,0.8,8,-1,2,HEFT,230.49519049100704,35705.43430868423,0.001754250131982888,0.9996842848247711,33.270904621777255
70,10,0.8,8,-1,2,GA,326.76843103075566,45765.04791558378,0.0018598551080918904,0.999665282111079,13.553179798702788
70,10,0.8,16,-1,0,HEFT,233.4235564553244,57699.12753818439,0.0016643158525532428,0.9997004680152053,23.377340977255365
70,10,0.8,16,-1,0,GA,299.8337895229331,72499.20834208986,0.0019290853686933726,0.9996528249128578,9.888545625548412
70,10,0.8,16,-1,1,HEFT,245.7788317317396,60680.11800993255,0.001742969291658727,0.9996863147370143,31.346993659958752
70,10,0.8,16,-1,1,GA,347.22683186631883,81395.44882097135,0.0019028290830281833,0.9996575494146471,8.172731149433702
70,10,0.8,16,-1,2,HEFT,237.81417596964593,58394.33782224449,0.0016452217100868824,0.9997039039372788,25.70820828088011
70,10,0.8,16,-1,2,GA,303.9924978195492,73535.09875912426,0.0019597595836913203,0.9996473054862743,8.731948868796879
70,10,0.8,32,-1,0,HEFT,240.3312145682177,104475.19407372162,0.001574677994770806,0.9997165981268408,17.324012775488036
70,10,0.8,32,-1,0,GA,308.45013082300767,133430.903034627,0.001936182532117837,0.9996515478677704,7.191716995218917
70,10,0.8,32,-1,1,HEFT,226.5100521821522,98437.98646492595,0.001480378091341022,0.9997335674430182,17.95418844578619
70,10,0.8,32,-1,1,GA,337.38267399309643,144094.90627926975,0.0018785477346150812,0.9996619185701802,6.494477385001851
70,10,0.8,32,-1,2,HEFT,221.75273199874408,96873.31931047438,0.0015142467988316104,0.9997274727185178,24.797488839204853
70,10,0.8,32,-1,2,GA,352.5813280853407,149362.9464808005,0.0018051313302363929,0.9996751291425259,7.130833059829003
70,10,1,4,-1,0,HEFT,209.3427899279004,24025.841693768016,0.0018058640539055293,0.9996749972951222,16.549191267138653
70,10,1,4,-1,0,GA,288.6976444020691,28071.05445315642,0.0018363782327980758,0.999669506543095,10.893987035841167
70,10,1,4,-1,1,HEFT,191.82623029846653,22142.012291824736,0.001671105069444231,0.9996992463229578,28.352891299452626
70,10,1,4,-1,1,GA,308.92550142960397,27930.319208322828,0.0016927513100389972,0.9996953511790722,19.34267926640874
70,10,1,4,-1,2,HEFT,238.68669412881187,27356.60389379244,0.0020542173870296467,0.9996303092228167,38.77944206593797
70,10,1,4,-1,2,GA,384.6729031256311,34139.955637994724,0.0020252785901762834,0.9996355162940991,18.617273568405476
70,10,1,8,-1,0,HEFT,236.13357464628132,36297.688542441465,0.0017608353199481217,0.9996830998658676,31.84817916435031
70,10,1,8,-1,0,GA,286.5375374560363,42874.92568032151,0.001985442129785792,0.9996426842691147,14.637919540820638
70,10,1,8,-1,1,HEFT,222.43831197849778,36820.224786891835,0.0019982101856532357,0.9996403868429001,39.59714055636272
70,10,1,8,-1,1,GA,355.96038528205503,50891.63911033155,0.002160134641247321,0.9996112513469222,11.311974113585778
70,10,1,8,-1,2,HEFT,202.95388331533195,32146.34824824603,0.0016360174999966624,0.999705560205908,25.563114801886062
70,10,1,8,-1,2,GA,246.3589634186034,36758.41366532795,0.0016935340022147317,0.9996952103374105,10.604780111491435
70,10,1,16,-1,0,HEFT,209.16828760436692,52907.94050143524,0.0016469805273122476,0.9997035874439688,23.709543440671997
70,10,1,16,-1,0,GA,343.18169057571504,80915.00354463112,0.0019411006400638037,0.9996506629172012,8.38743319531866
70,10,1,16,-1,1,HEFT,240.7120189068766,60956.15178581408,0.001904320950348033,0.9996572809705261,25.906350203431323
70,10,1,16,-1,1,GA,334.2293168294982,81216.64908264193,0.00220214731929952,0.9996036920332825,9.18570775765794
70,10,1,16,-1,2,HEFT,197.83002714545137,51240.13004546097,0.0017127603144101178,0.9996917506619987,29.76111373681647
70,10,1,16,-1,2,GA,308.64323733523344,73733.2854285183,0.0018699979147485113,0.9996634570186433,8.685636186962396
70,10,1,32,-1,0,HEFT,234.6354196844039,102242.51380846034,0.0015688000839340105,0.9997176558515046,16.92023761803814
70,10,1,32,-1,0,GA,300.378994297768,130038.52391318159,0.0018983191347336807,0.9996583609276708,6.732468983366739
70,10,1,32,-1,1,HEFT,178.56280179988394,79648.77819157859,0.001431610116333742,0.9997423433782302,14.213800954940545
70,10,1,32,-1,1,GA,233.0950237372169,103090.62728273513,0.001754798212873882,0.9996841862013629,7.777347278829736
70,10,1,32,-1,2,HEFT,237.5268329219714,102674.92713834273,0.001481217480142857,0.9997334163932998,20.755067825157994
70,10,1,32,-1,2,GA,297.21735866712737,128021.11882652566,0.0017945288240760666,0.999677036975456,6.5334411782721125
70,10,2,4,-1,0,HEFT,135.76893905596805,19895.685508264305,0.0017285240870255607,0.9996889140616033,8.977606683297008
70,10,2,4,-1,0,GA,193.52742124311146,22298.508212419118,0.0016807741592699957,0.9996975064117452,16.09887282758982
70,10,2,4,-1,1,HEFT,132.76638889783644,20124.804147142917,0.0017767464444504862,0.99968023677516,11.58583340067767
70,10,2,4,-1,1,GA,183.76830463093995,23050.198862643527,0.0018384134677465647,0.9996691403219443,11.600874739334385
70,10,2,4,-1,2,HEFT,157.48411033575476,22784.35022597701,0.0019670688539871815,0.9996459902825151,21.950912718148803
70,10,2,4,-1,2,GA,230.85491320103404,26693.5303330679,0.002017118152379621,0.9996369846385977,8.317786855556417
70,10,2,8,-1,0,HEFT,138.65695710286406,27739.130956342513,0.001864090836494517,0.9996645199354569,21.81735131840128
70,10,2,8,-1,0,GA,185.79444925131014,32126.60293151578,0.001846296615425065,0.9996677218258474,11.53363767564804
70,10,2,8,-1,1,HEFT,104.03828625497562,21109.962361397484,0.001436987969111089,0.9997413756146134,12.487284095815271
70,10,2,8,-1,1,GA,137.27658306525217,24778.332230152835,0.0014986796196238537,0.9997302740510537,7.922199167935615
70,10,2,8,-1,2,HEFT,165.512662740316,35001.78864461875,0.002469324679786617,0.9995556203235479,9.777704826193697
70,10,2,8,-1,2,GA,221.53358320571306,41468.42741668585,0.0026099746032218862,0.9995303149080136,13.798956838760835
70,10,2,16,-1,0,HEFT,151.87844934373248,41368.413305136884,0.001577228815392796,0.9997161391093574,25.919559499256824
70,10,2,16,-1,0,GA,191.6181909055279,51041.291361231466,0.001841162623691228,0.9996686456377221,10.335955908471773
70,10,2,16,-1,1,HEFT,138.123617124108,37738.84714673666,0.0014494977595488272,0.9997391244372297,17.23778748966073
70,10,2,16,-1,1,GA,179.51986291636936,47557.994554704186,0.001691237839116442,0.999695623520882,9.226654017185803
70,10,2,16,-1,2,HEFT,129.4049579613597,36943.81939511999,0.0015630578122143308,0.9997186891691154,10.983277864320208
70,10,2,16,-1,2,GA,156.877700038203,43910.08798492362,0.0017815981366393605,0.9996793637501975,6.934316105909665
70,10,2,32,-1,0,HEFT,154.75399870036418,70097.05799637572,0.0013787496764129036,0.9997518558510994,13.067974298499932
70,10,2,32,-1,0,GA,197.4571829192046,89097.9448504867,0.00171503702965273,0.9996913409796625,6.137349426363182
70,10,2,32,-1,1,HEFT,138.78720027718597,64486.13179643663,0.0014459750503872377,0.9997397583596617,17.80719340650088
70,10,2,32,-1,1,GA,162.07667980090955,76110.20241086255,0.001792345913089572,0.9996774297726102,6.871473433771336
70,10,2,32,-1,2,HEFT,137.80878762094366,65097.55472374197,0.001573511663733799,0.999716808006952,17.28907394006734
70,10,2,32,-1,2,GA,182.66441235416465,84673.88223705208,0.001877357608921558,0.9996621327204028,8.220978815518329
70,10,4,4,-1,0,HEFT,122.16096171215666,21483.30682727529,0.0020180336776604354,0.9996368199038845,6.651787113976073
70,10,4,4,-1,0,GA,151.46794612834194,22558.85573557575,0.001975244744368907,0.9996445191443104,15.834301264652781
70,10,4,4,-1,1,HEFT,121.27425389407425,20957.214193535896,0.0019555620163592157,0.999648060782196,4.122457735666396
70,10,4,4,-1,1,GA,172.35859734768906,24060.5079421353,0.002039702231194602,0.9996329209883777,15.982377671591973
70,10,4,4,-1,2,HEFT,112.73404755338747,19123.089402775844,0.0017715575090714785,0.9996811704853028,7.8806487730980965
70,10,4,4,-1,2,GA,152.83903906292585,20560.182931072395,0.0017085153819188573,0.9996925145146094,17.94156574324725
70,10,4,8,-1,0,HEFT,117.43627871891198,24768.091547260403,0.001743437828197009,0.9996862304268962,11.309163281590768
70,10,4,8,-1,0,GA,141.40118898678958,27122.13598601232,0.001750338739441928,0.9996849886533967,10.511258353845951
70,10,4,8,-1,1,HEFT,96.91910807610084,23477.534913026488,0.0018311757800672879,0.9996704426755362,8.160173520480775
70,10,4,8,-1,1,GA,135.02425725781845,26043.412181228698,0.0016900624656948488,0.9996958350237239,7.129343434082989
70,10,4,8,-1,2,HEFT,112.45408016774581,25540.356341557817,0.0019050083521258677,0.999657157280618,7.499007289879522
70,10,4,8,-1,2,GA,133.8198747291487,27734.407000623705,0.001923475326437394,0.9996538343703936,11.914976380223202
70,10,4,16,-1,0,HEFT,114.74250474186601,36072.72476002354,0.0018142330555019725,0.9996734913655593,10.167365659324798
70,10,4,16,-1,0,GA,138.779545359696,41506.059182049314,0.0019199465727374268,0.9996544693263851,8.865206961485432
70,10,4,16,-1,1,HEFT,95.42533044311872,31259.992498571497,0.001671618740761331,0.9996991538899326,13.518582548884911
70,10,4,16,-1,1,GA,121.54403909115284,38007.65882355738,0.0018955043046584028,0.9996588674241147,6.932084611137558
70,10,4,16,-1,2,HEFT,120.71353704431839,37525.94133875835,0.0018538685046833611,0.9996663593395848,17.621268264944867
70,10,4,16,-1,2,GA,127.7789575706842,39582.211668039294,0.0019442702602671745,0.9996500925850357,7.110582393752242
70,10,4,32,-1,0,HEFT,109.51326774257991,55357.70742719942,0.001718942198197511,0.9996906382665369,12.379650419942509
70,10,4,32,-1,0,GA,128.39088609855972,65463.32550205381,0.002088013596925954,0.9996242281724786,7.3052257500452
70,10,4,32,-1,1,HEFT,100.41218968638508,50622.99096836052,0.0015587480786548656,0.9997194647032295,11.399649212554804
70,10,4,32,-1,1,GA,112.77019838848318,56954.959716105135,0.0017637213869415502,0.999682580538571,6.0397055236878785
70,10,4,32,-1,2,HEFT,93.20428087055215,47619.43007917191,0.001528292793912129,0.9997249451316242,8.731181458672456
70,10,4,32,-1,2,GA,104.04015662447051,53251.08551792239,0.0017183030199128823,0.999690753283042,6.042436456519985
80,0.1,0.8,4,-1,0,HEFT,106.77282907708023,20882.484134299546,0.002035838286640788,0.9996336162433312,7.2652281021533
80,0.1,0.8,4,-1,0,GA,167.1737376725274,24551.103064487656,0.0021352407824556,0.9996157305095977,19.581585118963524
80,0.1,0.8,4,-1,1,HEFT,109.49347372340911,22196.58394265165,0.002188746408776229,0.999606103244125,1.9678320067228765
80,0.1,0.8,4,-1,1,GA,162.74381250188932,25136.12225913487,0.002238297061892013,0.9995971876795353,12.722680132944193
80,0.1,0.8,4,-1,2,HEFT,106.61957906375874,21373.741777641684,0.0021002586540802668,0.9996220248928616,5.249605269912729
80,0.1,0.8,4,-1,2,GA,157.77007908567063,24276.836259036136,0.002158123057225316,0.9996116132913515,13.830859761247712
80,0.1,0.8,8,-1,0,HEFT,84.04478754107896,25149.10668172825,0.0022068226198688205,0.999602850813049,12.867811908931465
80,0.1,0.8,8,-1,0,GA,121.46343571849378,29782.44025985847,0.002341337264971973,0.9995786480859661,5.8115467473748055
80,0.1,0.8,8,-1,1,HEFT,70.02978762886944,21542.796339919973,0.0019147205074352075,0.9996554096935438,15.338163055099717
80,0.1,0.8,8,-1,1,GA,127.61554904583998,29374.405718794707,0.0022123143424281743,0.9996018626960622,9.115767731807777
80,0.1,0.8,8,-1,2,HEFT,76.34217569985744,23075.618187643442,0.002034466320472497,0.9996338631067927,13.519052894580954
80,0.1,0.8,8,-1,2,GA,112.1925665130353,27053.273119632297,0.0021037192163282825,0.9996214022272915,11.111174648849508
80,0.1,0.8,16,-1,0,HEFT,66.95860206961673,26951.742775578095,0.001821148731035101,0.9996722469511828,12.294882748423943
80,0.1,0.8,16,-1,0,GA,96.54518811219917,34545.32545433864,0.0020683009479065114,0.9996277751222528,10.064503529443277
80,0.1,0.8,16,-1,1,HEFT,57.935785614297835,24594.91170040436,0.0017404703956665597,0.9996867643972986,9.439751104074922
80,0.1,0.8,16,-1,1,GA,83.38428975567737,31323.821408119264,0.001978557852070957,0.9996439229970966,8.30427176099611
80,0.1,0.8,32,-1,0,HEFT,60.54704540374928,36333.59138805614,0.0016903780301054806,0.9996957782394078,12.998590739626662
80,0.1,0.8,32,-1,0,GA,86.11632465795938,50000.560563999694,0.0021875829322148955,0.9996063125874358,6.647890577453823
80,0.1,0.8,32,-1,1,HEFT,58.316189641073365,35354.65997400487,0.001674579218583036,0.9996986211643835,11.739822128117726
80,0.1,0.8,32,-1,1,GA,86.03487693234209,49331.71017793007,0.0021052089710478956,0.9996211341730015,7.36586542079406
80,0.1,0.8,32,-1,2,HEFT,55.51788497990934,33534.835868123715,0.001578290443906787,0.9997159480704871,10.650203405501893
80,0.1,0.8,32,-1,2,GA,77.29680869994898,44976.91690938657,0.001976090745297954,0.9996443669182878,8.241986568291058
80,0.1,1,4,-1,0,HEFT,97.28527650962445,20127.833799483564,0.00199717577868496,0.9996405729692139,3.632276705350138
80,0.1,1,4,-1,0,GA,139.19775557466824,21809.96301916721,0.0019545827844422658,0.9996482369819233,15.917551038881737
80,0.1,1,4,-1,1,HEFT,103.20231279892492,21479.09652049467,0.002135062726892283,0.9996157625472846,2.1067476899555606
80,0.1,1,4,-1,1,GA,157.231845583044,25103.855747969166,0.00226831100258179,0.9995917873609962,8.175057152735505
80,0.1,1,4,-1,2,HEFT,113.95427035763214,24410.380561775833,0.0024471027887092364,0.9995596184944455,1.2162732082821517
80,0.1,1,4,-1,2,GA,142.25679034597732,26049.368425483295,0.0024833388228522463,0.9995530989019445,13.06746092575201
80,0.1,1,8,-1,0,HEFT,69.88450987200063,23880.395542313745,0.002218537802920115,0.9996007429198032,8.558651283849873
80,0.1,1,8,-1,0,GA,114.3398667030858,28070.115030572215,0.00220846095957054,0.9996025560290652,14.53033912420505
80,0.1,1,8,-1,1,HEFT,63.47616845712471,23182.205759726832,0.002207815709023626,0.9996026721280097,5.403964966171296
80,0.1,1,8,-1,1,GA,108.36526648796762,28042.61981258224,0.0022790121743846707,0.9995898619382302,16.85387839855895
80,0.1,1,8,-1,2,HEFT,63.277370590944514,22214.16762354533,0.002085211892353315,0.9996247322899244,6.148425994480731
80,0.1,1,8,-1,2,GA,96.82509987751415,25952.04516197418,0.002152045939758762,0.9996127067482445,12.62192348646037
80,0.1,1,16,-1,0,HEFT,52.21559423672305,23540.289641169325,0.001746110535880943,0.9996857494905789,14.519906684157496
80,0.1,1,16,-1,0,GA,94.1835248712987,35683.47100889383,0.002273932071525126,0.9995907759821245,8.775361572246153
80,0.1,1,16,-1,1,HEFT,53.650006620847535,24514.66524627698,0.00183641653424732,0.9996694996511124,13.835481850589439
80,0.1,1,16,-1,1,GA,106.86011136985253,38524.28885685318,0.002326504841581588,0.9995813168007981,8.16327840679229
80,0.1,1,16,-1,2,HEFT,57.44553802780289,25938.678433879264,0.0019262448491655182,0.999653336028995,14.717630950582862
80,0.1,1,16,-1,2,GA,89.95443533801071,34578.281894638305,0.0022360504276150205,0.9995975919108916,10.944691463702807
80,0.1,1,32,-1,0,HEFT,47.86518115837126,30309.56265125957,0.0015412575047086575,0.9997226121282841,10.257166167292516
80,0.1,1,32,-1,0,GA,88.35725147899815,51383.607798191166,0.0022550934406015354,0.999594165553778,6.347661699085532
80,0.1,1,32,-1,1,HEFT,51.72079892380629,33097.746608658075,0.0017102015273793875,0.9996922111017962,12.566964790069184
80,0.1,1,32,-1,1,GA,81.0205204119817,49056.970230738305,0.0023184871308187765,0.9995827593855383,7.432427755443202
80,0.1,1,32,-1,2,HEFT,50.024846883485175,31999.620227953525,0.0016524649902706998,0.9997026005337427,12.379464743023059
80,0.1,1,32,-1,2,GA,81.86228534423414,49022.33073943962,0.002272249763211074,0.9995910786737473,6.819338393689558
80,0.1,2,4,-1,0,HEFT,112.73702867026053,24153.332966486654,0.0024214412907382628,0.9995642355405908,2.7669604220819757
80,0.1,2,4,-1,0,GA,132.7840849283254,24542.180975229927,0.0023473572220504275,0.9995775649508529,10.03830756687317
80,0.1,2,4,-1,1,HEFT,129.8201482331398,27094.255521109015,0.0026954636183356977,0.9995149342311568,5.134053240400604
80,0.1,2,4,-1,1,GA,144.56728397881935,27084.536226090295,0.0026027527900654994,0.9995316142246705,14.931091024608502
80,0.1,2,4,-1,2,HEFT,119.0227538195393,25329.65927603078,0.0025344401928543785,0.9995439048083344,3.368133093922997
80,0.1,2,4,-1,2,GA,147.26295562400276,26812.204439750163,0.002550850461214216,0.9995409523116268,2.0496290042172314
80,0.1,2,8,-1,0,HEFT,52.3874392083018,21397.524154995728,0.002114771316666506,0.9996194136043828,2.1990435187514525
80,0.1,2,8,-1,0,GA,75.06197693835813,24107.440652555222,0.0021836551507070858,0.9996070193100203,9.197755948093514
80,0.1,2,8,-1,1,HEFT,62.661072221078115,24860.943724164263,0.0024348166396564296,0.9995618290298125,5.052329241071322
80,0.1,2,8,-1,1,GA,90.83533577210656,27357.035905653975,0.0024078609394743854,0.9995666789415947,10.602030974161245
80,0.1,2,8,-1,2,HEFT,50.869739060749176,20114.49924189579,0.0019678300118945572,0.999645853322603,3.807103348249677
80,0.1,2,8,-1,2,GA,73.68814058639853,22687.744710791452,0.002017271733139173,0.9996369570040977,10.699327424390072
80,0.1,2,16,-1,0,HEFT,33.563429415823094,20952.1632082161,0.0018744166357077608,0.9996626619168636,5.676630347877776
80,0.1,2,16,-1,0,GA,72.18242063349123,30884.903031058377,0.0021997258746031083,0.9996041277206881,8.787572403050783
80,0.1,2,16,-1,1,HEFT,33.53209959049089,22229.802567860177,0.002040263494378027,0.9996328199980946,4.069800227249318
80,0.1,2,16,-1,1,GA,63.94476986825131,29208.59992988361,0.0021874940717285995,0.9996063285760262,8.283333595304235
80,0.1,2,16,-1,2,HEFT,34.91848522632517,23269.669318383414,0.0021402222422388863,0.9996148341917998,5.167410375870627
80,0.1,2,16,-1,2,GA,62.318081421348,29866.88738080058,0.0023128960914601767,0.9995837653532236,8.391779783504827
80,0.1,2,32,-1,0,HEFT,28.156122674629692,23658.603697792838,0.0016597742365290747,0.9997012852615591,7.533786513135101
80,0.1,2,32,-1,0,GA,45.47330526628076,33339.29755790594,0.002051362834063841,0.9996308228525281,7.134631321215529
80,0.1,2,32,-1,1,HEFT,27.838737958185877,23379.581182886657,0.001639471034488796,0.9997049387529262,5.559599021651319
80,0.1,2,32,-1,1,GA,40.0267045107773,30380.274681777664,0.0019392790891006693,0.999650990681888,5.335207207633488
80,0.1,2,32,-1,2,HEFT,30.57444721392002,25978.201028510448,0.0018394849222694003,0.9996689475239593,8.063299707697263
80,0.1,2,32,-1,2,GA,50.07858786540184,36283.88595270096,0.00220332147446856,0.9996034807691325,7.705952996495842
80,0.1,4,4,-1,0,HEFT,99.91711748251235,21734.580365610127,0.0021884442799030403,0.9996061576059023,1.0836672925395263
80,0.1,4,4,-1,0,GA,112.24956611761719,22174.296464271345,0.0021687748437500933,0.9996096967162763,8.38982941438576
80,0.1,4,4,-1,1,HEFT,108.15874055032342,23674.8572380422,0.0023880152056365215,0.9995702496321395,0.3519920308041703
80,0.1,4,4,-1,1,GA,129.7936075588909,24182.839672063543,0.002319476293183047,0.9995825814106172,8.504093284591882
80,0.1,4,4,-1,2,HEFT,91.65119395608409,20020.623104995073,0.0020182643146127955,0.9996367784043111,0.6172160968655478
80,0.1,4,4,-1,2,GA,126.96249833223946,22204.369444026812,0.002081417251173039,0.9996254150692486,22.643847862685618
80,0.1,4,8,-1,0,HEFT,48.86518848771865,21008.039621607146,0.0021081371481635864,0.9996206073009489,0.9590439698974241
80,0.1,4,8,-1,0,GA,72.97969528720787,23402.771388644902,0.0021184393593117502,0.9996187536082057,12.734374090941635
80,0.1,4,8,-1,1,HEFT,62.78344685380687,27263.900647447324,0.0027437583655661323,0.9995062454311241,0.6545788614422806
80,0.1,4,8,-1,1,GA,90.65335264892373,30586.275622131434,0.0028273325281440256,0.9994912096226778,9.994627954187234
80,0.1,4,8,-1,2,HEFT,49.17135643649649,21030.965699926597,0.0021073017418634286,0.999620757617044,0.9926554140248165
80,0.1,4,8,-1,2,GA,74.21080623040284,23983.52576705778,0.00217820263164588,0.9996080003782404,9.037941546006348
80,0.1,4,16,-1,0,HEFT,25.194685505342946,20013.816994320172,0.0019607800229062443,0.9996471218720142,2.070081202412686
80,0.1,4,16,-1,0,GA,46.55442587175395,24976.039486566748,0.0020720400153992234,0.9996271023408486,9.737065335723491
80,0.1,4,16,-1,1,HEFT,27.11847252343434,22092.328766879815,0.0021815997470775745,0.9996073891373494,1.5342316333197303
80,0.1,4,16,-1,1,GA,49.469999101044046,27728.2158202004,0.0023552940559173055,0.9995761369252798,9.356218268811382
80,0.1,4,16,-1,2,HEFT,29.396007957155195,23797.85909988824,0.0023454555002731833,0.9995779071162275,2.056306735364674
80,0.1,4,16,-1,2,GA,59.20969852446514,31002.171967898925,0.002536680859328375,0.9995435016724032,10.386336193496046
80,0.1,4,32,-1,0,HEFT,19.80938556714572,22005.213064265223,0.0018602595615608872,0.9996652093338257,3.943854927611596
80,0.1,4,32,-1,0,GA,38.07941850266283,31760.199154294074,0.002214173443058339,0.9996015281912369,6.433879556731401
80,0.1,4,32,-1,1,HEFT,19.971402738704725,21851.519694634815,0.0018323644758362018,0.9996702287808354,4.981847961136228
80,0.1,4,32,-1,1,GA,32.111985393931555,28944.24738191588,0.0021464140814788325,0.9996137200906359,6.15270514616113
80,0.1,4,32,-1,2,HEFT,19.67537921112202,21597.04868133019,0.001814173522514126,0.9996735020779983,4.869930582442519
80,0.1,4,32,-1,2,GA,38.28359367158116,31188.57984221389,0.0021301911979750288,0.9996166390859454,6.690917335833156
80,0.5,0.8,4,-1,1,HEFT,139.29867578472465,26163.27993167195,0.0025164009682177215,0.9995471503930701,11.448994913706192
80,0.5,0.8,4,-1,1,GA,191.90786096289665,28086.949078578033,0.002438678520976614,0.9995611341960059,35.771184902395866
80,0.5,0.8,4,-1,2,HEFT,130.14345624728568,24803.284652576465,0.0023974675391094,0.9995685489447469,10.165437563329942
80,0.5,0.8,4,-1,2,GA,179.41015150867253,27189.380429696383,0.0024002187541705554,0.9995680539398207,7.870937883552391
80,0.5,0.8,8,-1,0,HEFT,86.68580054160317,24763.89307923933,0.002124296670186747,0.9996176996947582,11.606467268123813
80,0.5,0.8,8,-1,0,GA,132.21110058710235,30166.515264040016,0.0022576549880721176,0.9995937046624609,9.137232158035392
80,0.5,0.8,8,-1,1,HEFT,85.78820160225615,26111.350899160934,0.0023095198378997855,0.9995843728260926,9.618446303937125
80,0.5,0.8,8,-1,1,GA,126.35414414286895,30736.483894364657,0.0024039387670089455,0.9995673846269668,13.170067507731053
80,0.5,0.8,8,-1,2,HEFT,91.646493104006,26582.40440705949,0.0022977184843766037,0.9995864961890882,16.18646151002156
80,0.5,0.8,8,-1,2,GA,139.84219300395887,32054.959131473955,0.0024069907755935277,0.9995668355032341,17.018522355677955
80,0.5,0.8,16,-1,0,HEFT,69.78565805435869,27540.14363473498,0.0018270409933201694,0.9996711866921505,15.193123075808714
80,0.5,0.8,16,-1,0,GA,114.74751960304216,39709.86739498317,0.002284023724961121,0.9995889602295086,10.522516395872392
80,0.5,0.8,16,-1,1,HEFT,68.27604441533927,26957.604136949154,0.0017892252725069783,0.9996779913068797,12.0920972898805
80,0.5,0.8,16,-1,1,GA,105.23639554020092,36494.8079595902,0.0021045762294407784,0.9996212480233464,7.589184634559179
80,0.5,0.8,16,-1,2,HEFT,67.69024506131582,27874.61534429868,0.0019222336295253285,0.9996540577984926,16.472664480815602
80,0.5,0.8,16,-1,2,GA,99.96215586076322,36745.05167736921,0.0022677413116411727,0.9995918898635109,9.529009043841342
80,0.5,0.8,32,-1,0,HEFT,56.56610236848891,33638.221180858454,0.0015396431358344592,0.999722902634118,10.61056588503394
80,0.5,0.8,32,-1,0,GA,82.73408624252899,47139.23213562396,0.0019857032323634142,0.9996426372874462,5.864667767093769
80,0.5,0.8,32,-1,1,HEFT,74.86360509438458,41382.78757919497,0.0016324500288050767,0.9997062021618555,12.509655949692755
80,0.5,0.8,32,-1,1,GA,109.86368431970035,58838.91397545082,0.0021513254776079948,0.9996128363812146,6.933582934664083
80,0.5,0.8,32,-1,2,HEFT,73.7132610587778,40786.92523882075,0.0016125365623062108,0.9997097855391519,11.183958544649151
80,0.5,0.8,32,-1,2,GA,103.88294772198726,56094.995383023735,0.002093532746483286,0.9996232350993602,7.8441262771773514
80,0.5,1,4,-1,0,HEFT,127.1717137691268,24854.994876820398,0.00242257785735172,0.9995640310477709,2.996226160356698
80,0.5,1,4,-1,0,GA,172.78355507727173,27105.681481354237,0.0024305001082228937,0.9995626056653245,10.849645575716266
80,0.5,1,4,-1,1,HEFT,116.10873741955012,24499.57159930955,0.0024452651425285713,0.9995599491251445,2.4115032485721817
80,0.5,1,4,-1,1,GA,160.33053690168498,26336.334598615707,0.0024083293058572135,0.9995665946721806,11.749362921535303
80,0.5,1,4,-1,2,HEFT,114.31954655834669,23687.24876358769,0.002351409629042254,0.999576835825998,1.604902843980197
80,0.5,1,4,-1,2,GA,154.0331854967468,25348.918905897022,0.0023198095609887827,0.9995825214474539,8.350823894533827
80,0.5,1,8,-1,0,HEFT,74.52197372137114,24897.24567653798,0.002292394857788934,0.9995874540460916,9.904899300425827
80,0.5,1,8,-1,0,GA,122.12883427736686,30455.576308882148,0.0024200527413766057,0.9995644853705934,12.823747781406492
80,0.5,1,8,-1,1,HEFT,79.10951937889858,26036.023591053323,0.002382623996211765,0.9995712196332702,8.13267392301577
80,0.5,1,8,-1,1,GA,134.5101257572686,33517.415064133806,0.0026620727379116304,0.9995209416922674,15.626804279199417
80,0.5,1,8,-1,2,HEFT,67.83668016498181,21043.73979130027,0.0018774442500596922,0.999662117130268,8.885118732422063
80,0.5,1,8,-1,2,GA,99.41141694296674,24300.917062861743,0.001906643544746374,0.9996568630469004,9.796668933111638
80,0.5,1,16,-1,0,HEFT,67.77289617450178,29886.314831849308,0.002180092863868859,0.9996076602698726,13.470091353047238
80,0.5,1,16,-1,0,GA,104.23629905606563,38576.34454583642,0.002398317199880081,0.9995683960718051,10.12735738975942
80,0.5,1,16,-1,1,HEFT,54.30058471581173,24150.75073652039,0.0017732607843778472,0.9996808639935445,10.352332890062616
80,0.5,1,16,-1,1,GA,75.55820842426569,30161.37554045979,0.002022506398320514,0.9996360151068825,9.59916042632777
80,0.5,1,16,-1,2,HEFT,49.81651978194698,22179.644541665144,0.0016298285198360883,0.9997066738949457,12.843472916412203
80,0.5,1,16,-1,2,GA,81.2127656697253,30081.040081427906,0.0018718590533385849,0.999663122126497,8.121637906236854
80,0.5,1,32,-1,0,HEFT,54.522894399106214,32890.31293915794,0.0015443826214342582,0.9997220497634675,10.815927454903882
80,0.5,1,32,-1,0,GA,68.81077615412164,41343.66603278462,0.001927690954728929,0.999653075820264,7.2006512868797605
80,0.5,1,32,-1,1,HEFT,58.414386203465256,35095.07561479628,0.001636169420241037,0.9997055328683155,11.495766032979388
80,0.5,1,32,-1,1,GA,76.39556977407875,45619.219954772256,0.0021037882637630514,0.999621389803459,5.245725711601479
80,0.5,1,32,-1,2,HEFT,51.01532304869832,32498.30321030518,0.0016677544133856614,0.9996998492598398,11.30087169263872
80,0.5,1,32,-1,2,GA,70.33952877209583,44308.51313271064,0.0022349010444736228,0.9995977987166249,5.375358902224644
80,0.5,2,4,-1,0,HEFT,104.49976830279874,22118.486731104615,0.0022096250455517154,0.9996023465768892,2.757842992748716
80,0.5,2,4,-1,0,GA,157.87295636787798,25240.141718305968,0.002281943128249073,0.9995893345830501,12.652796931067714
80,0.5,2,4,-1,1,HEFT,98.32705270484595,20965.93605968453,0.002098997096880093,0.9996222518873529,3.0157217252848585
80,0.5,2,4,-1,1,GA,134.6747702914749,22992.451252890838,0.00213540856316538,0.9996157003206757,14.954419788631725
80,0.5,2,4,-1,2,HEFT,114.7239010812204,24231.028904059604,0.0024191578361965143,0.999564646383384,3.1533209146389707
80,0.5,2,4,-1,2,GA,130.88094023083133,24606.43756499871,0.002367461554769872,0.9995739477062071,20.53071599434371
80,0.5,2,8,-1,0,HEFT,58.05093566777037,22692.441229682277,0.0022118283469736853,0.9996019501404192,5.170141432162441
80,0.5,2,8,-1,0,GA,87.89199114918335,26640.03330002211,0.002351731543888955,0.9995767779058475,11.980021814906832
80,0.5,2,8,-1,1,HEFT,56.25154603886114,21374.27458247983,0.002063840589502475,0.9996285776882405,4.648155593980966
80,0.5,2,8,-1,1,GA,98.66192288343106,26844.98590672719,0.0022446306601960992,0.9995960480917159,7.732793733165111
80,0.5,2,8,-1,2,HEFT,58.05198218121251,22120.496413697714,0.0021379206878942266,0.9996152483121005,5.392849404456144
80,0.5,2,8,-1,2,GA,83.58080644618327,25042.435982604813,0.002198795680073801,0.9996042950894345,7.157830796123382
80,0.5,2,16,-1,0,HEFT,37.37032282752314,21922.037812828217,0.0019052888669178003,0.9996571068052679,3.5331949697154474
80,0.5,2,16,-1,0,GA,55.31398873787459,26193.95912706611,0.002012102492169792,0.9996378871301064,8.368294528646326
80,0.5,2,16,-1,1,HEFT,34.971307317977455,21462.87772370912,0.0019054763202399803,0.9996570730752409,4.647183554615456
80,0.5,2,16,-1,1,GA,57.33661807638956,27564.826731553105,0.002139043418719161,0.9996150462983275,8.618215695194182
80,0.5,2,16,-1,2,HEFT,39.507775764110356,23677.753576478637,0.002079103440538688,0.9996258313992402,4.176676153654692
80,0.5,2,16,-1,2,GA,60.744677643640145,28818.213674597642,0.0022164387037491907,0.9996011206068713,7.934532029827471
80,0.5,2,32,-1,0,HEFT,34.01528631497712,25147.079481336434,0.001561396580928323,0.9997189881066728,7.348929556271145
80,0.5,2,32,-1,0,GA,47.35564207011752,32889.39720802979,0.0018998489215897502,0.9996580856601491,6.081846330440672
80,0.5,2,32,-1,1,HEFT,36.937723649261684,28632.621258375384,0.0018667358368293153,0.9996640439952313,8.494508349245226
80,0.5,2,32,-1,1,GA,55.29175051928346,39410.66533953779,0.002348660612420276,0.9995773304397213,7.500760708486702
80,0.5,2,32,-1,2,HEFT,32.925207423533735,25286.400693158044,0.0016334781708683584,0.9997060171506731,7.597092540285814
80,0.5,2,32,-1,2,GA,49.40659151289201,34508.090333682034,0.0020072298698619517,0.9996387638849076,6.352774146960519
80,0.5,4,4,-1,0,HEFT,107.95194894381649,23644.613402598272,0.0023853901619244285,0.9995707219370592,0.48725293045315476
80,0.5,4,4,-1,0,GA,121.9824804179139,23337.601062137433,0.0022587134369609256,0.9995935142190865,18.401904435723488
80,0.5,4,4,-1,1,HEFT,107.31879893912922,23452.13441551096,0.0023644485873944125,0.9995744898094191,1.1100342282576483
80,0.5,4,4,-1,1,GA,122.47430745136258,23605.546475049443,0.00229028161723308,0.9995878342725384,5.322688067098296
80,0.5,4,4,-1,2,HEFT,90.00634924588142,19629.641086722346,0.0019779504293178343,0.9996440322942651,0.695862173822636
80,0.5,4,4,-1,2,GA,122.3098227842661,21901.713938854555,0.002071168274574907,0.999627259195697,5.4714090391298
80,0.5,4,8,-1,0,HEFT,45.586649415927994,19484.880638215625,0.0019520106323367623,0.9996486998065469,0.8711806856300547
80,0.5,4,8,-1,0,GA,64.10084444628224,21594.84449223586,0.0019949823547019078,0.9996409676437016,6.988301099207441
80,0.5,4,8,-1,1,HEFT,51.387304245950375,21901.604976321963,0.0021923028124949256,0.9996054633438147,1.6463084137829918
80,0.5,4,8,-1,1,GA,81.27545937045255,25997.907847646056,0.0023508351095713966,0.9995769391957472,12.672084829376656
80,0.5,4,8,-1,2,HEFT,43.97416496762854,18913.47797631306,0.0018981858061267085,0.9996583849186219,0.9727112633228095
80,0.5,4,8,-1,2,GA,64.82268793777516,20944.754682263156,0.001902038325611982,0.9996576917022488,9.147037332855424
80,0.5,4,16,-1,0,HEFT,28.264835100050128,21867.083997245812,0.002124061454526639,0.9996177420173913,1.4249568152187608
80,0.5,4,16,-1,0,GA,55.54045562385413,27721.737017156593,0.0022038720332527907,0.999603381707852,8.762575823094753
80,0.5,4,16,-1,1,HEFT,27.159091358269837,21165.64356905996,0.002060865378329735,0.9996291130274852,1.9844924546187146
80,0.5,4,16,-1,1,GA,48.610475157575095,26398.051919042944,0.002204759778913246,0.999603221977023,9.048338164153174
80,0.5,4,16,-1,2,HEFT,28.712092106836668,21438.779541262982,0.0020576302140504314,0.999629695141246,2.6839341161570505
80,0.5,4,16,-1,2,GA,48.06063484407059,26023.578889796412,0.0021700177002241423,0.9996094730894524,8.346826277634829
80,0.5,4,32,-1,0,HEFT,21.504881888041897,21701.286088635345,0.001736874863517734,0.9996874113905698,5.186099980105498
80,0.5,4,32,-1,0,GA,36.58958588105381,29829.069850438384,0.002038587709575416,0.9996331215286475,6.390545001988955
80,0.5,4,32,-1,1,HEFT,22.72965903407814,22692.14830177238,0.001804129099830281,0.9996753094854084,4.604108185139531
80,0.5,4,32,-1,1,GA,35.79823955499435,30365.176258526037,0.00214711269630597,0.9996135943885505,6.109075924198195
80,0.5,4,32,-1,2,HEFT,25.728848828820198,24662.826655521112,0.0019099416931852918,0.999656269584067,5.912124113128051
80,0.5,4,32,-1,2,GA,45.618411053941905,36011.10404583626,0.0023893584239176448,0.9995700079567833,7.091888289989319
80,0.8,0.8,4,-1,0,HEFT,121.09326545757979,23295.835814334572,0.002258831921494928,0.99959349290054,2.181777342227384
80,0.8,0.8,4,-1,0,GA,162.63379171770274,24966.611797273657,0.002217078784860972,0.999601005438234,21.042758941185898
80,0.8,0.8,4,-1,1,HEFT,114.95164189380169,22278.404066848332,0.0021654683793211698,0.9996102916477568,5.050831557523402
80,0.8,0.8,4,-1,1,GA,166.96024965041644,24991.547245388152,0.00219346967211475,0.9996052533919709,16.307144133401135
80,0.8,0.8,4,-1,2,HEFT,125.17316280724985,24482.053914105687,0.002386788384929934,0.9995704703649898,8.719383006238395
80,0.8,0.8,4,-1,2,GA,165.6458560486506,25902.404762815808,0.0023193028000620904,0.9995826126263435,11.49035271982773
80,0.8,0.8,8,-1,0,HEFT,82.92717564232412,21802.13301924965,0.0017882589350886994,0.9996781651916207,17.293753579936737
80,0.8,0.8,8,-1,0,GA,112.93624390000303,25477.8439805046,0.0018909514943287215,0.9996596866507491,12.48436920375536
80,0.8,0.8,8,-1,1,HEFT,86.2030859839917,23937.649325580256,0.002023533988516415,0.9996358302079893,14.273564522101424
80,0.8,0.8,8,-1,1,GA,121.12872341308687,28036.812709883685,0.002119955460236091,0.9996184808141179,10.936463843310285
80,0.8,0.8,8,-1,2,HEFT,91.34604451309106,27191.38078784757,0.0023801240974923553,0.9995716694221969,12.740221818933033
80,0.8,0.8,8,-1,2,GA,156.86871862781652,35052.11567981139,0.002583038590638373,0.9995351611247666,11.572237171869547
80,0.8,0.8,16,-1,0,HEFT,78.938594360385,29892.959124675475,0.0019039727399846969,0.9996573436269124,12.209536566178432
80,0.8,0.8,16,-1,0,GA,105.37118494791245,36769.96709870566,0.002136782892597735,0.9996154530364774,10.435293898208972
80,0.8,0.8,16,-1,1,HEFT,79.18877415317161,29864.421765638388,0.0018940797323293852,0.9996591237596929,15.41181002823139
80,0.8,0.8,16,-1,1,GA,109.42352142481843,37737.754604706366,0.002161296962679745,0.9996110422104194,12.045292958429465
80,0.8,0.8,16,-1,2,HEFT,75.85551149822165,27731.158827712745,0.001701149950911394,0.9996938398854117,14.161338286698623
80,0.8,0.8,16,-1,2,GA,105.5728830636997,35498.10526589799,0.001967456294272306,0.999645920567954,7.021886884618222
80,0.8,0.8,32,-1,1,HEFT,78.40685021823103,42876.46342965271,0.0016496424994640816,0.9997031084311232,11.419897005849023
80,0.8,0.8,32,-1,1,GA,101.44015535254194,54747.56131166193,0.002040638456884473,0.9996327525296277,5.359032029022941
80,0.8,0.8,32,-1,2,HEFT,71.28007654616285,39163.31807064945,0.0015234843251838396,0.9997258104183033,10.894894891066834
80,0.8,0.8,32,-1,2,GA,100.51736771376358,53585.69852870246,0.0019363086985293599,0.9996515251657295,5.851505784913234
80,0.8,1,4,-1,0,HEFT,104.54454711541403,21426.68417901665,0.002119967172800617,0.9996184787066614,5.032525455131219
80,0.8,1,4,-1,0,GA,139.4733871299997,23237.02160506037,0.002137247935764908,0.9996153693609003,10.751566461929903
80,0.8,1,4,-1,1,HEFT,118.0593312167633,23964.600107366634,0.002364050672992506,0.9995745614035372,3.8042299216794073
80,0.8,1,4,-1,1,GA,151.06989502641434,24942.011250932985,0.002285614507708669,0.9995886740063533,19.43216529640331
80,0.8,1,4,-1,2,HEFT,115.64563547834899,23713.113250224276,0.0023465274867265533,0.9995777142401304,5.625559050652579
80,0.8,1,4,-1,2,GA,183.64210899828404,27459.891724973997,0.002408923836312191,0.9995664877030859,18.9022250510406
80,0.8,1,8,-1,0,HEFT,76.84483530901696,24374.810336911578,0.0021960860655356523,0.9996047826271722,5.619903280231424
80,0.8,1,8,-1,0,GA,110.13585528515478,28057.705092720127,0.002259000385703523,0.9995934625893094,10.401711374969183
80,0.8,1,8,-1,1,HEFT,86.09370429519143,25597.308759143445,0.0022393169440316626,0.9995970041747143,9.591265614217466
80,0.8,1,8,-1,1,GA,145.37867200533225,33038.16811555564,0.0024653508531064273,0.9995563352947455,7.88050721231893
80,0.8,1,8,-1,2,HEFT,85.60996981212087,25893.7240575919,0.0022836133017607617,0.9995890340753222,7.684872403662498
80,0.8,1,8,-1,2,GA,131.41123867295718,31025.053611233423,0.0023784980230787513,0.9995719619902647,11.687210815328417
80,0.8,1,16,-1,0,HEFT,64.47583281495088,26496.605938592664,0.0018239335966566015,0.9996717458397916,14.392203586908101
80,0.8,1,16,-1,0,GA,108.32076672460073,38349.93669395961,0.0022677454112191558,0.999591889125888,8.893397449106404
80,0.8,1,16,-1,1,HEFT,69.46996889511496,29161.350623938,0.0020443303095705333,0.9996320882404135,14.49302992691281
80,0.8,1,16,-1,1,GA,101.52824269786811,37511.343905744754,0.0023278968097873495,0.999581066351455,8.161154526161237
80,0.8,1,16,-1,2,HEFT,70.29080881240526,28420.01940635438,0.001928189162063639,0.9996529861740588,15.252906559776225
80,0.8,1,16,-1,2,GA,95.21578440846038,35271.94010133361,0.0021951562654921463,0.9996049499250496,10.80796626132882
80,0.8,1,32,-1,0,HEFT,58.902188731412096,34840.2849254511,0.0015790496708771135,0.9997158114484611,10.854825229904046
80,0.8,1,32,-1,0,GA,74.30911455810555,43943.02842462878,0.0019907401077927968,0.9996417309742774,6.806659035977486
80,0.8,1,32,-1,1,HEFT,62.60709223693626,36201.66130039898,0.0015711289252474754,0.9997172367785134,12.312013925883472
80,0.8,1,32,-1,1,GA,80.8545868284414,46438.41761218021,0.001988405202849963,0.9996421511066815,5.388378933890762
80,0.8,1,32,-1,2,HEFT,60.465176015236814,35366.501254893505,0.0015694927215817282,0.9997175312119373,10.242296110349676
80,0.8,1,32,-1,2,GA,77.34781887493705,45613.45092989344,0.0020557995454673927,0.9996300245396224,6.585736458437245
80,0.8,2,4,-1,0,HEFT,92.91111548550074,19721.133605991083,0.001971757114042254,0.9996451466948046,1.8944584302624439
80,0.8,2,4,-1,0,GA,101.55269882570133,19518.790300565623,0.0018920233536087806,0.9996594937817561,9.511764378654748
80,0.8,2,4,-1,1,HEFT,89.29480210603546,19146.626940593254,0.0019199581963182885,0.9996544672348634,3.1411732879236753
80,0.8,2,4,-1,1,GA,121.80413496026095,21033.359035922,0.001962113767161431,0.9996468818827944,7.376319852219743
80,0.8,2,4,-1,2,HEFT,129.36344793630076,27495.585274501675,0.0027501472575657926,0.9995050959990432,4.702803656418474
80,0.8,2,4,-1,2,GA,162.58929444399956,28846.64016352796,0.0027186503915007727,0.9995107626451722,13.609013487942297
80,0.8,2,8,-1,0,HEFT,50.76988756271766,19003.42913282888,0.0018255193703886282,0.999671460494257,4.163849389970017
80,0.8,2,8,-1,0,GA,67.85762657611531,21067.058375604815,0.001880197186601776,0.9996616217692429,8.951772648308122
80,0.8,2,8,-1,1,HEFT,55.32140213236147,21758.817316338966,0.0021250597818646333,0.9996175623871785,3.5638030780340006
80,0.8,2,8,-1,1,GA,93.01028053675144,26572.586414791076,0.002279534816959036,0.9995897679011553,11.68374272005038
80,0.8,2,8,-1,2,HEFT,57.403421106946084,21835.286497011708,0.0021091160298120004,0.9996204311691159,3.6278612687405345
80,0.8,2,8,-1,2,GA,82.43766779823692,24405.929929574126,0.0021307382197601273,0.9996165406597757,12.203782143997985
80,0.8,2,16,-1,0,HEFT,37.91414422138511,20492.27791199382,0.0017070752224144549,0.9996927736636436,5.2969689674072375
80,0.8,2,16,-1,0,GA,55.81955384717062,24978.3233126574,0.0018425024514212719,0.9996684045486725,6.7610573105162395
80,0.8,2,16,-1,1,HEFT,44.14111681847856,24903.716954104653,0.002122561049736017,0.9996180119870532,5.565134052327045
80,0.8,2,16,-1,1,GA,73.27736020241574,31201.42757317645,0.002213459226655378,0.9996016566989703,9.187280570770483
80,0.8,2,16,-1,2,HEFT,40.97408256256969,23088.71565885057,0.001966626848428578,0.999646069815353,4.711464610667934
80,0.8,2,16,-1,2,GA,63.41796232414403,28452.413971524744,0.002102863721613578,0.9996215561580525,10.674890571161447
80,0.8,2,32,-1,0,HEFT,36.375041404050926,27820.456465474403,0.001789721003400368,0.9996779021040565,8.176266982662503
80,0.8,2,32,-1,0,GA,52.87606072817625,37224.85526899176,0.0021861043862237833,0.999606578620974,5.96684077042055
80,0.8,2,32,-1,1,HEFT,37.89266671489415,29109.080208945525,0.0018809168204684977,0.9996614922789872,8.497348821149297
80,0.8,2,32,-1,1,GA,48.069264071144296,35951.17219560824,0.0022600225829830537,0.9995932786686176,6.164938174771026
80,0.8,2,32,-1,2,HEFT,32.75608776815858,26059.777916846215,0.001741788141327302,0.9996865272774047,6.7996427737001115
80,0.8,2,32,-1,2,GA,49.02239645191078,34629.95632353981,0.002042035670026623,0.9996325011236564,6.863789452830538
80,0.8,4,4,-1,0,HEFT,110.71245342644977,24279.063602781436,0.0024502410643813762,0.9995590538537507,0.43048277082092234
80,0.8,4,4,-1,0,GA,134.2001844857491,25428.98056187726,0.0024531487992973254,0.9995585306923905,8.612318455521637
80,0.8,4,4,-1,1,HEFT,98.01013204943942,21369.806453600428,0.0021531421337503023,0.9996125095097639,1.1496945486088848
80,0.8,4,4,-1,1,GA,122.86280637999027,22935.202681002927,0.002201264596222661,0.9996038508604802,6.571540575737501
80,0.8,4,4,-1,2,HEFT,96.26755277704278,20977.41565648154,0.0021132523414965744,0.9996196869158921,0.5394178931312057
80,0.8,4,4,-1,2,GA,106.78088687609633,21159.239393894895,0.0020715448092819473,0.9996271914447152,8.861008819278073
80,0.8,4,8,-1,0,HEFT,46.342845895943675,19616.60138810495,0.0019596496359295034,0.9996473252698914,1.2988411316328552
80,0.8,4,8,-1,0,GA,71.1695940834963,22257.406548361938,0.0019929102734297537,0.99964134048449,9.112997927703606
80,0.8,4,8,-1,1,HEFT,50.04354721302614,21259.80094852027,0.0021260491493630186,0.9996173843691509,1.577674950872012
80,0.8,4,8,-1,1,GA,77.45003099241,24732.954939513824,0.0022348516749667265,0.9995978075995626,10.332586336200949
80,0.8,4,8,-1,2,HEFT,52.51655262617614,22063.772089662765,0.0021992484544638056,0.999604213622297,1.8838091480915684
80,0.8,4,8,-1,2,GA,80.99377368804348,25044.663514177075,0.002231170702858514,0.9995984699082789,14.610221278225076
80,0.8,4,16,-1,0,HEFT,28.36143971310525,21055.797087271756,0.0020168476307952906,0.9996370333148087,2.433727228698891
80,0.8,4,16,-1,0,GA,51.759491859704774,26721.138368523745,0.002168387071248118,0.9996097664880863,7.713407119365013
80,0.8,4,16,-1,1,HEFT,33.70962264497149,24054.30833688096,0.002271584081272149,0.9995911984475059,3.5251485198609895
80,0.8,4,16,-1,1,GA,57.606829535372164,29887.9060839421,0.0024324799500194632,0.9995622494497391,8.358106650741341
80,0.8,4,16,-1,2,HEFT,31.46337988275631,23684.640100024786,0.0022795440778469738,0.9995897662348787,1.8699631896385116
80,0.8,4,16,-1,2,GA,60.652182853826396,30189.14725178491,0.0023958563493346567,0.9995688388338216,6.898827101177483
80,0.8,4,32,-1,0,HEFT,26.041826528204233,24575.07685466711,0.0018830769338290289,0.9996611035902757,5.578175662609222
80,0.8,4,32,-1,0,GA,39.44016522867396,32425.986037532915,0.002232682505132056,0.9995981978931728,7.096730650560252
80,0.8,4,32,-1,1,HEFT,26.596861488804947,24306.88781221402,0.001820890568541721,0.9996722934052023,5.0674126673683375
80,0.8,4,32,-1,1,GA,44.56753145748871,32833.003106382974,0.002030887729548748,0.9996345070175202,5.638244071661796
80,0.8,4,32,-1,2,HEFT,26.20616670733476,25736.205348298026,0.0020249402238606555,0.9996355771778378,5.336126217577385
80,0.8,4,32,-1,2,GA,39.49982732211891,33568.916684858086,0.002377387983612975,0.9995721617118629,7.44713403869717
80,1,0.8,4,-1,1,HEFT,126.35337424422751,23702.752297402032,0.002278784280837095,0.9995899029422444,10.370905283068275
80,1,0.8,4,-1,1,GA,176.68382097800256,26390.80833112698,0.0023139515405921,0.9995835754514729,23.714753633366996
80,1,0.8,4,-1,2,HEFT,118.67639717585173,21852.175780685713,0.00208730086773189,0.9996243564155334,5.895224560429919
80,1,0.8,4,-1,2,GA,170.42317882352978,24919.91566033071,0.002162739415607401,0.9996107826699151,7.422467336632542
80,1,0.8,8,-1,0,HEFT,77.51534620103266,23232.41992763234,0.0020401739912575202,0.9996328361027408,11.917957019169872
80,1,0.8,8,-1,0,GA,113.68629186951762,27060.747895265118,0.0020861581234872645,0.9996245620322506,9.937998825961703
80,1,0.8,8,-1,1,HEFT,96.4170097385128,24225.743463500843,0.0019340711277265649,0.9996519277882024,17.90652118650313
80,1,0.8,8,-1,1,GA,136.04529079907888,28943.643079753296,0.0020521053182224447,0.9996306892547285,6.779604117971496
80,1,0.8,8,-1,2,HEFT,110.66036671010885,29508.880295633673,0.002439985153935817,0.9995608991053202,16.104140171069986
80,1,0.8,8,-1,2,GA,155.20790254109954,34998.93328474034,0.002596766749456691,0.9995326912078805,10.532275513150505
80,1,0.8,16,-1,0,HEFT,79.2423381801375,30881.06690646972,0.0020241005136800157,0.9996357282706003,15.392912157390324
80,1,0.8,16,-1,0,GA,115.83037962305418,40799.945389711196,0.002397999031277105,0.9995684533174379,11.788042094793626
80,1,0.8,16,-1,1,HEFT,73.88412119666306,27482.1570996596,0.0017178818901679963,0.9996908290629574,10.583015137998016
80,1,0.8,16,-1,1,GA,105.02100053403237,35302.4093526743,0.001955862693816548,0.9996480066793032,9.445360301022943
80,1,0.8,16,-1,2,HEFT,82.18775160207512,30916.151683028,0.001955568911554209,0.999648059541498,16.1143048034375
80,1,0.8,16,-1,2,GA,121.11876417683754,40731.907474694555,0.002258023869863274,0.9995936382907182,7.001514690745261
80,1,0.8,32,-1,0,HEFT,75.44662681840714,42302.13469031279,0.001722303616543211,0.9996900333985989,10.864614701661448
80,1,0.8,32,-1,0,GA,106.32911355966672,57783.72407693947,0.0021903545826908845,0.9996058138868847,6.74415694770638
80,1,0.8,32,-1,1,HEFT,87.57173934122949,46832.14841501609,0.0017060207374656286,0.9996929634126396,12.37550889130837
80,1,0.8,32,-1,1,GA,110.88817275156234,59271.22458195672,0.0021563522280822717,0.9996119319168506,6.512538698975849
80,1,0.8,32,-1,2,HEFT,78.1711370800835,43537.968452691675,0.0017468025599405184,0.9996856249654006,9.6011513917839
80,1,0.8,32,-1,2,GA,112.47096103702883,59690.188464604624,0.0021319559982410285,0.9996163215437277,7.599572261644954
80,1,1,4,-1,0,HEFT,115.73466990271685,22648.584608342655,0.0022084393350145014,0.9996025599199391,1.4742497022057064
80,1,1,4,-1,0,GA,184.22284955873187,26700.67856590895,0.002307232789029693,0.9995847843238725,14.121415579098583
80,1,1,4,-1,1,HEFT,99.56588954148356,20161.830241739197,0.001987424747254262,0.9996423275255509,5.214507236183618
80,1,1,4,-1,1,GA,133.23048656853973,21727.885501726792,0.001980984773441458,0.9996434863068953,12.30175051225067
80,1,1,4,-1,2,HEFT,111.06489643871922,22140.010059883763,0.0021716918644477056,0.9996091718576233,1.6898073917882952
80,1,1,4,-1,2,GA,169.45335318536462,25584.745670848773,0.002254649188365797,0.9995942454867314,20.221578646741065
80,1,1,8,-1,0,HEFT,67.53186267341171,19433.734669436504,0.0016732139344688604,0.9996988668414893,8.930989654753562
80,1,1,8,-1,0,GA,111.14195296127976,25281.76230525031,0.0018878727158872684,0.9996602406424278,10.099144834167102
80,1,1,8,-1,1,HEFT,77.7019511657837,23734.002688822027,0.0021026634853884745,0.9996215921869339,10.003151055227109
80,1,1,8,-1,1,GA,122.48631810813423,28439.433505319936,0.0021551352670463888,0.9996121508848534,12.909666752563245
80,1,1,8,-1,2,HEFT,101.61006949417205,29935.39193836828,0.0026073417657529415,0.9995307885962814,10.971272215174718
80,1,1,8,-1,2,GA,137.50784978982946,34242.379775153844,0.0027185563559858164,0.9995107795632844,9.676355624190093
80,1,1,16,-1,0,HEFT,72.48842936423422,27975.41478909242,0.0018162320867131075,0.9996731316574927,16.737256358282778
80,1,1,16,-1,0,GA,101.95359188187106,36338.96477200544,0.0021658753398819367,0.9996102184234062,9.152215204966874
80,1,1,16,-1,1,HEFT,66.16057374675223,25084.557337081118,0.0015997063537086162,0.9997120943091324,13.258012539594073
80,1,1,16,-1,1,GA,89.98878148727117,31771.08359396932,0.0018725113111645038,0.9996630047596469,7.131301222274465
80,1,1,16,-1,2,HEFT,66.85410698242562,25884.61745139116,0.0016858693683159485,0.9996965895519662,13.319524496185167
80,1,1,16,-1,2,GA,93.20402126662923,32888.32331611043,0.0019370996424958162,0.9996513828454383,5.890988798299846
80,1,1,32,-1,0,HEFT,71.04736597021004,39896.002301505454,0.0016296917014140566,0.9997066985150384,12.702990382944932
80,1,1,32,-1,0,GA,104.86599308355238,57848.93962015135,0.0022713692863135966,0.999591237094793,7.078561212052325
80,1,1,32,-1,1,HEFT,73.16946724215552,42273.94100767521,0.0018316363807089773,0.9996703597947484,14.530240553131343
80,1,1,32,-1,1,GA,105.80507555093271,59634.82244231479,0.0024555133631468527,0.9995581052588874,7.2991284992193
80,1,1,32,-1,2,HEFT,65.19068508071898,37885.66367958726,0.0016605220424536396,0.9997011506967103,12.084439713156163
80,1,1,32,-1,2,GA,90.88925747681445,51194.58785961603,0.00210505335768983,0.9996211621727941,6.646022068710468
80,1,2,4,-1,0,HEFT,100.492789632016,21452.46923733934,0.0021484257538763015,0.9996133581295417,1.4611248471461202
80,1,2,4,-1,0,GA,122.26324013053018,22509.13469191508,0.0021499352927195903,0.9996130865176441,4.153357038953996
80,1,2,4,-1,1,HEFT,117.65200550555738,25010.504303929858,0.0025017064650727523,0.9995497942093413,2.836181571688155
80,1,2,4,-1,1,GA,146.91815888766465,26317.834678811105,0.002489116673411266,0.9995520593541671,5.831030488865349
80,1,2,4,-1,2,HEFT,95.07649891286896,20177.575590785207,0.0020173002122697023,0.9996369518797151,2.437124600871772
80,1,2,4,-1,2,GA,108.24888747229946,19868.177044159514,0.0018956370084611289,0.999658843545579,10.745118212037692
80,1,2,8,-1,0,HEFT,66.41245776628644,24628.84127379459,0.0023583004300040174,0.999575596007463,6.059047618145509
80,1,2,8,-1,0,GA,99.45481877409142,27995.33501465313,0.0023834202083127076,0.9995710763765531,16.7578138919147
80,1,2,8,-1,1,HEFT,63.14871055769106,23427.480426601487,0.0022435664357962717,0.9995962395747444,6.15511975722315
80,1,2,8,-1,1,GA,94.68837179743876,27075.638449453403,0.0023237150848707086,0.9995818187468878,12.750737126523134
80,1,2,8,-1,2,HEFT,59.883330065828,23039.042568587392,0.002233881509336939,0.9995979821591562,3.5649805073695067
80,1,2,8,-1,2,GA,99.28440205945093,27784.558523142714,0.0023583017991518638,0.9995755957611209,9.074636472677623
80,1,2,16,-1,0,HEFT,48.5894069209479,26833.737604785863,0.002261572542114195,0.9995929997894848,8.350127808478584
80,1,2,16,-1,0,GA,78.62122646738341,34626.117836098274,0.0025233646452662347,0.9995458974996172,8.759966982099604
80,1,2,16,-1,1,HEFT,44.79897146674274,25128.887978583698,0.0021353340383680995,0.9996157137299845,5.5176634379106835
80,1,2,16,-1,1,GA,69.81012277524052,31099.005662790525,0.0022862354121375122,0.9995885622895341,12.280246681596426
80,1,2,16,-1,2,HEFT,42.30902141482919,23432.99724790497,0.00197799291166121,0.9996440246501659,5.203387846581314
80,1,2,16,-1,2,GA,63.838119887823595,28433.402147219633,0.002089984900356266,0.9996238734712616,8.937349772144165
80,1,2,32,-1,0,HEFT,42.43454733810707,31214.009606904452,0.001927537910732731,0.9996531033586267,9.228662114622386
80,1,2,32,-1,0,GA,60.40863890219968,41696.50505723934,0.0023901276122473727,0.9995698695624273,6.617424546756348
80,1,2,32,-1,1,HEFT,41.58451956628424,29199.64199888469,0.0017094556182728087,0.999692345324119,8.594631506097027
80,1,2,32,-1,1,GA,56.01286643039205,38287.77998579159,0.0021678086920569823,0.9996098705557204,6.689562186000079
80,1,2,32,-1,2,HEFT,36.463705469524754,29016.09917961889,0.0019397979689045716,0.9996508973161247,6.9791929376164505
80,1,2,32,-1,2,GA,52.82190238970911,38045.76703118543,0.0022948522627308956,0.9995870118957821,7.795899886112806
80,1,4,4,-1,0,HEFT,117.73957970553151,25606.592981988866,0.0025781774103518546,0.9995360357308617,1.450142002432106
80,1,4,4,-1,0,GA,139.79481248462656,26168.543708087178,0.002514004225946396,0.9995475816114067,11.576103261577238
80,1,4,4,-1,1,HEFT,107.11906267538942,23313.8443000768,0.0023478203219196524,0.9995774816280931,0.42793046629837345
80,1,4,4,-1,1,GA,123.57565124848183,23792.469071554377,0.0023076017844479648,0.9995847179322775,14.642519538893819
80,1,4,4,-1,2,HEFT,108.16768186030286,23593.2280063975,0.002377413343294957,0.9995721571490732,0.9581058563419235
80,1,4,4,-1,2,GA,127.45479017978096,24948.3655028367,0.0024328857331017075,0.9995621764407604,4.451823378764506
80,1,4,8,-1,0,HEFT,49.048394151359744,20725.767577379782,0.0020693955734947347,0.9996275781630065,1.5479997660191733
80,1,4,8,-1,0,GA,82.78613198908296,24573.12160082026,0.0021480171744015886,0.999613431645416,10.184696896709838
80,1,4,8,-1,1,HEFT,48.692621813872826,20399.8123702049,0.0020316951777872238,0.9996343617299687,1.9803219017613503
80,1,4,8,-1,1,GA,71.38617293161356,22471.37263065036,0.0020178682208288707,0.9996368496752976,10.476308010754568
80,1,4,8,-1,2,HEFT,50.491902415955145,21299.23152194931,0.0021255825439299245,0.9996174683259976,2.034257106160033
80,1,4,8,-1,2,GA,75.22606453502729,24388.278572123752,0.002217903924646141,0.9996008569723448,7.339110568723751
80,1,4,16,-1,0,HEFT,29.0986151798123,20777.88533373326,0.001962655196280271,0.9996467844599711,1.694289254586196
80,1,4,16,-1,0,GA,49.06559686954977,24882.863414894553,0.0019977091493463823,0.9996404769970072,10.774584331719748
80,1,4,16,-1,1,HEFT,29.076720803260145,20974.32556705508,0.001988578187704022,0.9996421199805503,1.618098727587743
80,1,4,16,-1,1,GA,58.85437455302207,28401.98627953476,0.002209553793973453,0.9996023593970731,9.928660482208805
80,1,4,16,-1,2,HEFT,30.065461049532317,21094.788398452492,0.0019796149711811743,0.999643732783429,2.851912846729736
80,1,4,16,-1,2,GA,52.819006681986224,26359.370050340734,0.002095364440232478,0.9996229055187613,7.309698695081281
80,1,4,32,-1,0,HEFT,27.020189456821825,24969.545935073573,0.001885502995304133,0.9996606670472993,6.016659616574651
80,1,4,32,-1,0,GA,45.4979538330697,34259.081984719785,0.0021689751566952224,0.9996096606740201,6.842392514603125
80,1,4,32,-1,1,HEFT,26.234296583864793,24792.75746308682,0.0019016521414577184,0.9996577611916035,4.922377098092975
80,1,4,32,-1,1,GA,41.29763537338143,33171.55559272712,0.0022368557634817377,0.9995974470087788,6.453778765201356
80,1,4,32,-1,2,HEFT,25.917454810029298,23831.825620157884,0.0017932200223651983,0.999677272483706,5.535181028778541
80,1,4,32,-1,2,GA,44.44360359349473,33606.75679564554,0.002137004265599943,0.9996154132046601,6.2988763498185305
80,2,0.8,4,-1,0,HEFT,156.09063373451903,26195.015200885045,0.002416364958866684,0.9995651488825692,23.960622044887963
80,2,0.8,4,-1,0,GA,203.65472571444963,28258.048678412593,0.002387935638775066,0.9995702639480194,5.05554898254818
80,2,0.8,4,-1,1,HEFT,132.911859077759,23703.164297172792,0.002238164736620202,0.9995972114884902,6.849018834126747
80,2,0.8,4,-1,1,GA,195.48693994014354,26267.448275183593,0.0021814050591804526,0.9996074241674131,19.25876764003416
80,2,0.8,4,-1,2,HEFT,139.2787135645356,23981.02003668549,0.002234579042065605,0.9995978566537479,17.116328461155415
80,2,0.8,4,-1,2,GA,215.06002176292992,28985.224633339854,0.0024111555024185034,0.9995660861774085,10.372220040478796
80,2,0.8,8,-1,0,HEFT,119.17778618223909,27296.979028991613,0.0020485673844310927,0.9996313258478252,17.15666992241868
80,2,0.8,8,-1,0,GA,163.7208709608188,32201.877028849383,0.002129802767003977,0.9996167089767187,9.910875951600099
80,2,0.8,8,-1,1,HEFT,143.217402119014,31850.530322341845,0.0023387157259582045,0.9995791197642739,21.023475076082313
80,2,0.8,8,-1,1,GA,180.46416331368954,35849.32191427049,0.002393380133870323,0.9995692843605275,13.598191710187784
80,2,0.8,8,-1,2,HEFT,120.5094072481756,28947.22882229923,0.0022452617217667142,0.999595934546525,21.056278735906723
80,2,0.8,8,-1,2,GA,161.13194468823136,33735.86256225673,0.0023601028258638914,0.9995752717139512,10.926390589729403
80,2,0.8,16,-1,1,HEFT,109.17392158670319,34430.00907442339,0.0017401312829168447,0.9996868254184753,16.444996477704404
80,2,0.8,16,-1,1,GA,142.3182478500221,42640.68381106072,0.0019787571348651783,0.999643887138967,9.447089247603826
80,2,0.8,16,-1,2,HEFT,112.61493576973942,36875.21268350725,0.001970690570506109,0.9996453386045355,18.807765131350934
80,2,0.8,16,-1,2,GA,158.15110373374026,48959.65094985269,0.0024024081437951615,0.9995676600199921,13.386762583955445
80,2,0.8,32,-1,0,HEFT,84.56126367578572,44350.807947706104,0.0015347910460212378,0.9997237757686556,10.945196795686352
80,2,0.8,32,-1,0,GA,112.3747402532582,58601.282061019585,0.0019960441606935967,0.9996407765872612,6.76797515421553
80,2,0.8,32,-1,1,HEFT,95.48450673996362,50696.388195670246,0.0018127051172511905,0.999673766304684,13.60720288020036
80,2,0.8,32,-1,1,GA,141.67357007156852,72355.80397651624,0.0023195288202886204,0.9995825719596854,7.605993326352816
80,2,1,4,-1,0,HEFT,108.00947112908588,19995.22206989183,0.0019135358469891098,0.9996556228589673,4.578417548472015
80,2,1,4,-1,0,GA,141.07126125700108,20696.416776315757,0.001799095120927611,0.9996762153078146,16.356090846133572
80,2,1,4,-1,1,HEFT,122.34681251589379,22410.45336986451,0.0021366674895480116,0.9996154738010371,2.7500935532735533
80,2,1,4,-1,1,GA,164.09659092807263,24192.69918897785,0.002108018452768781,0.9996206286580148,12.509903225389499
80,2,1,4,-1,2,HEFT,130.6856767949574,23677.18472274624,0.0022486139840553333,0.9995953313833101,7.799751002619455
80,2,1,4,-1,2,GA,193.4076988485462,27843.613449135708,0.0023979384889412777,0.9995684642103548,18.337320642432417
80,2,1,8,-1,0,HEFT,91.6001903983545,24043.787287022686,0.0019703060734858726,0.9996454077894559,17.56859798179984
80,2,1,8,-1,0,GA,142.0142907811229,29874.56935443127,0.0020983459224087173,0.999622369054487,9.000100194620906
80,2,1,8,-1,1,HEFT,92.94193951605538,23905.045075045753,0.0019357388735793848,0.9996516276984827,7.328099203628303
80,2,1,8,-1,1,GA,145.39789315285088,30401.20558367201,0.0021244196177000424,0.9996176775726672,12.981537016682566
80,2,1,8,-1,2,HEFT,104.59799629475238,26262.537895894697,0.0020957532624804225,0.9996228355571507,9.245500428133644
80,2,1,8,-1,2,GA,135.92647215174313,29245.887620829482,0.0020926287201889072,0.9996233977627981,12.160907315840538
80,2,1,16,-1,0,HEFT,92.48936660133748,32381.869522934783,0.0018893942035501275,0.999659966867735,18.443573657429685
80,2,1,16,-1,0,GA,128.30046286687664,41922.328244636185,0.0022336743377514043,0.9995980194350504,8.968535723002216
80,2,1,16,-1,1,HEFT,84.28279745247909,31003.49929090668,0.0019148840025879441,0.9996553802745582,14.331543374982024
80,2,1,16,-1,1,GA,122.49669486108372,39932.74279687087,0.002120591393222584,0.9996183663898582,8.120716341777761
80,2,1,16,-1,2,HEFT,94.4800249944436,32234.109567430452,0.0018209230967050755,0.9996722875520517,19.354268418777796
80,2,1,16,-1,2,GA,137.8609323053407,44732.791449654746,0.0023596243471614123,0.9995753578035409,9.27513138719983
80,2,1,32,-1,0,HEFT,84.64727683201298,46068.257437824024,0.0017524164256241654,0.9996846147877624,13.843102472493817
80,2,1,32,-1,0,GA,116.88569372684103,62471.554901691336,0.002272280169326148,0.9995910732028849,6.563527697674736
80,2,1,32,-1,1,HEFT,93.658844636337,49951.44772463352,0.0018070350625684908,0.9996747865820889,15.186467197049545
80,2,1,32,-1,1,GA,122.32118532495787,63976.76563900391,0.002197084040596911,0.9996046030626732,7.503641539901553
80,2,1,32,-1,2,HEFT,85.46631724927654,45825.04377948478,0.001680358909013254,0.999697581134184,14.73879220036798
80,2,1,32,-1,2,GA,117.89429120439756,61817.18335163948,0.0021376970967895113,0.9996152885430154,6.426145236288565
80,2,2,4,-1,0,HEFT,107.83065151933947,22221.686935842954,0.002202301765234452,0.9996036642440319,2.046977208527091
80,2,2,4,-1,0,GA,135.22492989149046,23547.31477317982,0.0022036845140036535,0.9996034154479303,4.853989476918784
80,2,2,4,-1,1,HEFT,100.23476104254067,21057.79538873345,0.0020990344778671188,0.9996222451613161,2.2255231991499684
80,2,2,4,-1,1,GA,124.97250522185197,21895.483888953248,0.002053850599264128,0.9996303752202086,6.153534412297902
80,2,2,4,-1,2,HEFT,124.14349347425392,25932.63293249244,0.0025805872410501612,0.9995356021626832,2.5042260847014792
80,2,2,4,-1,2,GA,167.17962836413523,27426.908905606397,0.0025067553932981794,0.999548885811823,17.392232933818548
80,2,2,8,-1,0,HEFT,59.470794167371764,21181.71843454549,0.00199903387525553,0.9996402386321004,4.729738548255155
80,2,2,8,-1,0,GA,86.38203590452385,23829.80394994768,0.002007380943554702,0.9996387367014665,12.056864829182073
80,2,2,8,-1,1,HEFT,59.98609776948007,20872.40836989246,0.0019526799720959137,0.999648579367723,4.499903846371432
80,2,2,8,-1,1,GA,88.24636961315362,23849.499762386884,0.0019868021032976918,0.9996424395613817,11.984012033030497
80,2,2,8,-1,2,HEFT,65.38497049922043,24261.137211392226,0.002323537473316159,0.9995818507035991,5.86334379035167
80,2,2,8,-1,2,GA,100.46247618202405,28713.51803477069,0.0024637106358264054,0.9995566304029131,8.866735483278838
80,2,2,16,-1,0,HEFT,52.96393977719851,23986.017596063,0.0017851345166461094,0.9996787274060999,9.440671643577346
80,2,2,16,-1,0,GA,74.62515731212578,30394.995198414603,0.002075835270605485,0.9996264194498897,8.763033862745367
80,2,2,16,-1,1,HEFT,46.61912318507781,22068.22212157283,0.0016947481227439134,0.9996949918623486,5.948018060584495
80,2,2,16,-1,1,GA,64.59626196996668,26582.029251208143,0.0018319828104618272,0.9996702974579501,7.327211028279831
80,2,2,16,-1,2,HEFT,49.73781949152755,24319.363123283674,0.0019082302042519878,0.9996565775462297,7.886114422208137
80,2,2,16,-1,2,GA,73.90756792825654,30099.58488123173,0.0020554692298457985,0.9996300839744386,6.334909372127272
80,2,2,32,-1,0,HEFT,50.99197330293989,31841.4298577677,0.0015840454921755534,0.9997149124565873,10.020233180926171
80,2,2,32,-1,0,GA,63.76867996198474,39914.84266947006,0.001993238961765882,0.9996412813418096,6.935623825157226
80,2,2,32,-1,1,HEFT,49.9403132371951,32286.81039569168,0.0016937635804404085,0.9996951690259254,7.8315568163892895
80,2,2,32,-1,1,GA,63.49759278712282,40432.88364638934,0.002073618606735682,0.9996268183004067,6.041423060827889
80,2,2,32,-1,2,HEFT,54.607852579279154,34845.93038951265,0.0017928313952286121,0.9996773424140176,8.479176934745633
80,2,2,32,-1,2,GA,82.09271592764183,48294.099885277814,0.002166730874555988,0.9996100644872009,6.92493986656841
80,2,4,4,-1,0,HEFT,107.44811130269717,23337.688654691145,0.002348860376248279,0.9995772944974306,0.4599151715125435
80,2,4,4,-1,0,GA,129.55767422704713,24222.24794922681,0.002326030954306014,0.9995814020647976,7.18322331995324
80,2,4,4,-1,1,HEFT,110.90651768142081,24146.5949891973,0.0024319227571691342,0.9995623497005528,1.306250050134536
80,2,4,4,-1,1,GA,127.42853428147964,24303.02420304432,0.0023496711314642503,0.9995771486231899,18.736648539592835
80,2,4,4,-1,2,HEFT,87.90959635630307,19221.107218578785,0.001938171394505973,0.9996511899973485,0.8103673491741554
80,2,4,4,-1,2,GA,100.3260674662516,18960.752699621717,0.0018275324885325115,0.9996710982521068,15.445560978349501
80,2,4,8,-1,0,HEFT,54.16708934421557,22315.807137490156,0.002211339348894762,0.9996020381250409,1.5723287782512543
80,2,4,8,-1,0,GA,84.11525709304681,25017.837561594977,0.0021889887442716393,0.9996060596409195,14.389241002823361
80,2,4,8,-1,1,HEFT,54.855634775443626,22065.116668203103,0.0021704103010026505,0.9996094024489127,2.03830845121948
80,2,4,8,-1,1,GA,82.93410325344753,25350.343030157797,0.002246598077238609,0.9995956940997643,7.693404911406318
80,2,4,8,-1,2,HEFT,59.975677868305674,23666.749098355147,0.0023138351450901554,0.9995835963939397,2.8830573817215996
80,2,4,8,-1,2,GA,88.89679454002824,26527.902823405017,0.002324781724491254,0.999581626832063,10.090759348382479
80,2,4,16,-1,0,HEFT,38.2695318456006,22254.860566348274,0.0019259832625313903,0.9996533830982673,2.9396767373909403
80,2,4,16,-1,0,GA,59.87032872736,27197.544085207952,0.0020287391433533373,0.999634893621758,8.352202436700761
80,2,4,16,-1,1,HEFT,37.464622205016504,23623.95188411424,0.0021228351964794672,0.9996179626594911,2.8342080802956575
80,2,4,16,-1,1,GA,60.09244687836933,28510.870895435502,0.0021929097021690692,0.9996053541467786,8.93648475680704
80,2,4,16,-1,2,HEFT,36.28691859454947,21789.395378623132,0.0019150267452803147,0.9996553545897291,2.6385664063727923
80,2,4,16,-1,2,GA,60.477540570996,27328.79510516939,0.0020306340200953693,0.9996345526685319,9.523258318059066
80,2,4,32,-1,0,HEFT,37.65942924027671,28995.79927294623,0.001877852512232555,0.9996620436679088,6.297238951895881
80,2,4,32,-1,0,GA,51.09152146707562,36326.911596754755,0.0021586262730488004,0.9996115227476866,6.167721463571861
80,2,4,32,-1,1,HEFT,34.87134502046713,25641.465661696515,0.0015827996348626787,0.9997151366469962,6.350445745439086
80,2,4,32,-1,1,GA,47.132935221082846,33282.24990393511,0.0019616541058190304,0.9996469645926226,5.17651279195494
80,2,4,32,-1,2,HEFT,37.10126418681259,29234.21226179639,0.0019363471335995294,0.999651518249827,7.569078245565651
80,2,4,32,-1,2,GA,52.09559162742701,38336.46041473502,0.0023684435697419954,0.999573771018838,7.60540209989859
80,5,0.5,16,-1,0,HEFT,189.13196458132447,50289.93507155895,0.0018057619989592588,0.9996750156590429,22.378705699014308
80,5,0.5,16,-1,0,GA,301.47457168195984,74337.36738772303,0.0021258720445460925,0.9996174162358219,9.0800745894823
80,5,0.8,4,-1,1,HEFT,173.88001059511203,25645.991707530597,0.0022351099740265147,0.9995977611244321,19.084458383531995
80,5,0.8,4,-1,1,GA,250.09934855947228,29293.373194279535,0.0022336698273158744,0.9995980202466018,8.774035268130852
80,5,0.8,4,-1,2,HEFT,187.9531464208217,25917.75145633211,0.002182945791748407,0.9996071469444637,17.528865085269803
80,5,0.8,4,-1,2,GA,203.55074994617567,26733.858759390878,0.0021916566875935977,0.9996055796004184,13.235417495555158
80,5,0.8,8,-1,0,HEFT,149.671317546662,29816.00480782557,0.0019958085689077546,0.9996408189785501,26.963346761138148
80,5,0.8,8,-1,0,GA,229.3869578835312,38426.443755009415,0.0021195472607481174,0.9996185542619972,12.236646956245403
80,5,0.8,8,-1,1,HEFT,164.34737646286618,31532.73789701789,0.002035580071909915,0.9996336627049558,22.94204763717465
80,5,0.8,8,-1,1,GA,232.59896105577081,38944.64174882708,0.002146659106908667,0.9996136760030965,10.474439797714489
80,5,0.8,8,-1,2,HEFT,185.2070453195073,34374.630105161355,0.0021440250328796703,0.9996141499533645,36.6798378988714
80,5,0.8,8,-1,2,GA,244.16904725671827,41449.17434709715,0.002326737184812945,0.9995812749965276,10.839156270498904
80,5,0.8,16,-1,0,HEFT,142.66517002889208,40944.50209605743,0.0017510063889547994,0.9996848685143488,16.218547247415604
80,5,0.8,16,-1,0,GA,195.2397588704887,52852.89212787179,0.00198538222541834,0.9996426950480483,8.827348293466464
80,5,0.8,16,-1,1,HEFT,167.9214298997323,45690.709108222334,0.001737699556521154,0.9996872629922428,17.697239351535654
80,5,0.8,16,-1,1,GA,210.96922037612742,56436.64423417034,0.0020582111010276315,0.9996295906203141,9.876914577763445
80,5,0.8,16,-1,2,HEFT,149.84755711439354,43312.590141603956,0.0018787931751473373,0.9996618744058208,26.080786574586245
80,5,0.8,16,-1,2,GA,197.3533209399027,53673.57795157774,0.002038984538903931,0.9996330501255771,9.164925055084796
80,5,0.8,32,-1,0,HEFT,180.36873993102782,82934.03982987697,0.001766465593845257,0.9996820867382424,17.328174067567097
80,5,0.8,32,-1,0,GA,240.5550856733229,108472.9933511243,0.002080082745809858,0.9996256551902631,8.13665611068796
80,5,0.8,32,-1,1,HEFT,169.47806400518343,78211.10906100667,0.0016965804241623045,0.9996946621487433,18.367143349511707
80,5,0.8,32,-1,1,GA,227.30282141065732,103047.75559085971,0.0020366243112619246,0.9996334748107476,5.815905760090074
80,5,0.8,32,-1,2,HEFT,179.68573382945888,84520.83359390261,0.0020053632820917827,0.9996390997493916,17.118770005429898
80,5,0.8,32,-1,2,GA,228.98448106144807,108155.92061859499,0.0026131627766148493,0.9995297413065054,8.566426289252872
80,5,1,4,-1,0,HEFT,162.244993234234,25196.53910144225,0.002249196308294447,0.99959522660737,25.23180765694316
80,5,1,4,-1,0,GA,260.4930815241614,31261.40076303842,0.002423479696366753,0.9995638687875327,7.156369029433768
80,5,1,4,-1,1,HEFT,145.20927999016672,22258.420786936513,0.0019752422929468364,0.9996445195854097,6.84132390924628
80,5,1,4,-1,1,GA,199.56560196866263,24267.183588656524,0.001897678901054356,0.9996584761303676,9.73239273139515
80,5,1,4,-1,2,HEFT,164.45854200262167,24077.767599442483,0.0020909247523664912,0.9996237043615439,9.571179006674438
80,5,1,4,-1,2,GA,216.79626668722076,26332.081179489483,0.0020576047000649723,0.9996296997320628,6.522672859596739
80,5,1,8,-1,0,HEFT,163.62388340539775,33336.017725398306,0.0022775355191834786,0.9995901276271869,19.710017358611264
80,5,1,8,-1,0,GA,226.53199222236594,40936.10701803447,0.0024792035871689074,0.9995538429119964,11.598513886294242
80,5,1,8,-1,1,HEFT,145.76112404679387,27801.787915228248,0.001784072352291478,0.9996789185342774,23.980217440889145
80,5,1,8,-1,1,GA,179.23149855205892,31600.634635031463,0.0018597429940612157,0.9996653022848504,16.97775271439566
80,5,1,8,-1,2,HEFT,153.1694686554595,30373.29702372718,0.002024422226460345,0.9996356703833966,23.425328570019687
80,5,1,8,-1,2,GA,195.4159888456429,35390.31501184688,0.0021486279176569974,0.9996133217541325,15.653424800282675
80,5,1,16,-1,0,HEFT,126.8546035051142,38298.382162476526,0.0018013305283584753,0.9996758130648395,21.069604408216822
80,5,1,16,-1,0,GA,174.26994823176994,49701.96309461798,0.0020984668002736635,0.9996223473046895,10.649730351543342
80,5,1,16,-1,1,HEFT,132.3014455331237,38902.40786837843,0.0017442545640851013,0.9996860834605751,16.41333788098236
80,5,1,16,-1,1,GA,177.41089039936188,49165.971972793624,0.0019513024568625513,0.9996488272333602,6.913306871286513
80,5,1,16,-1,2,HEFT,147.68890173405708,40708.61462833444,0.0015959102707229307,0.9997127774075788,21.81151899192834
80,5,1,16,-1,2,GA,176.78114845967457,48408.4699059758,0.0018690554782581751,0.9996636266001354,7.8299100004931095
80,5,1,32,-1,0,HEFT,145.1823096609595,69253.01391164346,0.0017445745480406984,0.9996860258815449,17.712466896959295
80,5,1,32,-1,0,GA,183.92588766938908,87328.84357976171,0.0021577910484129603,0.99961167302973,6.570979818271749
80,5,1,32,-1,1,HEFT,154.24407535625093,72294.37140600506,0.0016879388203106841,0.9996962171636965,18.65269749548305
80,5,1,32,-1,1,GA,184.5216448673314,86636.59500968772,0.0020387963024072957,0.9996330839957142,7.1017379640659435
80,5,1,32,-1,2,HEFT,150.6432506218002,71503.3246212403,0.001764381961559306,0.9996824616728887,18.968795159296572
80,5,1,32,-1,2,GA,212.39420323315196,100060.13899517733,0.002390279709773511,0.9995698421966482,7.133912224111454
80,5,2,4,-1,0,HEFT,120.01579920457759,21351.033457120342,0.0020142474283334133,0.9996375011814786,5.443524456157691
80,5,2,4,-1,0,GA,157.71074025229925,22861.74715534885,0.001975663000418409,0.9996444438849874,5.173577089771648
80,5,2,4,-1,1,HEFT,129.71127939301303,24028.597546859266,0.002300058932299049,0.9995860750827515,14.080865010549683
80,5,2,4,-1,1,GA,176.01975543022652,25980.594649523533,0.0022650705928776048,0.9995923703968133,25.49177569680829
80,5,2,4,-1,2,HEFT,109.80200721956518,21809.792998141013,0.0021368600325067035,0.9996154391566322,5.102272670700095
80,5,2,4,-1,2,GA,163.4764335208502,23628.0800528549,0.002038916181376497,0.999633062425417,9.69991914993563
80,5,2,8,-1,0,HEFT,97.31912145791105,26144.77370908857,0.0021708188693965254,0.9996093289353306,6.44185837677108
80,5,2,8,-1,0,GA,136.02962961530082,29655.293939379248,0.002144244120970332,0.9996141105327255,13.868408020049607
80,5,2,8,-1,1,HEFT,109.15729794152824,28567.13998222627,0.002336955992227333,0.99957943638308,8.137914628988998
80,5,2,8,-1,1,GA,145.37921944141328,32204.68029093789,0.002357658297747056,0.9995757115422216,14.167318925319734
80,5,2,8,-1,2,HEFT,95.30711792109697,25468.451544446434,0.0021083938273929103,0.9996205611162171,5.240109095873825
80,5,2,8,-1,2,GA,146.7784345820142,30669.199864044378,0.002141921207257237,0.9996145284959315,10.28572837189067
80,5,2,16,-1,0,HEFT,78.72735721223177,29073.709963392612,0.0018033665863881284,0.999675446693273,13.798845867403934
80,5,2,16,-1,0,GA,101.2835944215608,34944.73907336024,0.0020023629127158345,0.999639639621115,8.841411271256618
80,5,2,16,-1,1,HEFT,81.6568570653793,30094.76457469991,0.0018626160230164196,0.9996647853128598,11.078448395479088
80,5,2,16,-1,1,GA,116.87318549435899,37924.82497752713,0.002000668393102094,0.9996399445247779,10.23264993450925
80,5,2,16,-1,2,HEFT,80.94568501401135,29181.15996807489,0.0017622207293778703,0.9996828505712277,15.32213660206314
80,5,2,16,-1,2,GA,100.31958354376526,34153.528148223035,0.0019240527271085412,0.9996537304742555,8.71630376033859
80,5,2,32,-1,0,HEFT,79.21778892076652,43526.38357135127,0.0016933788922192418,0.9996952382486998,10.454805111113643
80,5,2,32,-1,0,GA,101.38391028851494,55119.8634366862,0.0020915299594181478,0.999623595465273,6.261636085287469
80,5,2,32,-1,1,HEFT,97.0288880824396,50707.23096928569,0.0017374855226910699,0.9996873015062842,13.457441827318005
80,5,2,32,-1,1,GA,116.85191392674604,61785.32783070072,0.002185296238091763,0.9996067240304185,7.824040100359286
80,5,2,32,-1,2,HEFT,85.38308504321022,45656.05521039269,0.0016626551103100732,0.999700766859313,12.980918086568648
80,5,2,32,-1,2,GA,115.08827097811994,60018.718247814475,0.002044550670828995,0.9996320485899808,6.413896539058397
80,5,4,4,-1,0,HEFT,121.89295985448611,25259.960310214643,0.002507635431162701,0.9995487274764797,1.7531024349701434
80,5,4,4,-1,0,GA,158.775272772791,27029.741894654922,0.0025075618606667897,0.9995487407131927,12.65381719764978
80,5,4,4,-1,1,HEFT,117.09040238043464,24379.43517043829,0.0024236557953717605,0.9995638371035365,2.4179047514125416
80,5,4,4,-1,1,GA,154.6282438771128,27032.29320417044,0.0025336094958745515,0.9995440542656043,3.3803816581750166
80,5,4,4,-1,2,HEFT,109.64128981153158,22671.10792934065,0.00224913772847379,0.9995952371474692,2.2491221766853093
80,5,4,4,-1,2,GA,144.70543035663962,24012.91009063619,0.0022050451464492873,0.9996031706312496,11.151864750192932
80,5,4,8,-1,0,HEFT,78.37246090063931,25362.638716238893,0.00230476517697384,0.999585228309715,4.643345522339559
80,5,4,8,-1,0,GA,110.59585933632084,28408.550085917417,0.002298623719590519,0.9995863333141403,13.858371172410008
80,5,4,8,-1,1,HEFT,65.29248885928948,21759.681158129595,0.002001498995818838,0.9996397950701316,2.692087988075361
80,5,4,8,-1,1,GA,94.05424701217804,24722.592469544063,0.0020275690899709264,0.999635104154494,5.543185787741702
80,5,4,8,-1,2,HEFT,69.95099036329165,23300.93631216522,0.002142847705076127,0.9996143617906228,2.660497930147422
80,5,4,8,-1,2,GA,95.36249177118866,25785.63826519851,0.0021486872164295095,0.9996133110844807,9.192015590505344
80,5,4,16,-1,0,HEFT,52.89763292625947,23543.533217855613,0.001729610813438475,0.9996887185117204,6.090573151801564
80,5,4,16,-1,0,GA,79.46485075099801,29409.737349523275,0.001828486563996338,0.9996709265750221,7.063204804905427
80,5,4,16,-1,1,HEFT,66.67299678747575,30191.274426441134,0.002246777654166123,0.9995956617889857,6.079782816932005
80,5,4,16,-1,1,GA,101.53372007962071,37818.0262289719,0.0023673839759282595,0.999573961664449,11.32801464368376
80,5,4,16,-1,2,HEFT,60.798988043966425,27205.126396594394,0.002006682259968067,0.9996388624190863,7.768526674505378
80,5,4,16,-1,2,GA,81.72012365900866,32748.376736833696,0.002203890567739539,0.9996033783729675,9.091909295981903
80,5,4,32,-1,0,HEFT,62.47169997876378,39019.246469973616,0.0019418751522129619,0.9996505235537264,7.886557786874262
80,5,4,32,-1,0,GA,72.57114051007642,45461.84236004291,0.0022731943674642848,0.9995909087145246,7.242614643765845
80,5,4,32,-1,1,HEFT,54.888928393232725,35707.11452651417,0.001890150649032661,0.9996598307538561,9.32841528757882
80,5,4,32,-1,1,GA,68.90268448056139,44030.605838720454,0.0022702810075174266,0.9995914329049224,6.011910243018601
80,5,4,32,-1,2,HEFT,58.99633804152528,37008.6544399131,0.001854529797411808,0.999666240346615,9.206642837763606
80,5,4,32,-1,2,GA,79.56104908027491,48567.76242247884,0.0023276898676554618,0.9995811035854347,7.089223639353025
80,8,0.5,4,-1,0,HEFT,251.64228093927073,29568.97646559433,0.0022597089122105077,0.9995933351063936,44.08881170783487
80,8,0.5,4,-1,0,GA,388.7057019442509,37166.729229339755,0.0023913250046531933,0.9995696541245228,22.384067396602
80,8,0.8,4,-1,0,HEFT,219.64776428259717,26971.11363688603,0.0021224833270441046,0.9996180259717937,22.11347892590154
80,8,0.8,4,-1,0,GA,315.17353456837577,31068.251145214686,0.0020594213806114535,0.9996293728507073,22.589947408340493
80,8,0.8,4,-1,1,HEFT,258.12579911334655,31007.625309444382,0.0024053729912149545,0.9995671265783274,40.84044425131164
80,8,0.8,4,-1,1,GA,328.55226087627074,33848.118523139885,0.0023356085272711745,0.9995796788247968,17.44158287219379
80,8,0.8,4,-1,2,HEFT,263.3240139840859,28732.912428964028,0.0020792454467348713,0.9996258058476898,24.06302851391418
80,8,0.8,4,-1,2,GA,300.61281849181387,30606.221251069066,0.0020900266102664078,0.999623865966301,3.6870374801146713
80,8,0.8,8,-1,1,HEFT,233.65242410580802,38933.35067644506,0.002132134103654715,0.9996162894970541,30.33161080637702
80,8,0.8,8,-1,1,GA,315.04136451787144,48203.48811104693,0.00232035104875081,0.9995824240203525,14.161095963064017
80,8,0.8,8,-1,2,HEFT,235.18930520876225,39160.61827536022,0.0021424347513332095,0.9996144360936351,36.13744583508938
80,8,0.8,8,-1,2,GA,323.9240170586328,50235.23075808884,0.002472677664142131,0.9995550170547457,11.558118320684535
80,8,0.8,16,-1,1,HEFT,247.16171704822972,64254.15142777508,0.002170426583270669,0.9996093995192493,27.03358125706765
80,8,0.8,16,-1,1,GA,337.6462019372979,83538.41023235596,0.0024173565194308476,0.9995649704792968,12.782013779367043
80,8,0.8,16,-1,2,HEFT,241.82359978690596,62473.479750821905,0.0020727840557798398,0.9996269684635306,38.11798991449222
80,8,0.8,16,-1,2,GA,329.6306132403355,80475.2482383638,0.002220435464627827,0.9996004014771321,11.852713759522146
80,8,0.8,32,-1,0,HEFT,207.4227223237079,94039.61446946189,0.0018590812787025908,0.9996654213537569,16.176928266672004
80,8,0.8,32,-1,0,GA,326.5327793443608,142934.63333707728,0.0022669310166463503,0.9995920356570963,6.857904509530251
80,8,0.8,32,-1,1,HEFT,227.5471528207972,100103.40439402041,0.0016440953114772987,0.9997041066290153,17.560501442874767
80,8,0.8,32,-1,1,GA,308.60284299654586,133715.4890525372,0.001965374333574105,0.999646295188258,6.726506339030915
80,8,0.8,32,-1,2,HEFT,246.19267342158759,109053.19111096417,0.0018753494208106644,0.999662494072198,21.82443139145569
80,8,0.8,32,-1,2,GA,319.28277676567865,139321.4720868769,0.002159804368069288,0.9996113107729858,8.158121937226388
80,8,1,4,-1,0,HEFT,290.952551397272,35351.43464275744,0.0027630119090036676,0.9995027815104821,3.6427419671233805
80,8,1,4,-1,0,GA,356.36943676827815,37875.24898719815,0.002683400002883825,0.9995171046309974,9.441852620804122
80,8,1,4,-1,1,HEFT,215.0338431763477,28245.38783280961,0.0023157317003029616,0.9995832551562116,21.265098848826057
80,8,1,4,-1,1,GA,311.2072567646041,31960.991153452625,0.002199359538598402,0.999604193635067,6.243801251765768
80,8,1,4,-1,2,HEFT,227.22347222676024,28788.12846381871,0.0023102586300948603,0.9995842398987769,21.627946774550818
80,8,1,4,-1,2,GA,305.77579712477694,32206.63843766959,0.002264780384454819,0.9995924226130369,7.137949533496724
80,8,1,8,-1,0,HEFT,217.49962963920677,37052.82545862023,0.00208951692677731,0.9996239576748258,32.68274830582164
80,8,1,8,-1,0,GA,326.5751173112077,50501.23393398759,0.0024741631359317387,0.9995547497888411,18.40994736052554
80,8,1,8,-1,1,HEFT,204.0214040357155,36742.50987258241,0.0022165962642317462,0.9996010922572965,23.72811560636177
80,8,1,8,-1,1,GA,305.9913214950889,47289.05523862232,0.0023144558624152178,0.9995834847113516,16.70787137631068
80,8,1,8,-1,2,HEFT,173.4713441816497,32432.483066277968,0.0020386607267234625,0.9996331083903832,29.66769133706954
80,8,1,8,-1,2,GA,254.2842783962517,41284.12316128098,0.002179952511013026,0.9996076855234752,8.565572490804929
80,8,1,16,-1,0,HEFT,175.60534859732664,47623.68520748573,0.0017968292347285547,0.9996766230353545,20.597870984404747
80,8,1,16,-1,0,GA,237.0847535806234,61051.30471277877,0.0020065932849223614,0.9996388784288103,8.242561857458073
80,8,1,16,-1,1,HEFT,233.88461548881114,59974.60693549964,0.0019468683154583856,0.9996496250988445,28.461129955112217
80,8,1,16,-1,1,GA,297.4030896407831,75257.36330549954,0.002345732570344856,0.999577857264666,8.068376750477285
80,8,1,16,-1,2,HEFT,203.35488453535316,52922.3006110524,0.001793044286855891,0.9996773041058901,25.008897511755016
80,8,1,16,-1,2,GA,301.32092970299345,74814.52746736517,0.0021913319075439826,0.9996056380377706,10.276256497462436
80,8,1,32,-1,0,HEFT,185.33630320545885,83668.27701617792,0.001614875527814177,0.9997093646476329,16.495656144824405
80,8,1,32,-1,0,GA,265.90770069324975,118684.00926665048,0.002141531292046843,0.9996145986536181,7.261551884991699
80,8,1,32,-1,1,HEFT,195.93686570429577,88663.52181708773,0.0017343366132607444,0.9996878681329041,21.80451833749631
80,8,1,32,-1,1,GA,281.6701210113361,125655.00153591717,0.002260164737411384,0.9995932530912279,6.2806709027402015
80,8,1,32,-1,2,HEFT,190.1233020828617,85723.89274383849,0.001642964437211835,0.9997043101261722,24.05632771667746
80,8,1,32,-1,2,GA,287.5233646240099,126196.92379295087,0.00203978705133476,0.9996329057263577,7.332239544350172
80,8,2,4,-1,0,HEFT,139.45177068590257,23591.33543364684,0.0021831589716697058,0.9996071085871527,7.807347582155451
80,8,2,4,-1,0,GA,179.68243899929314,24938.79657457699,0.0021077570416809972,0.9996206756941601,13.458614155562325
80,8,2,4,-1,1,HEFT,135.68806656056935,23040.97543971002,0.0021353938300778673,0.9996157029716117,5.287657754916328
80,8,2,4,-1,1,GA,185.2818352897039,24905.69954653627,0.002068756001631845,0.9996276932430739,10.17543827563114
80,8,2,4,-1,2,HEFT,169.29526586828973,26117.528445265452,0.0023244645586030428,0.99958168389804,9.634223405226528
80,8,2,4,-1,2,GA,210.94292435140966,26774.348814776204,0.0021510450188512325,0.9996128868442472,19.053876650993566
80,8,2,8,-1,0,HEFT,148.12665608899636,32616.311642776716,0.0023767639093324375,0.9995722739971793,19.682407116866553
80,8,2,8,-1,0,GA,211.2347381278422,39942.450407640965,0.0025405575642594453,0.9995428041843069,15.727124103895974
80,8,2,8,-1,1,HEFT,117.15099368539154,25870.705943532186,0.0018894328875626093,0.9996599599069805,8.71259480924073
80,8,2,8,-1,1,GA,165.03668007212121,31077.07619655286,0.0019681595490477037,0.9996457940269239,11.755038790016586
80,8,2,8,-1,2,HEFT,148.77959176795366,31760.77543478938,0.0022581310885097967,0.9995936189992048,16.049138909056623
80,8,2,8,-1,2,GA,209.41973714626636,37936.63250110741,0.002303919604013674,0.9995853804497302,16.20039894299887
80,8,2,16,-1,0,HEFT,107.61517316871662,35315.24804105604,0.001893169869853029,0.9996592874791247,12.694958509273777
80,8,2,16,-1,0,GA,153.27791989775815,45159.142535964646,0.0020322715653223614,0.9996342580181526,7.691492133044855
80,8,2,16,-1,1,HEFT,115.20794460586893,37734.214254334925,0.0020173499857891594,0.9996369429237341,17.747257775297232
80,8,2,16,-1,1,GA,144.91004791864194,44691.14288644708,0.0021793816131870573,0.9996077882447743,8.328770427255481
80,8,2,16,-1,2,HEFT,127.7557034903994,38418.4057548356,0.0017944845845838397,0.9996770449359925,16.475451491650105
80,8,2,16,-1,2,GA,171.3844193581871,48682.86554375729,0.0020383794608508222,0.9996331589996674,10.834391934746186
80,8,2,32,-1,0,HEFT,126.13620968653508,62419.846083750104,0.0018066591168114513,0.9996748542303202,18.140146427658355
80,8,2,32,-1,0,GA,162.4416767872556,79128.31375414866,0.0021641744015300415,0.9996105244730165,7.440599533447753
80,8,2,32,-1,1,HEFT,128.26991010579425,61502.246710639425,0.001582248220932097,0.9997152358732345,15.015732983075145
80,8,2,32,-1,1,GA,157.3926573775323,75844.1473629202,0.0019903574844893786,0.9996417998218002,6.214856625990658
80,8,2,32,-1,2,HEFT,127.79138216117552,62071.74449748941,0.001679567667648322,0.9996977235145682,13.536015269396742
80,8,2,32,-1,2,GA,166.9646417339754,79723.95539130892,0.002016735525253535,0.9996370534864818,6.581645811523492
80,8,4,4,-1,0,HEFT,111.00432871367572,20977.750211158032,0.0020219047070932296,0.9996361233718882,8.392417731318716
80,8,4,4,-1,0,GA,138.7832624970775,21960.22399536765,0.0019765668469648493,0.999644281250468,10.630701156266532
80,8,4,4,-1,1,HEFT,110.45174757923897,21289.638258048984,0.0020656271801350796,0.9996282562214232,5.754491793403135
80,8,4,4,-1,1,GA,159.83618245059532,23996.005948936974,0.0021090270273008273,0.999620447183488,11.945415525904323
80,8,4,4,-1,2,HEFT,133.98817063538488,25174.742220031578,0.002421616282885414,0.9995642040557301,3.321235201023931
80,8,4,4,-1,2,GA,179.32339520932442,27834.856079102225,0.0024841515644773446,0.9995529526738416,7.990131992452665
80,8,4,8,-1,0,HEFT,91.4454342353019,24974.439969531835,0.002092464894437061,0.9996234272403278,5.178709988412594
80,8,4,8,-1,0,GA,118.81174309733908,27792.970448784567,0.0021171890324857903,0.9996189785812571,11.585211389500524
80,8,4,8,-1,1,HEFT,96.487274935158,24127.611441849727,0.0019205210656427078,0.999654365953399,5.3354390137602286
80,8,4,8,-1,1,GA,119.40342676118485,26441.81207686282,0.001935282055269907,0.9996517098971358,11.058392791445929
80,8,4,8,-1,2,HEFT,97.70402951260904,26063.423892491814,0.0021555345037831196,0.9996120790501151,6.719848284400887
80,8,4,8,-1,2,GA,126.13594565432817,28567.10334916209,0.002126363380664933,0.9996173278291604,11.87265457925596
80,8,4,16,-1,0,HEFT,91.76373534797754,33965.86946960119,0.0021120455145722866,0.999619904062148,9.565143584918193
80,8,4,16,-1,0,GA,124.60038356901111,42315.273209915715,0.0023762273339361217,0.9995723705394438,11.00742285299461
80,8,4,16,-1,1,HEFT,93.47105226422256,34549.63985601688,0.0021451159975821896,0.999613953655509,11.947798289780067
80,8,4,16,-1,1,GA,121.10431778876921,40375.36315204952,0.002212317071912898,0.9996018622049511,12.178387436606629
80,8,4,16,-1,2,HEFT,106.84589348502973,38035.37278339427,0.002263690081946842,0.9995926187875189,10.245130824499295
80,8,4,16,-1,2,GA,128.84675227561965,43392.46639405237,0.0024100633019552187,0.9995662826882055,10.824519625205035
80,8,4,32,-1,0,HEFT,82.8171237854584,44474.15331757511,0.0016372581116226204,0.9997053369615906,11.027531517670273
80,8,4,32,-1,0,GA,101.2777437955411,53550.93004142954,0.0018940925612327864,0.9996591214512769,5.974545466658808
80,8,4,32,-1,1,HEFT,87.21918593530145,46657.13158754084,0.0017008997659412248,0.9996938849049198,10.330702532755428
80,8,4,32,-1,1,GA,106.93451652387358,56777.38725946375,0.0020303014101158002,0.9996346125164511,6.973935662842447
80,8,4,32,-1,2,HEFT,83.57116802747174,45587.02506285571,0.001743630043967256,0.9996861958389143,10.499275866849294
80,8,4,32,-1,2,GA,101.295990082575,55146.19512463334,0.002099293918982499,0.9996221984795572,7.111460327736418
80,10,0.5,8,-1,2,HEFT,224.7093094245232,38058.15502889258,0.0021299820832220095,0.9996166767121719,35.26596285921671
80,10,0.5,8,-1,2,GA,433.4911564812957,59936.04275710537,0.002367040275827,0.9995740235041126,17.783357624104315
80,10,0.8,4,-1,0,HEFT,320.2981254917546,34195.402262443284,0.0024316656639326952,0.9995623959570843,28.073503344786218
80,10,0.8,4,-1,0,GA,412.8265157703348,38301.187311757836,0.002388309374002812,0.9995701967045909,8.89265405341345
80,10,0.8,4,-1,2,HEFT,234.5529844442845,28127.22946200439,0.0021794168228267095,0.9996077819095254,19.69298847406178
80,10,0.8,4,-1,2,GA,317.03459751698614,32042.426357487515,0.002173742335487362,0.9996088029171519,18.537026930657937
80,10,0.8,8,-1,2,HEFT,248.13381334049447,39633.259532014505,0.002042947474331659,0.9996323370592101,27.686461319384613
80,10,0.8,8,-1,2,GA,332.6884680904515,47797.39783334198,0.0020490058006018908,0.999631246962012,9.550967016814232
80,10,0.8,16,-1,0,HEFT,255.80820789190486,63839.94609867182,0.0019024250882979442,0.9996576221087982,27.031960768165153
80,10,0.8,16,-1,0,GA,351.2193151520232,83730.64184029595,0.002105495262416987,0.9996210826600803,11.845081565978322
80,10,0.8,16,-1,1,HEFT,198.12608072115117,50468.23760885121,0.001605688644753254,0.9997110178073442,29.420254133921667
80,10,0.8,16,-1,1,GA,320.6932836141736,75818.72205496274,0.0018405182947081914,0.9996687615785157,7.978438422124909
80,10,0.8,16,-1,2,HEFT,281.6407665964432,70793.54140685534,0.002160014757149642,0.9996112729176714,32.11410857289325
80,10,0.8,16,-1,2,GA,481.9634451332849,112040.86438291986,0.0025198815138668174,0.9995465241787593,10.999331650251204
80,10,0.8,32,-1,0,HEFT,259.55926714139395,112121.98646184312,0.001608685772551401,0.9997104784803873,21.294872374685447
80,10,0.8,32,-1,0,GA,372.9825677027596,158973.62742518785,0.002034666851075995,0.9996338270245007,6.066408863801362
80,10,0.8,32,-1,1,HEFT,245.69835432154343,108564.66550931278,0.0018367567764651282,0.9996694384277557,22.498034763770377
80,10,0.8,32,-1,1,GA,391.25746802916547,167740.41131014828,0.002260664546117409,0.999593163162257,8.596199505047602
80,10,0.8,32,-1,2,HEFT,251.01002980219204,109733.11662174694,0.0017241944674037744,0.9996896931509998,20.316561941003986
80,10,0.8,32,-1,2,GA,397.0354418547254,169291.26569211573,0.0021743741627779332,0.9996086892327378,6.703936203188814
80,10,1,4,-1,0,HEFT,220.13544654964323,26442.429055421268,0.002051153439410645,0.9996308605296517,31.063240577984633
80,10,1,4,-1,0,GA,311.65071840918336,30234.41485427358,0.0019735375155856298,0.9996448263362988,6.392077176601864
80,10,1,4,-1,1,HEFT,327.7509170890871,36324.5036260388,0.002660524496868554,0.9995212202421885,25.514505954549566
80,10,1,4,-1,1,GA,413.9269317797424,40379.390931667585,0.002649986848351415,0.9995231161125817,12.542609071811643
80,10,1,4,-1,2,HEFT,299.0238798404211,36789.56365658327,0.002898761941116674,0.9994783589526229,25.50417305124823
80,10,1,4,-1,2,GA,359.2417284484216,38779.06012192408,0.0027823588057364133,0.9994993008066652,31.79815392856864
80,10,1,8,-1,0,HEFT,245.45145848193067,38915.838367254655,0.0019835269189908667,0.9996430288839366,36.7057767485255
80,10,1,8,-1,0,GA,317.83347920093485,47493.76823240123,0.0021940250942004504,0.9996051534554666,13.691324474462405
80,10,1,8,-1,1,HEFT,230.67157008865334,39230.98064904395,0.0022075594212575237,0.9996027182414782,26.803102231223143
80,10,1,8,-1,1,GA,347.34360969825343,50747.86012765436,0.002248433281217317,0.9995953638966592,16.021254207533488
80,10,1,8,-1,2,HEFT,222.29656515656774,36169.269932343,0.0019158655913840438,0.9996552036494802,31.315376868259527
80,10,1,8,-1,2,GA,307.34966676592006,45357.08348005525,0.0020479994147967603,0.9996314280446736,14.74547290748824
80,10,1,16,-1,0,HEFT,259.109773316157,65998.36774374174,0.002099391636568424,0.9996221808970377,29.565380843337504
80,10,1,16,-1,0,GA,346.63958262605246,85891.40773076564,0.002498269750202011,0.9995504125397078,9.811794429187918
80,10,1,16,-1,1,HEFT,209.31942830920323,52663.06907767711,0.0016115941656731378,0.9997099551213301,34.48716680519462
80,10,1,16,-1,1,GA,299.2764137177286,72644.47719485938,0.0019616803308857237,0.9996469598737773,9.343762098725925
80,10,1,16,-1,2,HEFT,183.28561391234993,46305.342421852416,0.0014359825000880137,0.9997415565522472,26.936946532058048
80,10,1,16,-1,2,GA,234.60434782958595,56849.09336355438,0.0015252013669604491,0.9997255014355743,8.08284196260018
80,10,1,32,-1,0,HEFT,223.78681334353206,99742.75678874415,0.0017840594915798256,0.9996789208484624,26.318775723897758
80,10,1,32,-1,0,GA,345.8596113120418,149131.70767347512,0.002108736037422618,0.9996204995417859,6.612643273093581
80,10,1,32,-1,1,HEFT,273.51853227124747,119842.5354023113,0.0019136200271514566,0.9996556077117565,18.50001742021831
80,10,1,32,-1,1,GA,370.67294016608946,162446.32302731575,0.002597921705883386,0.9995324834128952,7.9095799430679286
80,10,1,32,-1,2,HEFT,238.630542246014,105624.64426773027,0.0018075602125660062,0.999674692085836,23.364141475199748
80,10,1,32,-1,2,GA,335.587058393818,145256.5141424967,0.002117711074841162,0.9996188846494414,7.460132705073606
80,10,2,4,-1,0,HEFT,180.556972366996,26715.651204881957,0.002331901360628701,0.9995803458345388,9.198388238429386
80,10,2,4,-1,0,GA,252.9537743267054,29718.59440924305,0.0022709061035608774,0.9995913204336128,26.108535438553982
80,10,2,4,-1,1,HEFT,144.2408931642125,23588.54812538359,0.0021530988699614197,0.9996125172942294,6.897922947397014
80,10,2,4,-1,1,GA,209.24129356387522,26966.6801985271,0.0021864467839097014,0.9996065170136408,12.137736805509768
80,10,2,4,-1,2,HEFT,159.42108153970486,23174.78923404728,0.002005500945754709,0.9996390749788763,15.812214441225649
80,10,2,4,-1,2,GA,213.74834888566627,25622.769020956282,0.0019848641181452586,0.9996427882740396,11.752426030978402
80,10,2,8,-1,0,HEFT,169.71826620574558,32264.73494060385,0.002063537646621741,0.9996286321977071,19.331771415304857
80,10,2,8,-1,0,GA,216.77422756478543,37266.087878418126,0.002126067446020508,0.9996173810770134,11.403304751263239
80,10,2,8,-1,1,HEFT,143.5835865062286,30421.128882156914,0.002149496715446895,0.9996131654310124,15.431622445058531
80,10,2,8,-1,1,GA,183.7067091618562,34689.3919887443,0.002203300763463321,0.9996034844956361,12.542740103227958
80,10,2,8,-1,2,HEFT,152.876161135121,30983.80013028698,0.0021069365195497884,0.9996208233321301,19.515153517318783
80,10,2,8,-1,2,GA,200.593526671954,35375.44710165538,0.0020824894756004907,0.9996252221411648,13.163189685560747
80,10,2,16,-1,0,HEFT,144.89221556555577,41976.25643686298,0.001829063442929751,0.9996708227709893,24.267483886741946
80,10,2,16,-1,0,GA,182.430996195387,51463.31467932885,0.0021235870038520087,0.9996178273858718,8.37597341520166
80,10,2,16,-1,1,HEFT,173.2093796440249,48967.5799853245,0.0020298939397508688,0.9996346858343201,20.91646479429927
80,10,2,16,-1,1,GA,210.35851872893727,58236.160838291675,0.00230585597446198,0.9995850320476237,10.957114524336605
80,10,2,16,-1,2,HEFT,152.88563478114943,43539.3411731746,0.0018327260071309965,0.9996701637266642,18.192553454333066
80,10,2,16,-1,2,GA,203.07409661261374,55196.059163061575,0.0020937768234418268,0.9996231911820622,6.848671535394514
80,10,2,32,-1,0,HEFT,138.06196040960924,65608.5505953721,0.0016269712917418796,0.9997071880452768,19.639878934934593
80,10,2,32,-1,0,GA,179.77814348834102,84155.68546672532,0.001953601856227696,0.9996484134869078,7.896189764518703
80,10,2,32,-1,1,HEFT,151.28850938543985,70670.80682399451,0.0016248086847526634,0.9997075772006275,17.773370551209457
80,10,2,32,-1,1,GA,203.08171879963254,93778.73891693259,0.002040744043652931,0.9996327335309896,7.389073768207809
80,10,2,32,-1,2,HEFT,167.2069300124988,77210.11484849681,0.0016799294216663149,0.9996976584185302,16.938703405138135
80,10,2,32,-1,2,GA,206.2510396441307,95388.74120078002,0.0020915170513480393,0.9996235977878506,6.775362799296246
80,10,4,4,-1,0,HEFT,117.41247186039614,20709.9917177773,0.0019475701638860831,0.9996494988103997,4.179932300875549
80,10,4,4,-1,0,GA,167.69856684356316,23645.3186487034,0.0020149596175984973,0.99963737303389,5.577324059098928
80,10,4,4,-1,1,HEFT,130.59081252388415,22725.775662357755,0.002126281222378723,0.999617342611993,3.5813786423867944
80,10,4,4,-1,1,GA,157.3543321130991,23169.607204812353,0.002017648483641292,0.9996368892136296,10.314643824669233
80,10,4,4,-1,2,HEFT,109.31506097696635,20811.213953845523,0.0020108644737662973,0.999638109892749,4.4027014855389
80,10,4,4,-1,2,GA,144.16862156687807,21895.47771944598,0.0019348041194103141,0.9996517958956312,19.676895822207875
80,10,4,8,-1,0,HEFT,98.1718810898431,25857.677961169196,0.0021231495318532636,0.9996179061007401,7.421761461675829
80,10,4,8,-1,0,GA,134.10959017292487,29612.395132998725,0.002162516082221956,0.999610822854279,9.630660031660582
80,10,4,8,-1,1,HEFT,108.91105844960634,29083.104202940413,0.002406672169480388,0.9995668928274942,6.028954003826197
80,10,4,8,-1,1,GA,150.03947898616946,32219.53261546181,0.0023017755339521367,0.9995857662223994,7.277214125382315
80,10,4,8,-1,2,HEFT,108.80222172778967,29704.164355180383,0.002488262412055888,0.9995522130523444,7.219564535495633
80,10,4,8,-1,2,GA,160.5402116340006,34544.37436258997,0.0024719010394994717,0.999555156784986,10.256722263059542
80,10,4,16,-1,0,HEFT,129.619423575436,41381.43187723236,0.0021310726809752774,0.9996164804798442,13.738687243753565
80,10,4,16,-1,0,GA,147.37964959517836,45669.40562359532,0.0022445107107649962,0.9995960696738915,10.381243845561476
80,10,4,16,-1,1,HEFT,102.20439440848683,35957.88047283654,0.00211041818429032,0.9996201968703038,10.240895784028881
80,10,4,16,-1,1,GA,128.11050323879778,41980.579353238325,0.0022459124975954974,0.9995958174542142,8.050140953476305
80,10,4,16,-1,2,HEFT,104.13248584958536,36056.409809027275,0.002075319447791587,0.9996265122633132,10.018437579755293
80,10,4,16,-1,2,GA,129.18824466994184,42147.06258138972,0.002240687287436807,0.9995967576123359,9.056856191284693
80,10,4,32,-1,0,HEFT,106.9846575557575,55676.960747378354,0.0018856398250603975,0.9996606424263011,13.092835107608474
80,10,4,32,-1,0,GA,131.4847841094275,67855.17119426058,0.0022435418728992793,0.9995962439942808,6.987708209418525
80,10,4,32,-1,1,HEFT,117.85629281410648,59171.14539644739,0.001797716919357947,0.9996764633038042,13.263843014417704
80,10,4,32,-1,1,GA,139.52961100442755,70723.95734395646,0.002215062883495642,0.9996013681557665,8.109083723723854
80,10,4,32,-1,2,HEFT,111.9222703010249,57339.288698399,0.0018554440442901093,0.9996660758371164,12.504886640617618
80,10,4,32,-1,2,GA,148.8678443543254,73755.36283718726,0.002143425142781176,0.9996142578919246,7.360347532169834
90,0.1,0.8,4,-1,1,HEFT,122.1750016552654,24403.055632440304,0.0023951751360449048,0.9995689613993531,3.516499992248346
90,0.1,0.8,4,-1,1,GA,163.4086882480854,25940.49967591094,0.0023380985323001088,0.9995792308123809,19.729687355518426
90,0.1,0.8,4,-1,2,HEFT,138.698136452843,27958.80235184764,0.0027521048839936925,0.999504743800739,9.136259106639548
90,0.1,0.8,4,-1,2,GA,203.75186580233535,31717.146650394767,0.0028342451023104227,0.9994899659931707,5.903437373391468
90,0.1,0.8,8,-1,0,HEFT,78.00026004343975,23786.862506674188,0.0021057929641478002,0.9996210290940736,11.114403286194158
90,0.1,0.8,8,-1,0,GA,106.67825501095949,27479.14914152395,0.0022271365194408066,0.9995991957699848,14.112264372466775
90,0.1,0.8,8,-1,1,HEFT,81.88335721608269,24230.891513131424,0.002114998607285205,0.9996193727076431,13.477667456823232
90,0.1,0.8,8,-1,1,GA,114.55712109189314,28717.1991390705,0.0022893689294895036,0.9995879984886334,10.207302446939954
90,0.1,0.8,8,-1,2,HEFT,88.09443386040101,26389.590468492315,0.0023168636715625085,0.9995830514863194,9.907596887422196
90,0.1,0.8,8,-1,2,GA,146.10138771199632,33098.005411143975,0.0024641178541075356,0.9995565571361238,7.177490050719699
90,0.1,0.8,16,-1,0,HEFT,69.11203155523418,28927.545823243407,0.0020230020367749926,0.9996359259244368,13.5324986868111
90,0.1,0.8,16,-1,0,GA,101.02488592899259,37468.23683848391,0.002334813790712834,0.9995798218172596,9.87332545206581
90,0.1,0.8,16,-1,1,HEFT,65.10483790368698,27451.957192805945,0.0019317607642503935,0.9996523435089624,12.61899083428397
90,0.1,0.8,16,-1,1,GA,103.55607826761425,39018.68439642269,0.0024723407453541017,0.9995550776731418,9.261484402778743
90,0.1,0.8,16,-1,2,HEFT,69.32583548596014,30093.834603700736,0.0021683816783457863,0.9996097674584298,14.70585617995414
90,0.1,0.8,16,-1,2,GA,123.65717708159181,45418.36114499723,0.0028005404580531785,0.9994960297532383,8.477153964316132
90,0.1,0.8,32,-1,0,HEFT,57.94369038732348,36248.52925447918,0.001808546788856197,0.9996745145598883,11.31230253179375
90,0.1,0.8,32,-1,0,GA,86.18651728597992,51592.15122853504,0.002389732376061854,0.9995699406743425,6.003242747280589
90,0.1,0.8,32,-1,1,HEFT,61.054241360945284,37306.427816859235,0.00179090428091166,0.9996776891827309,13.297137572902773
90,0.1,0.8,32,-1,1,GA,82.64626257619129,50795.69223252911,0.0024624712407327713,0.9995568533951419,6.63957276061307
90,0.1,0.8,32,-1,2,HEFT,66.76920197651874,40211.72948852538,0.001882733324230256,0.9996611654190457,12.449679841028995
90,0.1,0.8,32,-1,2,GA,93.0709158436837,54633.619906116,0.002441135429217243,0.9995606921467071,7.64821961548563
90,0.1,1,4,-1,0,HEFT,126.0286900575823,26255.844486279784,0.0026106546981286604,0.9995301925484347,5.52658040481315
90,0.1,1,4,-1,0,GA,171.5061901799159,28918.122882236286,0.0026725873066667082,0.9995190499783584,13.138704929991174
90,0.1,1,4,-1,1,HEFT,127.46628765318572,26471.21366540846,0.002629564839542061,0.9995267903279135,3.8769697320864998
90,0.1,1,4,-1,1,GA,203.60931591645573,31015.993693004206,0.0027445408952214904,0.999506104645345,23.059302523428972
90,0.1,1,4,-1,2,HEFT,123.52113390421569,26122.01140237161,0.0026089143378513254,0.9995305056661598,3.088722553007111
90,0.1,1,4,-1,2,GA,165.2730126814811,27656.666665997524,0.002548263831690753,0.9995414176913204,13.958417638276645
90,0.1,1,8,-1,0,HEFT,74.22336873670956,26372.602544177298,0.0024867130678880084,0.9995524918094534,7.427929781249114
90,0.1,1,8,-1,0,GA,114.27303998098755,30923.54790831505,0.0025779503966589456,0.9995360765743673,14.006606737642146
90,0.1,1,8,-1,1,HEFT,70.43607413988252,23268.12282727642,0.002132591693778772,0.9996162071624403,8.83676247493436
90,0.1,1,8,-1,1,GA,104.90607168976072,27386.157827688196,0.0022371027061332256,0.9995974025769966,13.297442263259297
90,0.1,1,8,-1,2,HEFT,78.96949599254529,26203.064034857187,0.002405942173071426,0.9995670241699462,9.292922899794739
90,0.1,1,8,-1,2,GA,146.68939890336674,35096.039404290204,0.002714968618807106,0.9995114250402499,19.989132985820763
90,0.1,1,16,-1,0,HEFT,52.73394741550749,25394.446164819114,0.0019728072688684336,0.9996449577340317,11.737001784966317
90,0.1,1,16,-1,0,GA,104.78247356242865,39348.56003988353,0.002484538128668893,0.9995528831233953,11.375994321712824
90,0.1,1,16,-1,1,HEFT,65.34283539909642,28816.939987540172,0.0021022113166555122,0.9996216735465097,13.9998532647656
90,0.1,1,16,-1,1,GA,94.61758191533525,37741.88726756451,0.0025291100180646177,0.999544863802665,11.885118004132085
90,0.1,1,16,-1,2,HEFT,55.704784545960905,25279.668556387187,0.001884282935860813,0.9996608865835017,12.800123438534285
90,0.1,1,16,-1,2,GA,90.38932189972867,33927.28799407323,0.0021411548048223938,0.9996146663952032,11.851179750093687
90,0.1,1,32,-1,0,HEFT,54.454383503345504,35714.00928294842,0.0019126002606800704,0.9996557912065223,12.988048924370586
90,0.1,1,32,-1,0,GA,87.54372093253805,53441.18833591647,0.002561291924783186,0.9995390737127128,7.219456187800699
90,0.1,1,32,-1,1,HEFT,53.74242346681637,35384.4467454814,0.0019053431697963717,0.9996570970341012,11.177985576001133
90,0.1,1,32,-1,1,GA,80.5146879375898,50194.788719093325,0.0024905876680954577,0.999551794693764,6.935379207282317
90,0.1,1,32,-1,2,HEFT,56.092277352346464,34281.10776315485,0.0016462110154849875,0.9997037259150496,10.530901272517491
90,0.1,1,32,-1,2,GA,78.6882984009997,46843.32117328773,0.002148193099134863,0.9996133999912057,6.998464870838044
90,0.1,2,4,-1,0,HEFT,128.24930503759748,28002.24241655144,0.002822516249967282,0.9994920761120404,0.8723678415395651
90,0.1,2,4,-1,0,GA,171.3772582286014,29700.556553030066,0.00277447650620894,0.9995007189111885,15.959582102904365
90,0.1,2,4,-1,1,HEFT,99.31582112097753,21477.894511172755,0.002159009702502046,0.9996114537571988,0.7926814604828686
90,0.1,2,4,-1,1,GA,124.72946447707798,22578.11955771063,0.0021435536515259546,0.9996142347692729,9.65559109001488
90,0.1,2,4,-1,2,HEFT,117.73743703923925,25487.721725087737,0.0025628326546775523,0.9995387965092011,1.897011242305714
90,0.1,2,4,-1,2,GA,137.66750526376256,26133.741091254116,0.0025227003667433485,0.9995460170154612,9.411516524586501
90,0.1,2,8,-1,0,HEFT,58.37027123647308,24023.17244833972,0.002379796693751719,0.9995717283296293,3.8096089585847066
90,0.1,2,8,-1,0,GA,86.52236711483584,27392.901927133476,0.002465988977275095,0.9995562204833622,8.758555469939296
90,0.1,2,8,-1,1,HEFT,66.28286455871206,26588.64342628183,0.002613112200083394,0.9995297504059998,4.1440119841223755
90,0.1,2,8,-1,1,GA,91.9961411109947,29607.54079665547,0.0026842262596899194,0.9995169559766035,7.891325153637468
90,0.1,2,8,-1,2,HEFT,71.8511760331755,28534.502863962727,0.002795450899842103,0.9994969454124388,2.93390810226868
90,0.1,2,8,-1,2,GA,98.54236676670405,32142.82811921311,0.0029305892648074316,0.9994726330391989,8.013444641269546
90,0.1,2,16,-1,0,HEFT,46.12413619335634,30312.180591625794,0.002772137783268912,0.9995011396712234,4.936106212660937
90,0.1,2,16,-1,0,GA,80.2121330854095,38770.179227143,0.0030193087435070255,0.9994566720822677,9.137544244462726
90,0.1,2,16,-1,1,HEFT,37.84291440009452,24835.93069321567,0.002270037613488052,0.9995914766979493,5.6703215436393615
90,0.1,2,16,-1,1,GA,60.12016754280368,30936.62882409858,0.0025056274749199322,0.9995490887455647,9.866793088889633
90,0.1,2,16,-1,2,HEFT,36.893227815963,24669.845860793845,0.0022721377416187274,0.9995910988293887,4.533505341389597
90,0.1,2,16,-1,2,GA,73.62977641188287,34037.01380666507,0.0025710719296619584,0.9995373141247988,8.338140609385022
90,0.1,2,32,-1,0,HEFT,30.775998922081534,27351.968700238074,0.002006974820950745,0.9996388097771273,7.555065466848446
90,0.1,2,32,-1,0,GA,48.52724562258658,37755.71182201932,0.0024704456722152556,0.9995554186345964,7.857605366026339
90,0.1,2,32,-1,1,HEFT,32.14201246750565,29495.863513174292,0.002216192600213453,0.9996011648878385,5.768082157686572
90,0.1,2,32,-1,1,GA,60.91841559808392,45100.70706735097,0.0028046557464711575,0.9994952893749146,8.224979842360833
90,0.1,2,32,-1,2,HEFT,29.556678484466634,27927.467310550892,0.0021418220636325196,0.9996145463349047,6.139508055175524
90,0.1,2,32,-1,2,GA,48.67707528546979,38405.90877990429,0.0025470170375043776,0.9995416420113824,6.669770289835448
90,0.1,4,4,-1,0,HEFT,102.33651665374923,22371.37186265738,0.0022557130572709843,0.9995940540680471,0.3188839401130167
90,0.1,4,4,-1,0,GA,134.78257376135977,24852.562403921078,0.002375064452632534,0.9995725797685898,15.118445017180171
90,0.1,4,4,-1,1,HEFT,102.91290973834398,22451.585370305373,0.0022625020287939095,0.999592832549991,0.9940493367964579
90,0.1,4,4,-1,1,GA,116.46382204135547,22735.193346344167,0.0022151072207182306,0.999601360178248,16.082988829301495
90,0.1,4,4,-1,2,HEFT,113.29613216807536,24822.396864558337,0.00250441634631663,0.9995493066504367,0.5027729937211038
90,0.1,4,4,-1,2,GA,120.27245731618237,25009.162994689163,0.002485282305363361,0.999552749231491,1.7414548437955106
90,0.1,4,8,-1,0,HEFT,59.97851807387237,25880.449227237135,0.0025998076863236936,0.9995321440951834,0.8226786532735544
90,0.1,4,8,-1,0,GA,84.40070387821486,27936.935306296487,0.002562592730489388,0.9995388396756373,7.288408252786867
90,0.1,4,8,-1,1,HEFT,48.056150763850475,20886.219177198032,0.002102432649078603,0.9996216337217473,0.38772708050359855
90,0.1,4,8,-1,1,GA,78.15404774718054,24141.264395477294,0.0021496738774868167,0.9996131335541811,6.605880794729006
90,0.1,4,8,-1,2,HEFT,55.46797154483499,24032.203640592295,0.0024169610300113875,0.9995650416364249,0.8218143579743681
90,0.1,4,8,-1,2,GA,73.63885457114554,26491.43751665412,0.002509316211605187,0.9995484250725729,8.335878453379335
90,0.1,4,16,-1,0,HEFT,28.042067670274648,22654.51162268873,0.0022313223036170534,0.9995984426310989,1.251405026194715
90,0.1,4,16,-1,0,GA,51.72168980591171,28227.38257395659,0.002363929991113895,0.9995745831170336,7.813628452051187
90,0.1,4,16,-1,1,HEFT,27.045224239508443,22024.241788941497,0.0021746199915963667,0.9996086450008661,1.9235433267074435
90,0.1,4,16,-1,1,GA,54.47748852324268,28663.60159307349,0.0023519281390970152,0.9995767425336872,8.356753791124682
90,0.1,4,16,-1,2,HEFT,31.05001056362516,24891.91883375513,0.0024457773650567315,0.9995598569656675,1.4836789538516904
90,0.1,4,16,-1,2,GA,56.20495808608241,31138.207222317527,0.0026287926705154657,0.9995269292525755,7.29236397661448
90,0.1,4,32,-1,0,HEFT,19.59597048077118,23099.235538994835,0.0020121941698163703,0.9996378706341058,5.0513644208757205
90,0.1,4,32,-1,0,GA,38.044532794031724,32528.196320090683,0.002315128646922803,0.9995833636605889,7.0141564331897195
90,0.1,4,32,-1,1,HEFT,19.349703344774973,22889.238847176264,0.001997280718705772,0.9996405540867996,4.615016238352937
90,0.1,4,32,-1,1,GA,36.940720185654655,32135.199547417265,0.002319116666166134,0.9995826461164615,6.157280001127433
90,0.1,4,32,-1,2,HEFT,19.833859955763984,24051.66162109616,0.0021234443666773633,0.9996178530507521,4.17069310272726
90,0.1,4,32,-1,2,GA,40.656345282806356,34488.5268019272,0.002438823024977979,0.9995611081967011,6.851193714602195
90,0.5,0.8,4,-1,0,HEFT,128.37857670577262,25342.530108664003,0.0024780824840809966,0.9995540446205392,4.623986646321115
90,0.5,0.8,4,-1,0,GA,178.67308576293505,28259.593787642698,0.0025430601642147054,0.9995423539223681,9.71852304615515
90,0.5,0.8,4,-1,1,HEFT,115.62482684305328,22643.37714394239,0.0022084477332656115,0.9996025584088546,2.709426864454134
90,0.5,0.8,4,-1,1,GA,135.64430113038424,23706.023636057584,0.0022215887831781834,0.9996001939627708,7.669689752278557
90,0.5,0.8,4,-1,2,HEFT,160.7777913290353,31619.10418923174,0.003088084005870549,0.9994442993377808,7.293084427784687
90,0.5,0.8,4,-1,2,GA,207.01469614889194,33867.04489975553,0.003091775127210428,0.9994436353053692,4.691189387697391
90,0.5,0.8,8,-1,0,HEFT,93.07213517984297,28671.026558803107,0.002549883925263331,0.9995411262082492,13.374656895272459
90,0.5,0.8,8,-1,0,GA,131.07756459215906,33451.8177965973,0.002696172040794578,0.9995148067769758,15.52148321156499
90,0.5,0.8,8,-1,1,HEFT,72.03585578199171,21577.26788345577,0.0018942927297654478,0.9996590854332233,7.081592267807575
90,0.5,0.8,8,-1,1,GA,102.07287469238607,25399.845716805474,0.002015613662317366,0.9996372553485384,9.237939690336246
90,0.5,0.8,8,-1,2,HEFT,86.24182601065728,25245.87036279971,0.002192074297903955,0.9996055044602137,14.559648281948812
90,0.5,0.8,8,-1,2,GA,126.66948576469136,30127.000359532718,0.0023212829103517246,0.9995822563553208,9.880917495119958
90,0.5,0.8,16,-1,0,HEFT,71.05712427657522,28599.714905474608,0.001932396258962812,0.9996522291596893,11.526857916654825
90,0.5,0.8,16,-1,0,GA,97.01804057489969,36027.94604912445,0.002248124322835105,0.9995954194866667,8.594849008344037
90,0.5,0.8,16,-1,1,HEFT,74.3727122873699,30263.399684159274,0.0020650954683442187,0.9996283518939706,14.824106909014464
90,0.5,0.8,16,-1,1,GA,105.8346528181555,39062.76219567925,0.002421512771911291,0.9995642226795871,8.883000022204973
90,0.5,0.8,16,-1,2,HEFT,72.88768630121942,29395.99709212837,0.001989865803913985,0.9996418882926055,13.477667136088087
90,0.5,0.8,16,-1,2,GA,122.48145689182047,42900.35335376884,0.002504381606012831,0.9995493129008727,11.07204980320918
90,0.5,0.8,32,-1,0,HEFT,75.36017605979436,42664.112612414276,0.0017733598198260009,0.9996808461728521,12.92253525008243
90,0.5,0.8,32,-1,0,GA,101.91742409497184,56859.29525392951,0.0022897938503178704,0.9995879220343987,7.358492603030198
90,0.5,0.8,32,-1,1,HEFT,71.38975851424458,44795.49521821459,0.002245714205264171,0.9995958531324078,15.099248412162202
90,0.5,0.8,32,-1,1,GA,107.6026577861775,63939.558013740956,0.0029224983751742623,0.9994740886323572,6.8122980055329965
90,0.5,0.8,32,-1,2,HEFT,65.01511929426404,39433.19942340695,0.0018691723016033021,0.999663605579007,10.883848161523519
90,0.5,0.8,32,-1,2,GA,101.95733374529158,57473.03876443374,0.0023671088638555268,0.999574011163527,6.439307252522223
90,0.5,1,4,-1,0,HEFT,121.65649817843827,25210.154743888048,0.002502667032470673,0.9995496213850661,4.885606615051314
90,0.5,1,4,-1,0,GA,170.21074824898827,27504.08271832052,0.002497928527437866,0.9995504739321937,15.327870216530894
90,0.5,1,4,-1,1,HEFT,132.59869198946382,27324.57911693973,0.0027079899097474758,0.9995126805949367,2.3389034302409266
90,0.5,1,4,-1,1,GA,175.42236818749723,29016.835099967695,0.0026610544479286602,0.999521124896674,15.135330759676949
90,0.5,1,4,-1,2,HEFT,140.99133486568093,29917.659550815803,0.002990965823935803,0.9994617710488878,1.6369531386985017
90,0.5,1,4,-1,2,GA,220.1558192466256,34638.80790133651,0.003109990772286626,0.9994403583188453,23.0980729813239
90,0.5,1,8,-1,0,HEFT,79.22665254136633,26005.523319878157,0.0023772305782825565,0.9995721900327011,7.48636111331244
90,0.5,1,8,-1,0,GA,121.01042687096391,30876.83677113826,0.002488350877458104,0.9995521971357019,13.534032490023945
90,0.5,1,8,-1,1,HEFT,85.51922193202157,25334.59523549588,0.0022124999909588897,0.999601829292632,9.192585741074549
90,0.5,1,8,-1,1,GA,132.18699882234688,31419.189666015973,0.00241979816267063,0.9995645311748041,12.130273374493846
90,0.5,1,8,-1,2,HEFT,95.3390262704812,28587.13141318305,0.002510928280518974,0.9995481350312463,15.351423710544193
90,0.5,1,8,-1,2,GA,154.2139527891711,36777.098589550566,0.0028388319278798636,0.9994891407860081,7.106370129336564
90,0.5,1,16,-1,0,HEFT,66.73647836243981,28490.8369009584,0.0020255081466886244,0.9996354749889883,14.537994509986918
90,0.5,1,16,-1,0,GA,100.3586725146967,38011.059212597014,0.0024214721046221252,0.9995642299965087,10.945635513226565
90,0.5,1,16,-1,1,HEFT,70.99285459035204,31304.048116532394,0.0022833876014450648,0.9995890746846838,16.034749853292315
90,0.5,1,16,-1,1,GA,107.10036729128429,40352.476828595536,0.0025567450011200195,0.9995398917820636,10.94783384706918
90,0.5,1,16,-1,2,HEFT,60.67102133286027,27962.848816689628,0.002107753581496183,0.9996206763167577,9.674875893076326
90,0.5,1,16,-1,2,GA,92.56575539716023,35983.86862721158,0.0023528738489608297,0.9995765723779764,7.936486441784371
90,0.5,1,32,-1,0,HEFT,68.20903189242937,41142.61370624999,0.0019315691808213331,0.999652377981992,12.5372810056399
90,0.5,1,32,-1,0,GA,89.76472505686083,54150.46803078334,0.0025427407763499717,0.999542411385876,6.575730649022705
90,0.5,1,32,-1,1,HEFT,70.01876244947758,43058.926084713734,0.0020893696775341536,0.9996239841697224,13.600486045466047
90,0.5,1,32,-1,1,GA,101.18552324173933,59435.05947953517,0.00265889128613789,0.9995215140794125,7.403917300670065
90,0.5,1,32,-1,2,HEFT,61.04336830982538,37634.70226369321,0.0018338564383359515,0.9996699603161825,12.770437058499692
90,0.5,1,32,-1,2,GA,83.07969563704192,50157.09803983291,0.0023584618753499757,0.9995755669596343,7.328750198485229
90,0.5,2,4,-1,0,HEFT,141.3815451068353,30428.007557794997,0.0030544823504737597,0.9994503442929896,1.2186324098388985
90,0.5,2,4,-1,0,GA,161.80376733090947,30837.261059101693,0.0029807080396922533,0.9994636164579688,12.112223933320223
90,0.5,2,4,-1,1,HEFT,116.3929634388514,25225.180332067997,0.002537250398837614,0.9995433992020957,1.543080354612095
90,0.5,2,4,-1,1,GA,145.44096101880328,26068.351779086508,0.002466044657646505,0.9995562104653428,12.675254488274975
90,0.5,2,4,-1,2,HEFT,144.3320433939743,31147.083308540172,0.0031290885304430757,0.9994369226521044,1.9000166069798636
90,0.5,2,4,-1,2,GA,180.3368726135077,32915.27202727232,0.003134250922716273,0.9994359939451553,17.68001629791851
90,0.5,2,8,-1,0,HEFT,52.447984199621104,20954.12180414344,0.0020567332456046276,0.9996298565357914,2.135461883187577
90,0.5,2,8,-1,0,GA,81.36179981161942,24536.7796603886,0.002160987968794979,0.9996110978076862,6.441602195676182
90,0.5,2,8,-1,1,HEFT,68.66459573617118,27180.452733416583,0.0026600324990625514,0.9995213087593972,4.120207722801298
90,0.5,2,8,-1,1,GA,98.28511107034768,30902.314485965468,0.002773506953903371,0.9995008933434837,9.440890125995715
90,0.5,2,8,-1,2,HEFT,56.63060768761288,22006.757973360836,0.00214085525004522,0.9996147202942869,5.101166840149603
90,0.5,2,8,-1,2,GA,89.6626230588382,26187.9044170255,0.0022713556335112444,0.9995912395512941,6.332240523154454
90,0.5,2,16,-1,0,HEFT,42.4797482899837,26711.23911664045,0.0023973032874629943,0.9995685784972878,5.192932626313187
90,0.5,2,16,-1,0,GA,76.3198892603839,35148.429319052244,0.0026479341835992944,0.9995234854161066,11.785465400138413
90,0.5,2,16,-1,1,HEFT,41.985331721704576,26060.848796270573,0.0023255381273518468,0.9995814907365198,3.9216856690618282
90,0.5,2,16,-1,1,GA,70.54183317134927,32664.69320004519,0.0024703696681067353,0.9995554323092554,8.724254699041193
90,0.5,2,16,-1,2,HEFT,31.681690751433862,22281.73776168633,0.002092875082352846,0.9996233534343102,3.4508533249283997
90,0.5,2,16,-1,2,GA,53.76228628144006,28010.19498696585,0.002285250131903018,0.9995887395670232,6.79465119133567
90,0.5,2,32,-1,0,HEFT,35.2600496979212,28706.566120074327,0.0019595228728775953,0.9996473480791945,6.613823005380274
90,0.5,2,32,-1,0,GA,51.86284471966444,38081.10309291481,0.0023469988011064176,0.9995776294393698,7.790644250408564
90,0.5,2,32,-1,1,HEFT,32.875765024923666,27043.59161727654,0.0018629583782565698,0.999664723709575,7.05909427259735
90,0.5,2,32,-1,1,GA,53.8687126550187,38595.61400827937,0.002313957151001576,0.9995835744420203,6.15621457364274
90,0.5,2,32,-1,2,HEFT,29.665953174916076,26653.709551909316,0.0019718324977702254,0.9996451331305486,5.447723287218782
90,0.5,2,32,-1,2,GA,49.74536500099132,37123.69394273416,0.002328355785833784,0.9995809837703802,6.041381411439375
90,0.5,4,4,-1,0,HEFT,136.2265625464668,29747.04455218019,0.0029984715180813664,0.9994604207520141,0.7305812248340596
90,0.5,4,4,-1,0,GA,147.50002800678257,30198.296006219683,0.0029868597754385173,0.9994625097400901,8.600631188752791
90,0.5,4,4,-1,1,HEFT,127.52344417865552,27783.600886754262,0.002798769452994678,0.9994963483735443,0.9298199728272282
90,0.5,4,4,-1,1,GA,153.14690728717272,29635.90947126242,0.0028791806100100944,0.9994818817598344,5.682625922516491
90,0.5,4,4,-1,2,HEFT,112.0554459760656,24543.648181722518,0.0024760964825415207,0.9995544019414591,0.5499945302854574
90,0.5,4,4,-1,2,GA,119.58044769617796,24344.908014676337,0.0024037527810413174,0.9995674180899581,3.303602991939997
90,0.5,4,8,-1,0,HEFT,54.15317911956385,23324.40131145395,0.002341821203614447,0.999578561013718,0.8576503479484863
90,0.5,4,8,-1,0,GA,95.70443719250866,29060.296572335334,0.002567528501531589,0.999537951646957,11.025833739790146
90,0.5,4,8,-1,1,HEFT,54.83737066178837,23529.456190033663,0.002359827985336173,0.9995753211642349,1.239395928095013
90,0.5,4,8,-1,1,GA,79.50411928782066,25913.56843252884,0.0023619086538627975,0.9995749468030213,14.381145027710637
90,0.5,4,8,-1,2,HEFT,55.508199981814705,23623.05731360336,0.002363600790096789,0.9995746423480096,1.4960148079557127
90,0.5,4,8,-1,2,GA,75.49865149454992,26239.281581814248,0.002453670676787785,0.999558436795918,9.317572948603827
90,0.5,4,16,-1,0,HEFT,26.93043323235849,20400.76299694703,0.00196771573854447,0.9996458738845216,2.1214504841385247
90,0.5,4,16,-1,0,GA,47.10710699796584,25692.481309561153,0.0021508936390118496,0.99961291408207,6.900082362885637
90,0.5,4,16,-1,1,HEFT,30.446513675444812,24176.859973231025,0.002368362964799176,0.9995737855215434,2.108411364652965
90,0.5,4,16,-1,1,GA,61.3227141713364,30868.59822000846,0.0024670073771462368,0.9995560372527527,9.097883322949992
90,0.5,4,16,-1,2,HEFT,27.841582670983797,22642.61509815515,0.0022347585562437033,0.9995978243541908,1.7027023245294002
90,0.5,4,16,-1,2,GA,56.65752638415428,28664.969133784172,0.0022980263653781074,0.999586440793425,10.932223944304134
90,0.5,4,32,-1,0,HEFT,23.60572075043532,26158.381215406505,0.002208499282589062,0.9996025491336641,4.688909444618611
90,0.5,4,32,-1,0,GA,40.01422203414045,35138.57581448302,0.002554665962968099,0.9995402658368164,6.4564182998789255
90,0.5,4,32,-1,1,HEFT,22.79113946602966,24669.044843515687,0.0020564918977468085,0.9996298999623267,4.690151952520196
90,0.5,4,32,-1,1,GA,41.85644284168838,35140.04333491226,0.002463458563786037,0.9995566757557641,7.589939435909311
90,0.5,4,32,-1,2,HEFT,23.07873953830809,25967.861038773786,0.0022100290770107863,0.999602273880149,4.832696235839705
90,0.5,4,32,-1,2,GA,41.8407153847411,36604.791576728734,0.0026534827996108723,0.9995224871416423,6.850408562044274
90,0.8,0.5,32,-1,0,HEFT,104.91491246344,54043.21400283341,0.0017772464621282236,0.9996801468007622,14.644798335278388
90,0.8,0.5,32,-1,0,GA,146.06137190994457,73675.49846837818,0.0022723425910800327,0.9995910619715643,7.889847305975639
90,0.8,0.8,4,-1,0,HEFT,128.86174359338372,26089.581447018038,0.002571604361051114,0.9995372183314959,6.067174349606493
90,0.8,0.8,4,-1,0,GA,196.13569719700308,29559.71201495416,0.002602738830684497,0.9995316167361815,9.304503554048344
90,0.8,0.8,4,-1,1,HEFT,143.02169882929493,27848.50683403843,0.0027110420271617927,0.999512131481678,10.683148025128984
90,0.8,0.8,4,-1,1,GA,194.39187250076407,30316.05698566968,0.002711272235869897,0.9995120900643263,15.54188223668509
90,0.8,0.8,4,-1,2,HEFT,141.6851300039165,27749.20479142723,0.0027065011048112713,0.9995129484492664,8.807073671791283
90,0.8,0.8,4,-1,2,GA,192.38607891729876,29634.57975176018,0.0026356651115930023,0.9995256927991535,15.670933871468387
90,0.8,0.8,8,-1,0,HEFT,86.80041092182226,26262.423550601892,0.0023164837341223456,0.9995831198465461,12.487454225769243
90,0.8,0.8,8,-1,0,GA,156.70281975017213,34624.1916844779,0.0025298089132379043,0.9995447380587983,10.888289873330638
90,0.8,0.8,8,-1,1,HEFT,103.22570330584568,29169.581314675648,0.0024883609557253823,0.9995521953224271,15.481604435580497
90,0.8,0.8,8,-1,1,GA,141.11706101180604,33569.0345993309,0.002586795444728362,0.9995344852055986,13.719015636195662
90,0.8,0.8,8,-1,2,HEFT,81.61961840650618,23404.727911977556,0.0020115303029654996,0.9996379900868728,10.714634243433787
90,0.8,0.8,8,-1,2,GA,127.09109408128683,28689.40474922181,0.0021303177929480974,0.9996166163075861,8.092094332170596
90,0.8,0.8,16,-1,0,HEFT,80.4283475125457,33027.09130031623,0.002271944260711558,0.9995911336417119,12.620008711154497
90,0.8,0.8,16,-1,0,GA,113.90090468620492,41392.365848478876,0.0025224020863989062,0.9995460706815494,8.867442240564342
90,0.8,0.8,16,-1,1,HEFT,75.43713708828619,29399.14561090599,0.0019270303992189974,0.9996531946790134,12.503671315977222
90,0.8,0.8,16,-1,1,GA,115.46740238126068,40160.70896733477,0.0023244144328336846,0.9995816929169037,10.014970245757375
90,0.8,0.8,16,-1,2,HEFT,75.66577625482336,28991.978672098914,0.001868753182322071,0.9996636809951019,12.599867787122173
90,0.8,0.8,16,-1,2,GA,116.86285032086694,39721.04367875845,0.0022329943691410835,0.9995981417802073,7.944751594240752
90,0.8,0.8,32,-1,0,HEFT,93.52518946550462,51738.59078779371,0.0020445630533643335,0.9996320463619447,13.598969912152064
90,0.8,0.8,32,-1,0,GA,117.52672181160573,64858.307011257566,0.0025488431312145955,0.9995413134652295,7.156916421166903
90,0.8,0.8,32,-1,1,HEFT,80.89618734784551,45579.9244154194,0.0018754248674220581,0.9996624804963912,13.841429796549665
90,0.8,0.8,32,-1,1,GA,108.46292575015126,60231.95641728479,0.00240080012005513,0.9995679493391695,7.170123753253418
90,0.8,1,4,-1,0,HEFT,136.83737378666703,28260.400187522908,0.0028026106260675573,0.9994956573108603,3.8932401980566973
90,0.8,1,4,-1,0,GA,173.19104386162994,29659.990103404587,0.00275798707985095,0.9995036855304197,10.195554920457951
90,0.8,1,4,-1,1,HEFT,134.79166912109753,27399.722875822765,0.002704098547546522,0.999513380699038,2.1514449357518606
90,0.8,1,4,-1,1,GA,205.700793123813,31152.08547688825,0.0027491534117500293,0.9995052748027717,14.941793444206617
90,0.8,1,4,-1,2,HEFT,152.0238279383254,31040.953656280013,0.003067675699643462,0.9994479707982824,3.1060241419371653
90,0.8,1,4,-1,2,GA,202.4637502659047,33291.38734001383,0.0030456236856912667,0.999451937977462,13.356740636062948
90,0.8,1,8,-1,0,HEFT,81.17508558348005,26418.81849376423,0.002406461276195109,0.9995669307718466,9.222207992272862
90,0.8,1,8,-1,0,GA,141.41284952340123,33526.18049415775,0.00257759004391618,0.9995361414077721,8.75729361093818
90,0.8,1,8,-1,1,HEFT,78.68579434180747,24193.22158111102,0.002149791385568153,0.9996131124109092,11.42917735488972
90,0.8,1,8,-1,1,GA,124.30229620220832,29566.70063508474,0.002278253255771672,0.9995899984875626,13.300548836921308
90,0.8,1,8,-1,2,HEFT,100.8248152815335,30124.685434173472,0.0026415378768922817,0.9995246362033473,8.527970237524162
90,0.8,1,8,-1,2,GA,137.7991936305204,34617.04082114493,0.0027633486088649833,0.999502720934644,9.903909477824323
90,0.8,1,16,-1,0,HEFT,72.5299020997937,30912.128347060923,0.0021946236620026534,0.999605045755809,15.469440783717692
90,0.8,1,16,-1,0,GA,114.60735213597412,41132.00950926727,0.0024712400386511933,0.9995552757122173,9.97856781916515
90,0.8,1,16,-1,1,HEFT,76.65350361903211,29746.652184527542,0.0019417544560301518,0.9996505452714467,15.584123799131627
90,0.8,1,16,-1,1,GA,112.75272494570909,39267.99185301842,0.0022764171399796214,0.999590328852954,9.125110422447724
90,0.8,1,16,-1,2,HEFT,80.52926341499702,31844.265681861587,0.0021166210731501495,0.9996190807749901,14.758033852934126
90,0.8,1,16,-1,2,GA,114.82555817718115,40771.473618227006,0.0024192463111380133,0.9995646304648276,9.302225754991884
90,0.8,1,32,-1,0,HEFT,66.76438610501216,38501.38814657868,0.0016619979176038771,0.9997008851186098,12.548594109587972
90,0.8,1,32,-1,0,GA,100.76688105638235,55916.08743728413,0.002225013580314381,0.999599577745941,6.432651941237172
90,0.8,1,32,-1,1,HEFT,64.39156475917687,38860.44670613961,0.0018261092814748964,0.9996713543451528,11.852897921126534
90,0.8,1,32,-1,1,GA,108.84389165406157,61404.421657619365,0.0025333807832635296,0.9995440954151052,7.344440410790648
90,0.8,1,32,-1,2,HEFT,72.28725478193638,43331.25654685852,0.002012009135735782,0.9996379039281792,13.15808811575175
90,0.8,1,32,-1,2,GA,111.74663214807974,63776.95249457087,0.002695897383683236,0.9995148561912706,7.54104264019657
90,0.8,2,4,-1,0,HEFT,112.4589842478844,24072.936849041882,0.002412778501956515,0.9995657941642979,2.7287158205188295
90,0.8,2,4,-1,0,GA,132.17321390230416,24732.334787563283,0.002375713245510683,0.9995724630357937,15.779765665140783
90,0.8,2,4,-1,1,HEFT,108.85693435820234,23349.201083467728,0.002341610882981139,0.9995785988554773,3.580039418547128
90,0.8,2,4,-1,1,GA,139.22007404524382,24825.62026423125,0.002344064174426298,0.9995781574492019,4.3933007734973915
90,0.8,2,4,-1,2,HEFT,123.75601932571345,27023.410891857857,0.002723917566437159,0.9995098150179752,1.7197785295029409
90,0.8,2,4,-1,2,GA,157.75825135892472,28047.440809763088,0.0026453546181569383,0.9995239495167372,16.638963789001156
90,0.8,2,8,-1,0,HEFT,68.38521565914401,26710.809294588566,0.0026028202314354967,0.9995316020909092,5.173620359095372
90,0.8,2,8,-1,0,GA,96.16894731524101,29652.247924902927,0.002638246638583952,0.9995252283448025,12.779102361515816
90,0.8,2,8,-1,1,HEFT,74.20084525092713,28383.408721171556,0.0027467865086669963,0.999505700634644,5.218829260982611
90,0.8,2,8,-1,1,GA,120.49635034688833,34012.7895682246,0.002899888880481048,0.9994781562093731,8.469843337090236
90,0.8,2,8,-1,2,HEFT,64.05826423300262,24723.63368158823,0.0023997468107519355,0.9995681388529462,4.314978695985847
90,0.8,2,8,-1,2,GA,91.23952660748208,27548.11248222086,0.002427534616008085,0.9995631392205894,9.70236482884606
90,0.8,2,16,-1,0,HEFT,37.1113540553434,22635.507964127948,0.0020038925045868235,0.9996393643938339,6.441034732008869
90,0.8,2,16,-1,0,GA,70.33255190947186,31167.62684786356,0.0022821417159231217,0.999589298851949,8.785508979788549
90,0.8,2,16,-1,1,HEFT,44.344827475472584,25967.839696179326,0.002254991320528241,0.9995941839279304,7.217101128948216
90,0.8,2,16,-1,1,GA,75.65688962601445,34241.15102938441,0.0025471612688875494,0.9995416160616329,9.6291189585677
90,0.8,2,16,-1,2,HEFT,43.891243895619425,26161.128747310417,0.0022912157518541975,0.999587666197625,7.034900210218036
90,0.8,2,16,-1,2,GA,70.278283336738,32996.02622509726,0.0025197152227963253,0.9995465540975784,10.582287448789806
90,0.8,2,32,-1,0,HEFT,39.5481781739896,29760.943503158418,0.001883002982473697,0.9996611168970098,6.948978134337049
90,0.8,2,32,-1,0,GA,54.098222893417606,37866.18693206967,0.0022083293722218746,0.9996025797053759,5.735697046047306
90,0.8,2,32,-1,1,HEFT,42.732656185783796,34250.90985526044,0.002305112387586494,0.9995851658377293,7.351290037190736
90,0.8,2,32,-1,1,GA,70.80510243930269,48934.083589918766,0.0028094217381429624,0.9994944319297621,8.560894363373848
90,0.8,2,32,-1,2,HEFT,38.11418602680806,28819.33041744838,0.001832491341492776,0.9996702059525481,8.233765364010257
90,0.8,2,32,-1,2,GA,52.645252081407044,37547.610073924305,0.0022392549450470285,0.999597015330035,7.248158998206749
90,0.8,4,4,-1,0,HEFT,115.60877900749622,25255.248319112965,0.002545998310950019,0.9995418252981297,0.5673455622800855
90,0.8,4,4,-1,0,GA,135.423236669814,25900.75710692352,0.002506517021546828,0.9995489286993829,7.613061022699158
90,0.8,4,4,-1,1,HEFT,119.4696140414957,26110.2065580546,0.002632514868741965,0.999526259574075,0.5783774127251919
90,0.8,4,4,-1,1,GA,132.17178079916906,26160.476440774815,0.002560236558451512,0.9995392635911107,6.264277821895745
90,0.8,4,4,-1,2,HEFT,118.74490935935115,25834.506053647332,0.0026013889411367536,0.9995318596025219,1.1067365344396478
90,0.8,4,4,-1,2,GA,137.9529514015805,26009.92086729494,0.0025049327131807598,0.9995492137462956,10.458899647068307
90,0.8,4,8,-1,0,HEFT,54.88901137473038,23463.489618137934,0.002350664667463025,0.9995769698623477,0.652200366092915
90,0.8,4,8,-1,0,GA,76.81694343214171,26364.403675715843,0.0024534854142416332,0.9995584701284526,6.000077096453077
90,0.8,4,8,-1,1,HEFT,52.77694733033476,22509.31664004401,0.002253582648104893,0.9995944373861012,1.5792666542906075
90,0.8,4,8,-1,1,GA,82.7226473301259,25890.42866717305,0.0023189992924394017,0.9995826672349151,14.499941380161253
90,0.8,4,8,-1,2,HEFT,59.88176025104542,25603.15669680415,0.00256518187502633,0.9995383738446518,1.3588292887706617
90,0.8,4,8,-1,2,GA,91.82272599261961,28699.598614302595,0.002569071953360609,0.9995376739540328,7.103136763376455
90,0.8,4,16,-1,0,HEFT,31.567471699636673,23418.938112760774,0.0022426335331305596,0.999596407429438,1.844215461878515
90,0.8,4,16,-1,0,GA,55.27417782223266,28942.096088261686,0.0023681465047019398,0.9995738244677549,7.937704651280239
90,0.8,4,16,-1,1,HEFT,28.629458871307406,21586.801514694365,0.002078804316718778,0.9996258852213828,2.351558856207541
90,0.8,4,16,-1,1,GA,57.41860581898925,28382.878463682973,0.002242701052511245,0.9995963952808545,8.291717126073413
90,0.8,4,16,-1,2,HEFT,33.310329103334354,24836.359670765287,0.0023825292613598305,0.9995712366782309,2.353437714656886
90,0.8,4,16,-1,2,GA,52.91309486516788,30341.49699013789,0.0026075171545252786,0.999530757041116,6.811462645448468
90,0.8,4,32,-1,0,HEFT,26.203144517800418,25888.419431110655,0.002044756064118255,0.9996320116327929,4.343325164706898
90,0.8,4,32,-1,0,GA,40.73337235167766,33869.48055907562,0.002355021392252119,0.9995761859839382,6.804008249436864
90,0.8,4,32,-1,1,HEFT,25.45523055793194,26331.84276203734,0.0021391517090169868,0.9996150268135783,3.711947778942833
90,0.8,4,32,-1,1,GA,40.83756882227805,34552.93133283763,0.002438153088511998,0.9995612287323475,7.15900588445533
90,0.8,4,32,-1,2,HEFT,24.780787787761568,24367.67894293103,0.0019188445003140294,0.9996546676308966,4.296466507121187
90,0.8,4,32,-1,2,GA,42.52857452921216,33334.84654886559,0.002196882936647045,0.9996046392470715,6.2813100143355705
90,1,0.8,4,-1,0,HEFT,137.39590394338944,26583.63158717253,0.002582510103086543,0.9995352562083114,3.578880463724386
90,1,0.8,4,-1,0,GA,204.257168933689,29676.029451877046,0.0025674012071136916,0.9995379745493653,21.580066603853776
90,1,0.8,4,-1,1,HEFT,138.06477803312603,25915.43839386839,0.0024920321767801477,0.9995515347987736,5.817371983479442
90,1,0.8,4,-1,1,GA,173.96436626372397,27223.19924074732,0.0024383604212000736,0.9995611914288386,16.527904952794366
90,1,0.8,4,-1,2,HEFT,130.26085379561826,25788.873755451204,0.002524076585692703,0.999545769408541,2.990293321341142
90,1,0.8,4,-1,2,GA,212.64246900692137,29840.46534864709,0.0025366442940975282,0.9995435082511402,23.422743566959078
90,1,0.8,8,-1,0,HEFT,109.14240549919676,27162.24553663419,0.0021556297944071447,0.9996120619044572,16.005829258991106
90,1,0.8,8,-1,0,GA,155.26938511028402,33446.74160236401,0.002395462613924644,0.9995689096756406,12.532748562099169
90,1,0.8,8,-1,1,HEFT,91.54942513305846,26418.895212611184,0.0022777972092813395,0.9995900805422772,14.287235238230254
90,1,0.8,8,-1,1,GA,154.14657751948033,34436.860880837776,0.0025373112970242463,0.999543388245428,13.000127028067533
90,1,0.8,8,-1,2,HEFT,104.52229274994437,28037.982523779905,0.0023260778320135975,0.9995813936303423,18.86770602560145
90,1,0.8,8,-1,2,GA,164.1994690233066,35217.20421985575,0.002513443823464898,0.9995476824382219,13.73004376866835
90,1,0.8,16,-1,0,HEFT,92.83427060899474,34357.56558165137,0.0021360963339437174,0.9996155765695204,15.682147332892415
90,1,0.8,16,-1,0,GA,125.50711685172567,43701.25577222712,0.0025328022398831774,0.9995441995054425,11.713012559096152
90,1,0.8,16,-1,1,HEFT,92.43352683347717,34289.38826546889,0.0021372288260260047,0.9996153727993288,15.199203333662776
90,1,0.8,16,-1,1,GA,149.87089348908026,49101.6450217908,0.0026261541953342886,0.9995274039535486,9.087389380883105
90,1,0.8,16,-1,2,HEFT,92.21230248099344,34373.24856130747,0.0021535512254466055,0.9996124359017947,17.90803889630724
90,1,0.8,16,-1,2,GA,129.20669723246968,44247.125964628394,0.0025115555679579094,0.9995480221705342,8.476242044078775
90,1,0.8,32,-1,0,HEFT,85.93691615318507,47154.357287139355,0.0018287572977152833,0.9996708778589894,12.782679276142717
90,1,0.8,32,-1,0,GA,113.85071372399648,61681.83395617483,0.0023208216907183703,0.9995823393401778,7.861521408377002
90,1,0.8,32,-1,2,HEFT,91.36288618271654,49772.090693528226,0.0018977703358352813,0.9996584596777286,15.004334079466267
90,1,0.8,32,-1,2,GA,114.61304058403037,62719.16243820953,0.0024170225909485614,0.9995650305602767,7.928293407902972
90,1,1,4,-1,0,HEFT,114.33529921438226,22848.343021004883,0.002242926183296451,0.9995963547736695,1.30271147889915
90,1,1,4,-1,0,GA,177.7145629820424,26655.328078466933,0.0023417350200683335,0.9995785765202175,7.365551673249454
90,1,1,4,-1,1,HEFT,135.74833442733046,26684.168883682443,0.002605716903252013,0.999531080934341,6.4805792124328185
90,1,1,4,-1,1,GA,173.30119498615403,28122.996819560467,0.0025587260284528524,0.9995395353612744,16.24559697622513
90,1,1,4,-1,2,HEFT,133.19412479674423,26090.651881894257,0.002544875179799811,0.9995420273691303,3.523992137595558
90,1,1,4,-1,2,GA,182.06178235201972,27232.668246762194,0.002389367273109205,0.9995700063646134,19.135149878787946
90,1,1,8,-1,0,HEFT,90.11119169201254,25999.269701158322,0.0022414205812306357,0.9995966256726866,15.54502195654806
90,1,1,8,-1,0,GA,153.68271193648712,34230.01767982739,0.0025163407408171352,0.999547161229092,13.105643740359838
90,1,1,8,-1,1,HEFT,84.86363677152258,24626.479545318274,0.0021291434645028563,0.9996168276056895,10.755289610346031
90,1,1,8,-1,1,GA,124.51146975108212,29132.200338087405,0.002219521865889344,0.9996005658592049,12.12066866278632
90,1,1,16,-1,0,HEFT,72.51567438934849,28984.24758182381,0.00194589639522854,0.999649799983205,13.189006387415683
90,1,1,16,-1,0,GA,110.33024326565969,38256.46455947207,0.002205821427967108,0.9996030309560361,8.303316975945805
90,1,1,16,-1,1,HEFT,67.15871146278418,28656.029013866922,0.0020363767975468167,0.9996335193468882,12.211051297653894
90,1,1,16,-1,1,GA,103.7249312381369,38396.11521543682,0.0023877168498339196,0.999570303313106,10.620329321217492
90,1,1,16,-1,2,HEFT,81.92077314115598,33726.213590626125,0.002325248727070307,0.9995815428067709,13.669817054091906
90,1,1,16,-1,2,GA,113.5273726541703,42089.30002575358,0.0026217111726295713,0.9995282033199996,10.225855349088558
90,1,1,32,-1,0,HEFT,70.22275989042042,42437.67840928094,0.001998984316713113,0.9996402475494288,12.093582778941283
90,1,1,32,-1,0,GA,101.61967603033378,58665.78240830221,0.002537962120497938,0.9995432711507002,7.997239154985002
90,1,1,32,-1,1,HEFT,74.23024217206108,42449.84872077043,0.001801735882002452,0.9996757401248408,13.512007159949524
90,1,1,32,-1,1,GA,93.4673541795259,53895.9157272146,0.0023261565532657173,0.9995813794664491,6.516507269058295
90,1,1,32,-1,2,HEFT,83.28904619666329,47517.04010188942,0.002006982734156423,0.9996388083532656,13.523366414538497
90,1,1,32,-1,2,GA,115.18210424821615,64454.40130030321,0.002612981042504936,0.9995297740032633,7.158919580512624
90,1,2,4,-1,0,HEFT,105.35632648335881,22869.69218347469,0.002301368024841533,0.9995858395436578,1.1136990180380828
90,1,2,4,-1,0,GA,130.98227814407952,23865.881094925193,0.0022711539720942347,0.9995912758355107,7.945342205630203
90,1,2,4,-1,1,HEFT,106.38141090942044,22670.64464060988,0.0022692941753175325,0.9995916104621609,0.7230499203658066
90,1,2,4,-1,1,GA,126.7539709633476,23348.36037573851,0.002230512890115998,0.9995985882670348,8.541186586203848
90,1,2,4,-1,2,HEFT,133.04040069737889,28287.000486454664,0.002829594477129261,0.9994908026790982,4.513452157357073
90,1,2,4,-1,2,GA,157.3398208764795,29048.531983694418,0.0027772894808298972,0.9995002128286877,8.723625094595572
90,1,2,8,-1,0,HEFT,65.22680979181524,24551.519788376707,0.002363016285318145,0.9995747475141245,5.15950008524652
90,1,2,8,-1,0,GA,93.75923055737344,27606.984823860428,0.0024038887196837955,0.9995673936315882,11.522357375269998
90,1,2,8,-1,1,HEFT,60.414148472328485,23788.341775455272,0.002324106398205651,0.9995817483399446,2.74825996903874
90,1,2,8,-1,1,GA,81.54361363329593,25799.902600493624,0.002321927091950544,0.9995821404510782,10.9699259725642
90,1,2,8,-1,2,HEFT,64.34486296606056,24599.716543537616,0.002380182131627365,0.9995716589805266,6.6856143358604605
90,1,2,8,-1,2,GA,99.35369989940338,28279.60452388197,0.0024214017226794897,0.999564242659738,15.621257721879571
90,1,2,16,-1,0,HEFT,43.57505137880048,25054.240830697636,0.0021560505123989593,0.9996119862045991,6.235171239887683
90,1,2,16,-1,0,GA,68.03475142762966,30835.89574710529,0.0022962821024548313,0.9995867546309568,10.202043252059847
90,1,2,16,-1,1,HEFT,50.40939196894119,28621.280665675607,0.0024473743420722095,0.9995595696363665,5.927032013339628
90,1,2,16,-1,1,GA,77.33725740130822,35994.03403914833,0.0027319484002709506,0.9995083701775153,10.036008810144464
90,1,2,16,-1,2,HEFT,46.585321545393285,25061.444239556004,0.0020823078169044562,0.999625254827477,5.67666244028609
90,1,2,16,-1,2,GA,67.95604767407899,30220.06303196623,0.0022186694933518172,0.9996007192249908,8.298700410432474
90,1,2,32,-1,0,HEFT,39.023451670897614,29913.952712209033,0.0019288045569230427,0.9996528754414293,7.066295375233872
90,1,2,32,-1,0,GA,55.40687194168207,39267.17329979314,0.0023244101387838788,0.9995816936895093,7.363736256112098
90,1,2,32,-1,1,HEFT,43.17023096135314,33100.29763976217,0.002134745342455111,0.9996158196545342,7.108300088219406
90,1,2,32,-1,1,GA,71.49183348831909,48462.31646673302,0.0027143995358163424,0.9995115274251468,8.892224510208875
90,1,2,32,-1,2,HEFT,37.751246067262265,29226.53880052581,0.0019031085672735271,0.9996574991247108,7.509689772850751
90,1,2,32,-1,2,GA,57.60933325519689,39809.29840288528,0.0022851827432674005,0.9995887516919887,6.7250706145671595
90,1,4,4,-1,0,HEFT,111.39775516129131,24388.938967434096,0.0024601869146889037,0.9995572643917027,0.4079596882963468
90,1,4,4,-1,0,GA,146.98662098365674,26749.085380536053,0.0025444092471990348,0.9995421111985929,12.787422040213016
90,1,4,4,-1,1,HEFT,112.78086617730709,24644.86652459741,0.0024846750578923346,0.9995528584871556,0.4217328974945847
90,1,4,4,-1,1,GA,126.52519098529152,25220.493987923925,0.00247380940835012,0.9995548134314574,3.3021263261523877
90,1,4,4,-1,2,HEFT,92.40224863251302,20234.463260204808,0.002041234538222762,0.9996326452743965,0.7509711129256617
90,1,4,4,-1,2,GA,117.5956535659061,21841.93001082828,0.002092679410809404,0.9996233886419229,6.565205684789579
90,1,4,8,-1,0,HEFT,44.230425253582005,18998.66307605769,0.001906013210815739,0.9996569764680816,0.9090013184142639
90,1,4,8,-1,0,GA,74.7049161661406,23322.920836657286,0.0020867246621069494,0.9996244600935904,8.68052700498621
90,1,4,8,-1,1,HEFT,59.35183139620078,25315.841213398875,0.002534633772527597,0.9995438699798865,1.0306553463524015
90,1,4,8,-1,1,GA,103.03035586456436,30816.99118157396,0.002703627521779817,0.9995134654424216,17.95563847806453
90,1,4,8,-1,2,HEFT,59.62154244169187,25644.313331848694,0.0025737267774478398,0.9995368364734161,1.2616053450945497
90,1,4,8,-1,2,GA,104.79063400707588,31501.141232543465,0.0027701860940393,0.9995014908000939,6.396857227658913
90,1,4,16,-1,0,HEFT,30.922298198401847,23041.15050848261,0.0022098280690425656,0.9996023100471936,1.8149500839753179
90,1,4,16,-1,0,GA,58.425044912829634,29423.69728175074,0.0023522078370138825,0.9995766922093727,7.324526531943371
90,1,4,16,-1,1,HEFT,32.870226743726036,24547.70880709836,0.0023561531359564554,0.9995759823564283,2.60753438267063
90,1,4,16,-1,1,GA,73.0763440673257,34885.48836636331,0.002694422520082271,0.9995151215379596,8.976218880372281
90,1,4,16,-1,2,HEFT,31.429545837736807,24014.03773080342,0.0023229412054209244,0.9995819579869474,1.5470752937846959
90,1,4,16,-1,2,GA,62.875251488225665,30900.97035401662,0.0024326772698032672,0.9995622139477266,7.3968781823289085
90,1,4,32,-1,0,HEFT,26.2271080623022,25739.33339114798,0.0020243054128196297,0.9996356914021912,3.794126265106551
90,1,4,32,-1,0,GA,42.779346051049856,34498.611092457795,0.0023347987349941405,0.9995798245261507,6.392972382277486
90,1,4,32,-1,1,HEFT,26.90600183414192,26127.500068623584,0.0020407745948724915,0.9996327280337908,5.158662014729772
90,1,4,32,-1,1,GA,41.47842780034342,33837.43341351433,0.0023139169429176303,0.9995835816764624,7.150181954979838
90,1,4,32,-1,2,HEFT,25.895250809056435,26150.477952731042,0.0020938891010404874,0.99962317097971,4.6875449414208346
90,1,4,32,-1,2,GA,42.42142537891607,34819.96608174352,0.002394074772123999,0.9995691593795046,7.231679864409568
90,2,0.5,16,-1,2,HEFT,121.91705583915557,41080.98964436579,0.0022833223415049003,0.9995890864266461,17.532990676422063
90,2,0.5,16,-1,2,GA,208.19014996578403,60775.87021767767,0.002687772793830379,0.9995163179090256,10.447798185843611
90,2,0.8,4,-1,0,HEFT,132.22475988177797,23070.028283135292,0.002160625298295859,0.9996111630629912,11.910125288482769
90,2,0.8,4,-1,0,GA,187.40650801365706,27006.738665706194,0.0023270318192571914,0.999581221984536,15.492121091064131
90,2,0.8,4,-1,1,HEFT,120.91628930349677,23090.233259107343,0.00223336581040562,0.99959807494765,4.890800886631696
90,2,0.8,4,-1,1,GA,212.70688119850183,27964.22692551997,0.0022938367736423625,0.999587194608346,8.506121756337862
90,2,0.8,4,-1,2,HEFT,144.98088921510697,24726.105216183747,0.0022954809475269526,0.9995868987792603,12.910563964931931
90,2,0.8,4,-1,2,GA,174.17610989222868,25749.65108189202,0.002246666383341737,0.9995956818096365,11.205952788423426
90,2,0.8,8,-1,0,HEFT,110.05941057172296,27080.025548697802,0.0021336333506217563,0.9996160197361861,22.4659156096478
90,2,0.8,8,-1,0,GA,154.5197933649223,32642.37268909737,0.002300836243677627,0.9995859352246279,13.589709391270565
90,2,0.8,8,-1,1,HEFT,108.89029988927362,27337.034828554843,0.0021813392815483944,0.9996074360027387,16.464395495610827
90,2,0.8,8,-1,1,GA,149.2267948106262,32051.28764531348,0.002290118261433252,0.9995878636644643,11.936910449669822
90,2,0.8,8,-1,2,HEFT,113.12253577009383,30067.371209230805,0.0024816030717444183,0.9995534111975649,10.423740144193859
90,2,0.8,8,-1,2,GA,146.1579579369084,33780.27726832015,0.002551565026663688,0.9995408237488977,12.285870989860992
90,2,0.8,16,-1,0,HEFT,122.33447885206246,42105.65283029428,0.002405353086653526,0.9995671301595969,15.803283333510262
90,2,0.8,16,-1,0,GA,165.81002692637256,52957.67513190636,0.0027289599434163862,0.9995089078354359,8.404682591006097
90,2,0.8,16,-1,1,HEFT,99.59542062649304,35138.438506474864,0.002069265858680646,0.9996276015029778,14.166666887674447
90,2,0.8,16,-1,1,GA,140.21840770654356,45000.04340388078,0.002335673013465687,0.999579667222161,11.441717496992663
90,2,0.8,16,-1,2,HEFT,110.4050994496304,37873.73409210626,0.0021545161495836215,0.9996122622827809,18.41049788218018
90,2,0.8,16,-1,2,GA,141.7281584839934,46826.11677512554,0.0025341486235398968,0.9995439572668758,9.445185723148017
90,2,0.8,32,-1,0,HEFT,105.89441056937193,56812.872606724166,0.0020864882361867373,0.9996245026342747,13.101340139928192
90,2,0.8,32,-1,0,GA,163.78909712580042,84040.8330650515,0.002732018057977279,0.9995083576452928,8.395281319396837
90,2,0.8,32,-1,1,HEFT,108.57845770224327,57605.05821928132,0.00205567577023513,0.9996300468109215,13.330285037743984
90,2,0.8,32,-1,1,GA,148.83699192020532,77432.96132544907,0.0026200977297274187,0.9995284936027437,7.814704141202784
90,2,0.8,32,-1,2,HEFT,86.54508302576012,47583.486894241236,0.0018540277793733008,0.9996663306797072,13.689602930325432
90,2,0.8,32,-1,2,GA,118.58125931880207,62609.248064218,0.0022059488999739024,0.9996030080201828,6.919296981715847
90,2,1,4,-1,0,HEFT,145.5672010631633,27702.93085628,0.0026764477009364553,0.9995183554418293,2.66380805573984
90,2,1,4,-1,0,GA,195.29638757466978,30007.362670777336,0.0026657798536425304,0.9995202747313248,7.613882398870233
90,2,1,4,-1,1,HEFT,143.4904770715623,27680.974453157352,0.0026864898648220102,0.9995165487245778,7.6685483915687005
90,2,1,4,-1,1,GA,206.30580269783826,30291.84421978124,0.0026342591331117576,0.9995259457552773,25.5173178844798
90,2,1,4,-1,2,HEFT,125.38574247494554,23159.719613073365,0.0022146258364697646,0.9996014467928733,7.745405634784667
90,2,1,4,-1,2,GA,150.21134825632691,24094.330924234855,0.0021814194067094526,0.9996074215858711,22.681404644911424
90,2,1,8,-1,0,HEFT,106.23207048073441,27052.679255876952,0.002177571122703676,0.9996081140052966,8.409083229439974
90,2,1,8,-1,0,GA,137.464627457022,30204.786795651326,0.0021974396072063584,0.9996045390859917,10.255857177316612
90,2,1,8,-1,1,HEFT,119.5759344508771,31858.97601183519,0.0026330344062727375,0.9995261661016264,15.452817741047483
90,2,1,8,-1,1,GA,172.38572640709666,38020.22667078617,0.0027740564516414595,0.999500794483263,8.862140872350157
90,2,1,8,-1,2,HEFT,86.8792132974702,24371.01494800026,0.002071138303804021,0.9996272645884257,11.73055624949389
90,2,1,8,-1,2,GA,122.99262613882401,28572.455725014952,0.002166041810812383,0.999610188470318,10.845141852012093
90,2,1,16,-1,0,HEFT,97.29126514377289,35355.91175039082,0.0021545205223238275,0.9996122614959913,16.777135412382947
90,2,1,16,-1,0,GA,140.80283998965393,45971.578032110105,0.0024466967382553682,0.9995596915513435,9.624612167019393
90,2,1,16,-1,1,HEFT,108.85866316229313,36720.71077897614,0.0020439079395110937,0.9996321642390552,16.563423519909747
90,2,1,16,-1,1,GA,148.32257070921764,47110.80589113498,0.0024073478443107487,0.9995667712587073,10.902835462044921
90,2,1,16,-1,2,HEFT,99.25273386228007,37106.71767516696,0.0023320662498203084,0.9995803161669401,16.421413037360235
90,2,1,16,-1,2,GA,138.27157576914783,47504.578853064915,0.002707549910256917,0.9995127597562522,10.354207035130388
90,2,1,32,-1,0,HEFT,104.26147002003988,57223.04905579997,0.0022204967142254086,0.9996003904566103,16.383888691384094
90,2,1,32,-1,0,GA,141.30807039592787,76378.23057009223,0.002857355495872859,0.9994858082526528,8.91882280134556
90,2,1,32,-1,1,HEFT,107.97383501593376,56403.364199851785,0.0019304149294228972,0.9996525856750418,18.090237916176815
90,2,1,32,-1,1,GA,148.85064313458525,76018.01019963804,0.0024366102372037858,0.9995615063237678,8.592062159489286
90,2,1,32,-1,2,HEFT,90.72323559264524,49588.42880568468,0.0019057760126755688,0.9996570191491028,14.997883702369453
90,2,1,32,-1,2,GA,141.12296069036282,74780.71821757918,0.0026601422884340916,0.9995212890067702,7.857081866356075
90,2,2,4,-1,0,HEFT,127.47420121710567,26745.82941224967,0.0026649958338279844,0.9995204157872014,1.2989489319619325
90,2,2,4,-1,0,GA,171.3643672317368,29775.333940864457,0.002784217611594457,0.9994989663891943,10.927843066895127
90,2,2,4,-1,1,HEFT,117.24600703584812,24812.53912711751,0.002478647388810956,0.9995539429830389,3.4682059906633995
90,2,2,4,-1,1,GA,164.27726536897774,27657.31263516535,0.0025545224673713712,0.9995402916541499,2.1638386335418787
90,2,2,4,-1,2,HEFT,115.92720639450629,24736.558100002294,0.0024770093272695084,0.9995542377026405,2.1468380836716277
90,2,2,4,-1,2,GA,166.81834016362814,27027.071747917653,0.0024573373927730627,0.9995577770786939,12.016453465066927
90,2,2,8,-1,0,HEFT,77.44115845552882,27366.107505032764,0.002575162311796124,0.9995365781969469,7.665641161578065
90,2,2,8,-1,0,GA,133.3793070710871,34726.970950106304,0.0028323717663154965,0.9994903030217226,13.099419328129098
90,2,2,8,-1,1,HEFT,73.00249331171779,26407.402990724695,0.0025063518905426084,0.9995489584095576,6.65634063152349
90,2,2,8,-1,1,GA,109.83826731180385,30781.539274323593,0.002614607960257161,0.9995294812958136,14.152159242389903
90,2,2,8,-1,2,HEFT,77.42903575154129,27285.982338266997,0.0025649605821859212,0.999538413658975,8.110147714737007
90,2,2,8,-1,2,GA,116.62373180305899,32399.875037434256,0.002739534468261059,0.9995070053575263,13.073365314536042
90,2,2,16,-1,0,HEFT,50.617745811163154,25463.5859879298,0.0020342349860706043,0.9996339047317401,5.958767355592494
90,2,2,16,-1,0,GA,70.18016555438345,30365.80546844429,0.002182327349095952,0.9996072582204143,6.493138665572285
90,2,2,16,-1,1,HEFT,58.27510662187325,28137.11605563585,0.0021897022718651406,0.9996059312565558,10.95866997832224
90,2,2,16,-1,1,GA,79.64532084911433,34273.1305746922,0.0024523551642974483,0.9995586734836356,11.072342951696768
90,2,2,16,-1,2,HEFT,56.01736912033148,29364.787112752238,0.0024043219950450377,0.9995673156757651,6.12186852359749
90,2,2,16,-1,2,GA,77.03652416795023,35308.688780532495,0.002650862550424555,0.9995229585613898,10.328726065204545
90,2,2,32,-1,0,HEFT,55.55173881825723,38504.55996603039,0.002218694090415972,0.9996007147992864,9.848148049106669
90,2,2,32,-1,0,GA,75.0882355227639,49783.12512774811,0.002706620502197259,0.9995129269682056,9.597107290697023
90,2,2,32,-1,1,HEFT,53.44294426870894,34616.042024734255,0.0018209239567894085,0.9996722873972874,9.172478279624416
90,2,2,32,-1,1,GA,71.3186913963684,45342.47797390742,0.0023199096224421137,0.9995825034439126,7.05191982781604
90,2,2,32,-1,2,HEFT,55.125232908824294,36601.7590738618,0.0019940141649707073,0.9996411418552968,11.72676420603436
90,2,2,32,-1,2,GA,79.98784714042638,49687.79960841326,0.0024512230370141515,0.999558877176633,7.294477701011814
90,2,4,4,-1,0,HEFT,86.24143269137008,18782.93352062087,0.0018919050066453626,0.999659515076957,0.2367386674370558
90,2,4,4,-1,0,GA,111.21286175098837,20112.365127341436,0.0019088046205806197,0.9996564741868041,6.193557455571563
90,2,4,4,-1,1,HEFT,117.0337694309543,25329.128517733458,0.002546706406336906,0.999541697899366,1.4418139132783494
90,2,4,4,-1,1,GA,125.95975715635068,25289.04439101596,0.00248617261595751,0.9995525890472716,9.505888456701992
90,2,4,4,-1,2,HEFT,105.88172154508447,22865.268445813184,0.0022975382185593195,0.999586528623519,1.0487657960336683
90,2,4,4,-1,2,GA,125.96362443143107,23152.602126318478,0.0022101225004663807,0.9996022570706158,16.826802096469834
90,2,4,8,-1,0,HEFT,52.488127233882935,21867.748200926922,0.0021742749336529925,0.9996087070869905,1.1790299710677432
90,2,4,8,-1,0,GA,79.17338256733554,24308.71018846849,0.002158664788372646,0.9996115158176225,14.498337806296064
90,2,4,8,-1,1,HEFT,68.51071237755194,28397.835771832375,0.002819225760153409,0.9994926680995443,1.945634400726121
90,2,4,8,-1,1,GA,114.08029247605405,33729.546016246815,0.002942873118675145,0.9994704231140041,12.374276175838446
90,2,4,8,-1,2,HEFT,63.506346712257525,26185.397514950047,0.0025954506757846674,0.9995329279904672,2.0812893295149504
90,2,4,8,-1,2,GA,99.2943722518909,29654.590129814045,0.002599784288583013,0.9995321483048067,9.788721483597676
90,2,4,16,-1,0,HEFT,36.68904707347522,24797.686335084087,0.002293719547413029,0.9995872157003568,2.5771280732700497
90,2,4,16,-1,0,GA,70.60922481499651,33886.337043238556,0.0026265330592712176,0.9995273357902702,7.289217147381058
90,2,4,16,-1,1,HEFT,37.630458796407126,23980.886499925837,0.0021648370040071928,0.9996104052510302,3.3904177500341803
90,2,4,16,-1,1,GA,57.428774127398796,28810.96605248806,0.0022977572894092367,0.9995864892070703,7.372194652278929
90,2,4,16,-1,2,HEFT,37.329922082371965,23546.627082603176,0.002116186310437695,0.9996191590024713,2.703030215310779
90,2,4,16,-1,2,GA,68.80112096059237,31726.201669736194,0.002392297990349155,0.9995694790624832,8.323873333639392
90,2,4,32,-1,0,HEFT,37.236618170670724,30046.245034384876,0.002034545692099137,0.9996338488251304,6.015267883915226
90,2,4,32,-1,0,GA,56.492603123222665,41062.35111619824,0.0025024795241447985,0.9995496551213638,6.551206514907207
90,2,4,32,-1,1,HEFT,36.29506524707663,30160.155520641405,0.0020959755123726074,0.9996227955672602,5.434642361561886
90,2,4,32,-1,1,GA,55.216324548819046,39853.85177099694,0.0024096619049419157,0.9995663549083341,7.093377189946323
90,2,4,32,-1,2,HEFT,37.14248445170129,32308.662523092396,0.0023315178932350263,0.9995804148297062,5.792971051007215
90,2,4,32,-1,2,GA,62.550782823963885,46677.09573824623,0.0029273378725896766,0.9994732179813283,8.680073744878793
90,5,0.8,4,-1,0,HEFT,175.6852915332568,24441.083321760594,0.002068241515266701,0.999627785816146,18.142373691079086
90,5,0.8,4,-1,0,GA,231.61402686677536,27638.951477937364,0.0021345579054692695,0.9996158533802298,18.36348167906128
90,5,0.8,4,-1,2,HEFT,199.43097969278372,29765.309469824857,0.002608865948911013,0.9995305143720798,7.313710903991653
90,5,0.8,4,-1,2,GA,276.10245840854697,33015.67672904314,0.0025533280007019226,0.9995405065593348,11.10902592023692
90,5,0.8,8,-1,0,HEFT,202.95068397862929,36572.97210836659,0.0022079724090979564,0.9996026439332039,33.7103961083628
90,5,0.8,8,-1,0,GA,294.25745085471067,47668.400467792715,0.0025090032539716394,0.9995484813795109,15.300840427309627
90,5,0.8,8,-1,1,HEFT,181.4041305512032,33549.80418466016,0.002084626311594917,0.9996248376549111,26.31677166935375
90,5,0.8,8,-1,1,GA,231.15332481278543,38744.79997493376,0.0021387701282824766,0.9996150954716699,10.09641338895357
90,5,0.8,8,-1,2,HEFT,165.88855466917425,31420.59772306777,0.0020019762887373443,0.9996397091883558,25.401242041225863
90,5,0.8,8,-1,2,GA,237.51974510190385,40435.47147833996,0.002278239786635296,0.9995900009110122,19.1577488548941
90,5,0.8,16,-1,0,HEFT,189.60229652785696,52946.708889084235,0.0021373472811028037,0.9996153514856164,20.276182600012636
90,5,0.8,16,-1,0,GA,237.53403695157257,64028.98471875299,0.002380161450135794,0.9995716627016007,11.283057654785583
90,5,0.8,16,-1,1,HEFT,157.44776410333483,47879.08376415825,0.002280247164898962,0.9995896397311345,23.405481559466626
90,5,0.8,16,-1,1,GA,205.6460479366906,59318.5262000149,0.0025625949607455175,0.9995388392743757,12.44199721272208
90,5,0.8,16,-1,2,HEFT,171.10193514693987,47973.417061876724,0.001953726810550939,0.9996483910030386,26.289779346084618
90,5,0.8,16,-1,2,GA,211.98115917735765,58350.697631821735,0.002280402463794452,0.9995896117888051,11.04017501865247
90,5,0.8,32,-1,0,HEFT,157.04310812949723,74685.4358777266,0.0018579951364340647,0.9996656167939721,17.5281333634249
90,5,0.8,32,-1,0,GA,228.03281655322672,105317.96810049286,0.0022937166077588883,0.9995872162292758,7.7220971062312085
90,5,0.8,32,-1,1,HEFT,136.87169708690644,68506.08726639237,0.002060381858529754,0.9996292000287741,16.709532690785217
90,5,0.8,32,-1,1,GA,211.90538124791192,100205.89194449218,0.0024333624735521976,0.9995620906650551,9.818780905249449
90,5,0.8,32,-1,2,HEFT,183.06730151389723,86540.0840739469,0.002098480657959995,0.9996223448112469,21.525429125340242
90,5,0.8,32,-1,2,GA,261.01221642580515,120438.36314094963,0.0026110687381706,0.9995301180562433,7.636851933249006
90,5,1,4,-1,0,HEFT,140.93023677356763,23125.894636549307,0.002113855719821455,0.9996195783491052,13.581062295822061
90,5,1,4,-1,0,GA,221.69937335529997,27405.744704760848,0.0021659140547424355,0.9996102114574469,4.279122575249467
90,5,1,4,-1,1,HEFT,271.4770110904478,40335.09048350996,0.0035276736371018685,0.9993652203032541,7.9595867025698785
90,5,1,4,-1,1,GA,354.6960124434672,43920.98590291622,0.003474880788841057,0.9993747170289347,11.230717346123855
90,5,1,4,-1,2,HEFT,148.19083563786,23691.983977168893,0.0021419669078232067,0.9996145202730005,11.336219855553548
90,5,1,4,-1,2,GA,203.9898158837084,26072.75706606346,0.0021035201425898525,0.9996214380469988,9.561158528398044
90,5,1,8,-1,0,HEFT,207.69868148815348,42081.25687099703,0.0028607472155212266,0.9994851980572217,22.854680069521248
90,5,1,8,-1,0,GA,268.159513065365,48564.345413113704,0.002948453767291817,0.9994694191297259,11.39082716208749
90,5,1,8,-1,1,HEFT,211.33991381853758,41650.60912750391,0.002759945400636214,0.9995033332076908,31.26773899443233
90,5,1,8,-1,1,GA,293.64177466178376,51992.31307227877,0.0030752845871766833,0.9994466019555219,10.95148573376963
90,5,1,8,-1,2,HEFT,188.4863632060692,37461.20570005785,0.002502133699260362,0.9995497173418115,25.70535304209463
90,5,1,8,-1,2,GA,253.98623338425864,44541.339139075346,0.0026044781310318493,0.9995313038088066,10.351031018854371
90,5,1,16,-1,0,HEFT,157.34563243090216,47157.84080689476,0.002189596819142319,0.9996059502305666,21.220455341925167
90,5,1,16,-1,0,GA,220.71904473714727,61144.632956955975,0.0024246222696929845,0.9995636632140508,10.750966721699271
90,5,1,16,-1,1,HEFT,184.4933845419025,53743.907531909834,0.0023670772222047234,0.9995740168565972,25.73628706563982
90,5,1,16,-1,1,GA,239.11730659364403,67797.45047959032,0.002827768425531094,0.9994911312010718,10.350002584439135
90,5,1,16,-1,2,HEFT,155.74289276531198,45398.19807551134,0.0020020106801771887,0.9996397030001273,20.077964348835486
90,5,1,16,-1,2,GA,198.61705473222403,56060.54494124742,0.0023160297716615513,0.9995832015257279,8.964857447718162
90,5,1,32,-1,0,HEFT,171.90888245284611,81568.32015350545,0.00200972988263728,0.9996383140452664,19.850314674651873
90,5,1,32,-1,0,GA,239.15904852930996,112570.6042852084,0.0026787506007691715,0.9995179411195981,8.417145299411319
90,5,1,32,-1,1,HEFT,176.71428535406122,82879.16200851463,0.0019406817096324453,0.9996507382983396,16.140692735904064
90,5,1,32,-1,1,GA,212.3942100545331,99919.00643273878,0.00237204519015479,0.999573123003694,7.504343913997867
90,5,1,32,-1,2,HEFT,143.36529184563082,69863.60428100539,0.0019136088129564808,0.9996556097296164,18.310993682189824
90,5,1,32,-1,2,GA,195.0817764636048,93050.59652372584,0.002343565163010541,0.9995782472333705,6.816426282362564
90,5,2,4,-1,0,HEFT,115.06443782128916,23375.39705128564,0.002306499229439763,0.9995849163097827,4.042694677149501
90,5,2,4,-1,0,GA,165.99943222890423,25533.23384655672,0.0022694135787557253,0.9995915889783201,19.115868310474365
90,5,2,4,-1,1,HEFT,142.86597101769715,27740.352061872014,0.002698034296256143,0.9995144717336892,7.389468287476847
90,5,2,4,-1,1,GA,197.9122817369259,29781.27412439609,0.0026203468476774737,0.9995284487826569,16.915376949147706
90,5,2,4,-1,2,HEFT,132.06527770499562,25993.864055864255,0.0025393708948352025,0.9995430176871684,8.431771124078812
90,5,2,4,-1,2,GA,228.83931761472425,31798.575384588563,0.0026891845140932557,0.9995160639223181,21.277575960439258
90,5,2,8,-1,0,HEFT,93.67146774749094,26988.66156556588,0.002325090524781234,0.9995815712712666,6.163235035528395
90,5,2,8,-1,0,GA,133.10883121138804,30700.871076673706,0.002315558563356648,0.9995832863078744,10.798395739252108
90,5,2,8,-1,1,HEFT,94.73645786975692,26409.032364148312,0.0022369938512469827,0.9995974221629876,9.246863153366947
90,5,2,8,-1,1,GA,123.05106126538193,29055.910150259544,0.0022277788460959794,0.9995990801975345,13.053676522162448
90,5,2,8,-1,2,HEFT,102.86720012790754,28914.259729549012,0.0024598202218694947,0.9995573303671896,9.3029479579282
90,5,2,8,-1,2,GA,148.89983120994845,33044.47799344336,0.002422492790347327,0.9995640463531559,14.647805724819154
90,5,2,16,-1,0,HEFT,91.39288791093668,32917.138243664274,0.0019857498404088417,0.9996426289009956,15.319333140026187
90,5,2,16,-1,0,GA,116.9487628745518,40225.86042662418,0.0022960850070685057,0.9995867900934658,9.701034153138808
90,5,2,16,-1,1,HEFT,93.1495929904704,34755.793941156895,0.002179725075838059,0.9996077264457474,11.76001874022633
90,5,2,16,-1,1,GA,121.47094241846344,41450.18581036359,0.0023420884839817323,0.9995785129235282,11.193559140750684
90,5,2,16,-1,2,HEFT,95.65587669473926,35897.17619623134,0.002265019104759871,0.999592379660897,11.028427558684376
90,5,2,16,-1,2,GA,136.28292782356664,45889.4714847593,0.0025482105093843034,0.9995414272849322,8.867323647203378
90,5,2,32,-1,0,HEFT,105.1972692584265,56352.21533619167,0.0020615586487023117,0.9996289882851078,15.289513706183037
90,5,2,32,-1,0,GA,131.2396171374656,69916.43709883952,0.0025220186199034554,0.9995461396741895,8.054775104752565
90,5,2,32,-1,1,HEFT,85.09098836159377,46835.17634773815,0.001829487960838003,0.999670746382922,15.795683679849338
90,5,2,32,-1,1,GA,116.80491327045871,62744.43369772264,0.002311543540292829,0.999584008711127,7.048470943127176
90,5,2,32,-1,2,HEFT,101.79860042728953,53919.17247107792,0.0019158281533590109,0.9996552103860009,12.859405020567108
90,5,2,32,-1,2,GA,118.32558460096902,63751.522608804895,0.0023662142276528147,0.9995741721294563,6.934745272205808
90,5,4,4,-1,0,HEFT,109.86780034198203,23958.489929682324,0.0024140614358226335,0.9995655633364995,0.941749080819758
90,5,4,4,-1,0,GA,154.27314665440798,25428.169958441882,0.002328560583854044,0.9995809469221842,19.16722401954315
90,5,4,4,-1,1,HEFT,131.64620007305155,28204.640201941314,0.00282759981891923,0.9994911615348193,2.4327352459264504
90,5,4,4,-1,1,GA,179.95293997933564,30275.84157372199,0.0027956202137873233,0.9994969149512605,15.758287074024551
90,5,4,4,-1,2,HEFT,112.67100864568646,23541.66254663604,0.002342823531220037,0.9995783806708006,1.7014748837834546
90,5,4,4,-1,2,GA,139.61115514166366,25141.210379373748,0.0023824127819862917,0.9995712576355289,14.351028655259473
90,5,4,8,-1,0,HEFT,66.76964925286802,24142.65417869508,0.002291055277832009,0.9995876950710384,2.990937292785938
90,5,4,8,-1,0,GA,91.37051761313563,26674.725974049587,0.002313069287233665,0.9995837341909606,11.622354675800043
90,5,4,8,-1,1,HEFT,73.2512879077092,25236.438042443537,0.002351978605077965,0.9995767334536556,5.839886745853632
90,5,4,8,-1,1,GA,110.67687987793545,28533.714145743863,0.0023137898808090517,0.9995836045381183,7.867279081758519
90,5,4,8,-1,2,HEFT,75.94755432961166,26561.01890148647,0.002489671018842862,0.9995519596166912,3.9796362922718633
90,5,4,8,-1,2,GA,117.79040982068122,31387.643453791425,0.0025942847688638273,0.9995331377557128,10.087126969412113
90,5,4,16,-1,0,HEFT,62.68698938689872,28621.74916547683,0.002142874315657917,0.9996143570025661,5.689628005282017
90,5,4,16,-1,0,GA,79.4192170286037,33900.82406242709,0.0024098623246686275,0.9995663188484284,9.27175869775349
90,5,4,16,-1,1,HEFT,67.83902895741694,31491.956960869353,0.0023858996642177385,0.9995706302660194,8.125290212813267
90,5,4,16,-1,1,GA,87.22210000900832,36699.13393059319,0.0025778411794397413,0.9995360962243476,8.567907589978976
90,5,4,16,-1,2,HEFT,60.3013549635527,27756.570157242437,0.0020902726103669664,0.9996238217029383,7.124198194088764
90,5,4,16,-1,2,GA,79.06991751574019,32176.387698595878,0.0021957317229423464,0.9996048463836341,8.884422406183146
90,5,4,32,-1,0,HEFT,66.1370525014609,40964.59798367334,0.0020113656102212344,0.9996380197208364,9.3095732820319
90,5,4,32,-1,0,GA,78.3315648928212,49202.876899163704,0.0024707436667080573,0.9995553650194362,6.883694411739453
90,5,4,32,-1,1,HEFT,71.02669648740101,43616.867817074904,0.0021114491428828046,0.9996200113682555,9.747238851872801
90,5,4,32,-1,1,GA,86.5162862215557,54194.70967753732,0.0027096196083281573,0.9995123873921886,8.24799006479125
90,5,4,32,-1,2,HEFT,67.0156966669497,41836.13014988676,0.0020803750167671937,0.9996256026011873,11.939098122142223
90,5,4,32,-1,2,GA,80.89690817885058,50798.166722331865,0.0025495806177846564,0.9995411807785449,7.676327884006477
90,8,0.8,4,-1,0,HEFT,287.5427598668399,34767.71493683274,0.0027087419203132325,0.9995125452990088,32.1337454683079
90,8,0.8,4,-1,0,GA,400.16165451717853,39825.325124476134,0.0026637681792831486,0.999520636659066,9.878985394434697
90,8,0.8,4,-1,1,HEFT,259.2322820951247,32643.521110210142,0.0026098671278610027,0.9995303342444923,40.154135687202924
90,8,0.8,4,-1,1,GA,336.2397723768496,35252.758949180985,0.0024694121285648843,0.999555604589763,27.204532483675067
90,8,0.8,4,-1,2,HEFT,301.4776830081232,39094.36896449571,0.003181323020685504,0.9994275257822063,36.59264143140075
90,8,0.8,4,-1,2,GA,419.19734936827524,44457.84991872971,0.0031442347737793935,0.9994341978671499,13.732028412741862
90,8,0.8,8,-1,0,HEFT,229.93781521963032,40344.3419034659,0.002360505380152635,0.999575199284957,33.28237184907101
90,8,0.8,8,-1,0,GA,328.62471662837635,49863.06588496886,0.002366291096724126,0.999574158298916,10.791370694231512
90,8,0.8,8,-1,2,HEFT,302.1843196180466,50940.07255464622,0.002833382153916505,0.9994901212446701,37.42344713389037
90,8,0.8,8,-1,2,GA,430.8197335315129,64755.56108840124,0.003022850990875452,0.9994560348243731,18.668281968590655
90,8,0.8,16,-1,0,HEFT,250.4132117364237,65430.58656387855,0.002241763554326253,0.9995965639624338,27.975912413707675
90,8,0.8,16,-1,0,GA,341.8178290238887,86409.57434001466,0.0026848257322258425,0.9995168481236751,10.545114067002384
90,8,0.8,16,-1,2,HEFT,246.3881168652622,65437.39677390296,0.0023424907410558938,0.9995784405477759,25.9483553800824
90,8,0.8,16,-1,2,GA,353.97478464002,88680.53870685656,0.0026766640899189564,0.9995183165105731,11.279012654870357
90,8,0.8,32,-1,0,HEFT,242.61440187748553,107113.49339142232,0.0018022691305514058,0.9996756441712299,20.981936587872912
90,8,0.8,32,-1,0,GA,335.7365416453875,146879.7077063726,0.0023200097822408043,0.999582485422675,8.425014086705122
90,8,0.8,32,-1,1,HEFT,205.1120306003126,94602.73016876444,0.002046474214243462,0.9996317024796244,18.288866274751292
90,8,0.8,32,-1,1,GA,298.42391383745706,133352.0234509302,0.002423416090096468,0.9995638802316682,6.777721577248171
90,8,0.8,32,-1,2,HEFT,208.38706065596273,94252.49709091238,0.0018387423512949217,0.9996690811424941,17.828830112049342
90,8,0.8,32,-1,2,GA,300.3328331772239,134117.44920506328,0.0024276022306213593,0.9995631270552757,7.836886027214983
90,8,1,4,-1,0,HEFT,260.02328611976674,33054.8355477227,0.002658103076740813,0.999521655889227,37.194598145160754
90,8,1,4,-1,0,GA,364.85877132205934,37462.3540514833,0.002577407367961816,0.9995361742741918,20.45651959287083
90,8,1,4,-1,1,HEFT,250.61915920696072,30795.606102520745,0.0024245331344427182,0.9995636792513956,24.75043788841492
90,8,1,4,-1,1,GA,330.10919287227136,34408.628786015186,0.0023983704816726305,0.9995683864852227,21.19143861237314
90,8,1,4,-1,2,HEFT,209.82016128973558,27980.0483738573,0.0023137830273837197,0.9995836057712205,22.88649428616923
90,8,1,4,-1,2,GA,279.1427688773845,30409.135325824616,0.0021977109069392974,0.9996044902713523,14.388626932138074
90,8,1,8,-1,0,HEFT,236.7359866368252,40634.36307049287,0.0023136574099945286,0.999583628372936,34.310280801951556
90,8,1,8,-1,0,GA,307.2437385651703,48558.35126494443,0.0024629137419493645,0.9995567737802231,19.362026086608452
90,8,1,8,-1,1,HEFT,230.796217657335,41139.875741031814,0.0024526406777684306,0.9995586221138919,36.55469913115378
90,8,1,8,-1,1,GA,328.65622415793933,53018.47176540889,0.0027735754840112026,0.9995008810142215,10.032572509872054
90,8,1,8,-1,2,HEFT,223.8863607733787,37673.18052650444,0.0020904508904728792,0.9996237896245923,31.132896898227372
90,8,1,8,-1,2,GA,288.5201370539453,45538.29051585084,0.0023049557310945846,0.9995851940242003,14.57856387881981
90,8,1,16,-1,0,HEFT,187.39017304726542,50525.89485404088,0.0018794549908224705,0.9996617553192871,21.92276626673669
90,8,1,16,-1,0,GA,287.9926851759483,73058.41545668858,0.002295067170918154,0.9995869732282862,9.845033227707168
90,8,1,16,-1,1,HEFT,228.64682263428122,61410.94038515138,0.002262370857799662,0.9995928561511568,26.73259475275159
90,8,1,16,-1,1,GA,334.2806418654306,84622.40806984776,0.002640894681096265,0.9995247519235628,7.880905196422905
90,8,1,16,-1,2,HEFT,215.86420630614109,58795.03912900618,0.00224148727625673,0.9995966136724249,28.610421204357433
90,8,1,16,-1,2,GA,309.42115556295533,79744.58959398943,0.0026273550033465132,0.9995271879102792,8.444529773521538
90,8,1,32,-1,0,HEFT,228.65203473032375,102499.77541839232,0.0018988881242826881,0.9996582585445472,18.954191543508557
90,8,1,32,-1,0,GA,293.05945417590624,130405.93275387606,0.0023089279522387684,0.9995844793212368,8.055019553652427
90,8,1,32,-1,1,HEFT,185.65361865693814,85267.5035370083,0.001805751159269258,0.9996750176095527,20.122579917446668
90,8,1,32,-1,1,GA,255.42891960943484,115763.08153556281,0.002284027959372072,0.9995889594676284,6.902705152594134
90,8,1,32,-1,2,HEFT,215.15115457392247,97430.85970828647,0.0019138005622610138,0.9996555752266282,19.760481446448523
90,8,1,32,-1,2,GA,304.6208248579831,134648.83660005237,0.0022835193610577296,0.9995890509776996,7.061425707923557
90,8,2,4,-1,0,HEFT,163.11427769168543,28201.195294279678,0.0026320038714572063,0.9995263515100156,11.01331609377421
90,8,2,4,-1,0,GA,247.22407844458377,32486.8996882761,0.002664101282033085,0.9995205767293148,5.777566305155577
90,8,2,4,-1,1,HEFT,161.99207079498223,27592.541809189577,0.002560325892897988,0.9995392475183191,16.356335350085867
90,8,2,4,-1,1,GA,271.1538812216847,32507.058214405537,0.0025183038650858753,0.9995468080268025,15.753605568285106
90,8,2,4,-1,2,HEFT,189.9484643819179,34342.782564216184,0.0032590770379695255,0.99941353816917,15.879819415137183
90,8,2,4,-1,2,GA,269.6432955978189,37828.61150255533,0.0032152110224625352,0.9994214294524806,9.307327059090511
90,8,2,8,-1,0,HEFT,131.6138956569862,32390.432191690485,0.0025523899494340834,0.9995406753309916,15.902352070069961
90,8,2,8,-1,0,GA,201.7001837873672,40450.75676229686,0.0027244882582312165,0.9995097123438109,10.180426984417423
90,8,2,8,-1,1,HEFT,121.78001388046683,27311.292423258365,0.0020181409677950328,0.9996368005986739,12.162544513386766
90,8,2,8,-1,1,GA,173.98475997074954,32797.41893861962,0.0020794421164635223,0.999625770460386,10.530304618591892
90,8,2,8,-1,2,HEFT,136.9604892055994,33557.811249708626,0.002636899778549235,0.9995254706645365,9.664276301028124
90,8,2,8,-1,2,GA,190.34478291336097,38666.76786763578,0.002634840918340198,0.9995258410835851,20.821431407798634
90,8,2,16,-1,0,HEFT,128.30793881137106,40804.775648727256,0.0020891022476671847,0.9996240322889991,18.38514491571238
90,8,2,16,-1,0,GA,191.5133404029089,54682.07564326949,0.002314149132546638,0.9995835398997333,9.073403213394895
90,8,2,16,-1,1,HEFT,128.62446161112072,41261.26903045977,0.002140228992393359,0.9996148329772397,19.11166198644572
90,8,2,16,-1,1,GA,170.93328509241044,50700.604598010366,0.0023102601886650594,0.9995842396183506,12.219570729026044
90,8,2,16,-1,2,HEFT,144.66570626626248,44111.17293118591,0.0021105112826955447,0.999620180118956,17.16685064222476
90,8,2,16,-1,2,GA,185.65844518779005,53586.06325607532,0.0023177831757131306,0.999582886044596,10.701655573716957
90,8,2,32,-1,0,HEFT,125.16718702221362,63417.545243470624,0.0019836363600698446,0.9996430091915758,14.692364728009059
90,8,2,32,-1,0,GA,155.3114875267377,78356.54468593866,0.002418208459389067,0.9995648171968275,8.915487717664194
90,8,2,32,-1,1,HEFT,139.2752964934444,68728.69390794312,0.0019698940638837813,0.9996454819248899,17.183411162465443
90,8,2,32,-1,1,GA,181.28123733251425,88253.53878107741,0.002408468171239268,0.9995665696872453,7.5869825089824054
90,8,2,32,-1,2,HEFT,133.04003308488743,65503.75546837435,0.0018625817524260443,0.9996647914794979,18.201760777131938
90,8,2,32,-1,2,GA,176.26342136798635,85398.49707721063,0.00228854564236484,0.9995881466192719,6.736195660475045
90,8,4,4,-1,0,HEFT,122.80961958254363,24446.716774992583,0.0023968804954819754,0.9995686545670154,3.8103274952659034
90,8,4,4,-1,0,GA,166.26055224585593,26326.522017072617,0.0023702862415079496,0.9995734394793471,18.3701762801821
90,8,4,4,-1,1,HEFT,134.26482469099705,27484.293669726223,0.002718292258986869,0.9995108270774877,3.8641717909046207
90,8,4,4,-1,1,GA,188.5595200423175,29705.595706715154,0.002668570897245984,0.9995197725846107,8.686670366518163
90,8,4,4,-1,2,HEFT,136.37691373297383,26722.174110950466,0.002606728973096605,0.9995308988472098,3.649236465250914
90,8,4,4,-1,2,GA,166.63957675002533,28075.24298464849,0.002593868643494479,0.9995332126233134,12.797569474234514
90,8,4,8,-1,0,HEFT,84.92532414202496,26632.92552119933,0.0023876090960678205,0.9995703227004491,7.455528062530272
90,8,4,8,-1,0,GA,113.50313215481226,28498.03638045755,0.0022741260586040786,0.9995907410787397,6.722721784215981
90,8,4,8,-1,1,HEFT,107.26305863933446,32177.8675665336,0.0028269527050591076,0.9994912779560512,8.189424652628015
90,8,4,8,-1,1,GA,146.07750194421712,35715.21799327235,0.0028025552721740966,0.9994956672695362,10.314367487176066
90,8,4,8,-1,2,HEFT,96.30472482687018,29141.252114198982,0.0025705424458423057,0.9995374093877935,5.482514326874292
90,8,4,8,-1,2,GA,129.06703562612867,31986.451943428227,0.002531785080532284,0.9995443825106902,12.58981610861718
90,8,4,16,-1,0,HEFT,85.42862732916528,33393.35630052538,0.002195227371230704,0.9996049371310725,8.709774818058865
90,8,4,16,-1,0,GA,128.82707920999573,43943.56902909327,0.0024817532068183586,0.99955338418532,8.543087643504382
90,8,4,16,-1,1,HEFT,96.08347740275691,36176.98086193307,0.002290562429018572,0.9995877837472513,13.396152099469642
90,8,4,16,-1,1,GA,123.6271646851558,43546.6030462169,0.002559455739879455,0.9995394040737078,9.952182682636675
90,8,4,16,-1,2,HEFT,96.95558096607546,35985.17801127645,0.0022441481221950853,0.9995961349134729,10.785613425951114
90,8,4,16,-1,2,GA,138.91750080554152,46223.547008266374,0.002526018973333643,0.999545419937639,8.548869055031869
90,8,4,32,-1,0,HEFT,112.93557438997071,63741.74261328303,0.0026323620216452547,0.9995262870735192,9.707917361008267
90,8,4,32,-1,0,GA,134.09359808566012,73673.18200237528,0.002865793325256045,0.9994842902254768,7.804746108918168
90,8,4,32,-1,1,HEFT,81.37224009139797,46282.159167113714,0.0019425347509065755,0.9996504048674612,10.298869557198994
90,8,4,32,-1,1,GA,103.86044205577323,57595.069586137426,0.0022884573432455434,0.9995881625065676,6.396564004875184
90,8,4,32,-1,2,HEFT,89.91588131202576,51057.33640810888,0.0021356121426732537,0.9996156636904482,9.96817371104505
90,8,4,32,-1,2,GA,111.7840599729137,63112.923433334094,0.002608248630973544,0.9995306254371461,7.950612340109872
90,10,0.5,32,-1,2,HEFT,271.1660649245709,118340.16056860903,0.0018362263097640589,0.9996695338802032,30.94373006576946
90,10,0.5,32,-1,2,GA,464.23778224672606,195112.3371813045,0.002176360309891689,0.9996083318662161,6.614400647629104
90,10,0.8,4,-1,0,HEFT,315.8932468824645,34961.042350606396,0.0025579026486108655,0.9995396835014134,24.15371894613507
90,10,0.8,4,-1,0,GA,417.23112561389365,39129.44784234078,0.0024680043685883575,0.9995558578739819,15.262559337815114
90,10,0.8,4,-1,1,HEFT,282.05566820645015,30534.079621929253,0.002195789088891427,0.9996048360618434,64.75187620889012
90,10,0.8,4,-1,1,GA,430.21466216021486,39400.45733207333,0.0024225004584474187,0.9995640449734994,14.713864050173472
90,10,0.8,8,-1,0,HEFT,286.49643330154817,44260.09602261035,0.002164914525279293,0.999610391302639,39.001341509538676
90,10,0.8,8,-1,0,GA,411.2556208590021,57717.37717529086,0.0023561805649646847,0.9995759774213007,19.167614619529676
90,10,0.8,8,-1,1,HEFT,250.59288019044325,42446.37587221633,0.002375899143919093,0.9995724295883869,41.11315685982901
90,10,0.8,8,-1,1,GA,352.49524145658086,52937.4505181664,0.0024674298886737263,0.999555961234445,15.874865364845856
90,10,0.8,8,-1,2,HEFT,256.02988771319383,42025.70469598291,0.0022541131105318223,0.9995943419415926,32.02609556964828
90,10,0.8,8,-1,2,GA,336.0960264367538,50258.47312866904,0.002324709895444532,0.9995816397558823,10.937478786873044
90,10,0.8,16,-1,0,HEFT,258.62354477492954,66120.90720944142,0.0021272850920742827,0.9996171619846083,32.31857522111303
90,10,0.8,16,-1,0,GA,449.0126014260039,106227.33299729438,0.002586164537920107,0.9995345987159651,10.284876185524684
90,10,0.8,16,-1,1,HEFT,267.2438040559329,67071.22256522009,0.0020362289646616238,0.9996335459470553,40.59046854687254
90,10,0.8,16,-1,1,GA,394.28201392568053,94281.61559554601,0.002400448181113095,0.9995680126608104,9.00499106126195
90,10,0.8,16,-1,2,HEFT,262.91438712567003,67190.82140257274,0.002159077399798978,0.9996114415764209,38.91869374963299
90,10,0.8,16,-1,2,GA,461.8394239800153,111425.14706854118,0.0029395319979816843,0.9994710241974207,12.191034065200348
90,10,0.8,32,-1,0,HEFT,312.28442334522333,134092.06247342133,0.0018313751820226815,0.9996704067950141,19.439823030122273
90,10,0.8,32,-1,0,GA,431.612170974459,183951.9395472132,0.0023530834487107155,0.9995765346659973,7.921931033723296
90,10,0.8,32,-1,1,HEFT,246.6448628836189,109466.11465803228,0.001906264510429278,0.999656931249669,23.168088637095266
90,10,0.8,32,-1,1,GA,354.0050099287463,154109.1732412466,0.0023477066445230055,0.9995775020813784,8.0159644243548
90,10,0.8,32,-1,2,HEFT,228.68907253551706,101441.42886952386,0.0017603133095459062,0.9996831937979683,18.995845584485306
90,10,0.8,32,-1,2,GA,310.4931746759253,136415.29067840407,0.0022204020158719333,0.9996004074955017,6.512843675091287
90,10,1,4,-1,0,HEFT,283.20313597659424,35782.750805289616,0.0028667959016037575,0.9994841098548175,13.176177400319173
90,10,1,4,-1,0,GA,391.82815030395045,40649.1880380408,0.0028218910624613932,0.999492188588639,25.80338108855904
90,10,1,4,-1,1,HEFT,270.1820148558819,30991.423674612863,0.0023285125273295256,0.999580955568733,27.17839580660557
90,10,1,4,-1,1,GA,386.50431176476263,36813.81141838721,0.0023593804203719125,0.9995754016917187,13.105291684274116
90,10,1,4,-1,2,HEFT,260.19576691563765,28779.36790708886,0.002104647428312436,0.9996212352124031,14.52740352351408
90,10,1,4,-1,2,GA,391.414826511173,35338.23869208424,0.0021382851446444364,0.9996151827351285,15.979161722473744
90,10,1,8,-1,0,HEFT,250.7109660669038,41053.303929256625,0.002194451057730472,0.9996050768123078,30.648650569030934
90,10,1,8,-1,0,GA,372.9263519085004,53577.07456906185,0.0022966595330550137,0.9995866867215255,14.495952746558661
90,10,1,8,-1,1,HEFT,289.1812335770857,44730.07094565535,0.002192334951195753,0.9996054575611302,41.75722634927766
90,10,1,8,-1,1,GA,379.72204670797424,55633.23180061026,0.0024780252347086206,0.9995540549208297,20.62229048607546
90,10,1,8,-1,2,HEFT,288.06523342059694,47427.37168580272,0.002554665281321112,0.999540265959456,40.9761492873164
90,10,1,8,-1,2,GA,375.07780686277164,57250.88995434414,0.0027446279709971663,0.9995060889794464,14.583236394060462
90,10,1,16,-1,0,HEFT,230.39451321654775,61298.64136431663,0.002204508375547734,0.9996032672116745,24.853990367746004
90,10,1,16,-1,0,GA,305.759556638777,77112.7240834295,0.0023781510605664488,0.9995720244167855,12.140651868570579
90,10,1,16,-1,1,HEFT,261.74583085030537,65784.00136944298,0.002006305148085833,0.9996389302747126,28.782418831037642
90,10,1,16,-1,1,GA,374.89412679658136,89371.52039423308,0.002247008791897865,0.9995956202010172,11.634588966183092
90,10,1,16,-1,2,HEFT,214.6547860446971,54893.945645136155,0.001767471153043193,0.9996819057951455,24.516207530684294
90,10,1,16,-1,2,GA,288.8003224526155,71850.63238169329,0.0021189884329187473,0.9996186548126414,8.654644162136288
90,10,1,32,-1,0,HEFT,274.86606567541907,122987.14387367386,0.002253045820970665,0.999594533975801,18.883600455535635
90,10,1,32,-1,0,GA,349.8714838130273,154280.26508590463,0.002574885697894333,0.9995366279643755,7.444881162782801
90,10,1,32,-1,1,HEFT,218.82378535273463,99063.28202934815,0.001942499800245226,0.9996504111563806,22.891908937751776
90,10,1,32,-1,1,GA,338.91105231517474,148752.85221981216,0.0024045230143133183,0.9995672795079522,8.54882124940946
90,10,1,32,-1,2,HEFT,245.9917114816551,110147.26735202182,0.002026673145099002,0.9996352653657367,17.02759964181835
90,10,1,32,-1,2,GA,345.17474583002644,151474.68998423958,0.0024454247526498013,0.9995599204079665,6.843886252333562
90,10,2,4,-1,0,HEFT,190.57206700005074,29041.200390507474,0.0025702507977396695,0.9995374618601693,9.40533339092057
90,10,2,4,-1,0,GA,294.14513252624954,34294.80095856867,0.0026066969763964723,0.9995309046039146,13.406403310267693
90,10,2,4,-1,1,HEFT,131.93071351286991,23403.789752317978,0.0022055704785142404,0.999603076109006,9.383373077837035
90,10,2,4,-1,1,GA,216.13245957186172,26698.247451105286,0.0021090296371648475,0.9996204467138912,8.794944774234734
90,10,2,4,-1,2,HEFT,162.2062489031265,28572.289262470087,0.002685580014873387,0.9995167124184066,12.560211001804598
90,10,2,4,-1,2,GA,254.35256738201494,33659.12271268613,0.002771343601853929,0.9995012825525751,16.01461706299488
90,10,2,8,-1,0,HEFT,191.65767123722318,38887.813683164284,0.002647115923047915,0.999523632632832,8.610493425537001
90,10,2,8,-1,0,GA,247.350524277772,43709.521830332196,0.002579311563264352,0.9995358316780747,17.479816243449214
90,10,2,8,-1,1,HEFT,160.56277857937891,33085.94354025459,0.002283193384578064,0.9995891096293553,7.35167271422089
90,10,2,8,-1,1,GA,217.25970618093638,38537.56298837208,0.0022843192758400764,0.9995889070522191,9.719286597882371
90,10,2,8,-1,2,HEFT,155.19694795416834,33371.4002654059,0.0023866270364090105,0.9995704993952492,18.02873225966409
90,10,2,8,-1,2,GA,241.8635661704206,42795.62611640822,0.0025292924759751736,0.9995448309751896,9.176329928916577
90,10,2,16,-1,0,HEFT,171.30256741834623,51410.39037846062,0.00239280328606436,0.9995693881484163,17.35236844078905
90,10,2,16,-1,0,GA,217.0831674493314,62897.40295411477,0.002741270646491362,0.99950669299956,8.335746816417128
90,10,2,16,-1,1,HEFT,135.69264954033284,40451.72571594928,0.0018603019385278264,0.9996652017085259,20.737425333005483
90,10,2,16,-1,1,GA,188.6319992646534,53629.50058981989,0.002249632652584812,0.9995951480971925,10.619695433031078
90,10,2,16,-1,2,HEFT,142.78323696549577,43014.81295837333,0.0020155596202839974,0.999637265072576,14.727821881476007
90,10,2,16,-1,2,GA,175.9767754634076,51178.43612203175,0.002246885689025517,0.9995956423505744,8.887056122708625
90,10,2,32,-1,0,HEFT,167.18312310392497,80796.51237798904,0.0021444693935506274,0.9996140699993087,19.744253570171697
90,10,2,32,-1,0,GA,221.7375818250606,105644.09072971063,0.0026481730373239492,0.9995234424429241,9.274685164464334
90,10,2,32,-1,1,HEFT,144.33515993700624,69780.47220483221,0.001854750747935635,0.9996662005887963,16.35612158946135
90,10,2,32,-1,1,GA,199.88765192036706,94256.9425416629,0.002260992791245729,0.9995931041021738,6.962143307675006
90,10,2,32,-1,2,HEFT,161.7695115055217,78557.67105923274,0.0021237956900662033,0.9996177898367092,17.69532958260088
90,10,2,32,-1,2,GA,200.9196116013469,96163.09122984903,0.0024560672319033344,0.9995580056065719,7.256395797003919
90,10,4,4,-1,0,HEFT,123.05617353361411,22919.354415113565,0.0021980178405038866,0.999604435045164,5.109057160452985
90,10,4,4,-1,0,GA,161.81923886300174,24463.332797353552,0.0021571071488280962,0.9996117960838583,8.790966566194571
90,10,4,4,-1,1,HEFT,134.46335793818918,25837.79036167579,0.0025043345194628824,0.9995493213726321,9.593956771633888
90,10,4,4,-1,1,GA,200.42750538342975,28410.350296820416,0.0024276266199503606,0.9995631226671142,3.3369041589539283
90,10,4,4,-1,2,HEFT,145.67743809284266,26603.606071093433,0.002533732434449223,0.9995440321467515,4.941636526038076
90,10,4,4,-1,2,GA,196.86462537021703,28496.546917815213,0.002460858514217674,0.9995571435573158,18.15462681878546
90,10,4,8,-1,0,HEFT,129.83283659099055,33004.43253478296,0.00265380881421807,0.9995224284870358,9.219504577255494
90,10,4,8,-1,0,GA,170.19494854411204,36879.25115357222,0.0026538160327309384,0.9995224271883246,10.723366374863364
90,10,4,8,-1,1,HEFT,128.45837057296094,32831.23127087518,0.0026484790304742802,0.999523387390407,7.414274459649949
90,10,4,8,-1,1,GA,171.9156870289562,36516.47230032303,0.00258560288702109,0.9995346997660818,8.399837756286793
90,10,4,8,-1,2,HEFT,99.33945056571487,26410.93765145613,0.002180148630122416,0.9996076502358853,5.05244853376683
90,10,4,8,-1,2,GA,139.842215370367,30319.704031684276,0.00218279733283321,0.9996071736565697,11.411794927793505
90,10,4,16,-1,0,HEFT,87.95867133967663,32246.96014047419,0.0019843533906015866,0.9996428801721642,9.447322771437719
90,10,4,16,-1,0,GA,109.38957281157205,37193.53999366745,0.0020918271335717852,0.9996235419940611,8.627281532014806
90,10,4,16,-1,1,HEFT,103.23758882875207,37924.503049245715,0.002338874159447716,0.9995790912582486,9.909703566005165
90,10,4,16,-1,1,GA,141.01386591781738,46725.37408792334,0.002538851657842686,0.9995431111071206,11.329514946747
90,10,4,16,-1,2,HEFT,111.687354456732,41945.617129049206,0.002648791353146855,0.9995233311991214,10.587726965710212
90,10,4,16,-1,2,GA,140.95663038759028,49386.304339401395,0.0028840608921168044,0.9994810037645809,11.01659523296286
90,10,4,32,-1,0,HEFT,112.80713650796753,59847.13391622678,0.002135554715396285,0.9996156740233846,10.997225416139997
90,10,4,32,-1,0,GA,132.97200480455462,70034.38004341285,0.002451308811171044,0.9995588617440954,6.763966240212263
90,10,4,32,-1,1,HEFT,119.53846650625323,61282.3172773547,0.0019870214649810674,0.9996424000903984,10.071097504635869
90,10,4,32,-1,1,GA,131.81268105904897,69287.19370670052,0.002412289945739757,0.9995658820662368,7.052513971252825
90,10,4,32,-1,2,HEFT,100.1845916983784,54356.84029461031,0.0020524492354564608,0.99963062737249,9.938552896939868
90,10,4,32,-1,2,GA,137.20056603656042,70896.13136403708,0.002352857106718072,0.9995765753903044,6.6918696817994325
100,0.1,0.5,16,-1,0,HEFT,104.79904236180583,37850.34122786833,0.0022905587977263063,0.9995877844006145,17.570045964266786
100,0.1,0.5,16,-1,0,GA,141.49420305893904,47952.76070614587,0.0026855134003655784,0.9995167244032226,7.7145448681557
100,0.1,0.5,32,-1,0,HEFT,89.38777149037466,51233.102530761455,0.0021845217414027895,0.9996068633850065,10.231303507879002
100,0.1,0.5,32,-1,0,GA,130.93344358003358,71041.73621448979,0.002682596108495722,0.9995172492621245,7.512493943882393
100,0.1,0.5,32,-1,1,HEFT,87.04638675769365,49664.733099894846,0.0020980517551602695,0.9996224219845985,10.717018789187557
100,0.1,0.5,32,-1,1,GA,118.9888701267643,65441.763372197005,0.002551684398387535,0.9995408022718539,7.587096799299756
100,0.1,0.8,4,-1,0,HEFT,135.20075248682645,27694.662785866123,0.0027396675279713766,0.9995069814185862,6.107161384998542
100,0.1,0.8,4,-1,0,GA,216.6608513293014,32658.405470912992,0.0028757990448458042,0.9994824901263787,14.930542833988701
100,0.1,0.8,4,-1,1,HEFT,143.6340727932772,28661.32219672566,0.002812259263908056,0.9994939214334753,9.993555428327605
100,0.1,0.8,4,-1,1,GA,210.81643094550262,32376.048294173954,0.0028755632569495895,0.9994825325462378,10.546414378254111
100,0.1,0.8,4,-1,2,HEFT,130.1553821573912,26515.19740578954,0.002618570938273225,0.9995287682956628,5.795540049798051
100,0.1,0.8,4,-1,2,GA,183.6501152340517,29009.568346730288,0.002609090803035634,0.9995304739173397,16.383097493480232
100,0.1,0.8,8,-1,0,HEFT,89.52533842165782,28400.874110032106,0.0025589717857303564,0.9995394911453356,15.332934194302194
100,0.1,0.8,8,-1,0,GA,142.48265777442435,34584.69208448047,0.002701079707769475,0.9995139238259209,12.825740661684161
100,0.1,0.8,8,-1,1,HEFT,99.89937309052618,30993.440596649976,0.0027652584987027727,0.9995023773254873,14.404745783976358
100,0.1,0.8,8,-1,1,GA,138.62381755315388,35715.704617532014,0.0028950669421743207,0.9994790237057105,11.743874579567104
100,0.1,0.8,8,-1,2,HEFT,80.83621837269195,26937.47499570271,0.002477674164331303,0.9995541180853192,10.289805492797898
100,0.1,0.8,8,-1,2,GA,136.15943895054244,33908.22092253425,0.0026921078531372327,0.9995155379760766,5.89217320592538
100,0.1,0.8,16,-1,0,HEFT,79.31083390426706,33682.018417483145,0.0023842814351245317,0.9995709214222309,14.061595085470481
100,0.1,0.8,16,-1,0,GA,117.08897719300494,44989.89098551222,0.002908114646570449,0.9994766763452337,10.953937099229552
100,0.1,0.8,16,-1,1,HEFT,68.92532690191828,32093.668254316617,0.0024366932156522363,0.999561491394197,10.9621686332887
100,0.1,0.8,16,-1,1,GA,100.37101103475908,40249.267057086516,0.002710340172921546,0.9995122577538141,12.219251451049264
100,0.1,0.8,16,-1,2,HEFT,72.66836337147306,31787.636745079537,0.0023043037438962156,0.9995853113332226,13.84212597233184
100,0.1,0.8,16,-1,2,GA,134.71070478337236,48488.12864119957,0.002922955209663059,0.9994740064453981,10.908874077347905
100,0.1,0.8,32,-1,0,HEFT,67.94200535338055,41988.677437916594,0.0020541275687620754,0.9996303253841283,12.651668834344841
100,0.1,0.8,32,-1,0,GA,112.70981013755161,65383.11060813555,0.0028556257771725733,0.9994861194419739,8.905953207206489
100,0.1,0.8,32,-1,1,HEFT,73.2707072289761,44344.444759404054,0.0020941205663407288,0.999623129331657,12.866418252410263
100,0.1,0.8,32,-1,1,GA,127.04924216363176,71439.90196498112,0.002926743278313504,0.9994733249519241,8.952778379425315
100,0.1,0.8,32,-1,2,HEFT,65.31257681416238,40429.63181718644,0.0019831527545927756,0.999643096209489,10.956064372797757
100,0.1,0.8,32,-1,2,GA,101.29157049865663,58567.51858632945,0.002541544640160891,0.9995426265918924,8.011553373227668
100,0.1,1,4,-1,0,HEFT,125.17294892563729,26804.057839758192,0.002686790218517778,0.9995164946870523,1.2257747455588304
100,0.1,1,4,-1,0,GA,175.75038093802203,28846.297254971963,0.002636986947021564,0.9995254549816577,6.701164904239669
100,0.1,1,4,-1,1,HEFT,138.33562108199828,28359.19799465472,0.002806083744537313,0.9994950324650258,2.7805548471827906
100,0.1,1,4,-1,1,GA,183.82557839613781,30820.09108713887,0.002841920326114245,0.9994885851584725,11.637345744431627
100,0.1,1,4,-1,2,HEFT,124.65185451305426,26197.445208046858,0.0026116480867468027,0.9995300138225058,4.824114812297447
100,0.1,1,4,-1,2,GA,198.95440112875158,30897.50640130333,0.0027581001482071387,0.9995036651882184,8.116279345362202
100,0.1,1,8,-1,0,HEFT,76.78258969926968,26900.820971493667,0.002523216067230462,0.9995459242315189,8.213822250827846
100,0.1,1,8,-1,0,GA,129.65488284120727,34320.661241935086,0.0028260713810309038,0.9994914365136849,10.687395311859914
100,0.1,1,8,-1,1,HEFT,78.2095705566582,26274.9110520638,0.002424650165196978,0.9995636581950514,9.05572279245984
100,0.1,1,8,-1,1,GA,117.77403983203746,31555.218109762358,0.0026161382798303313,0.9995292059679357,12.7782503826328
100,0.1,1,8,-1,2,HEFT,77.71012230492339,28185.928952571096,0.002677746409728482,0.9995181217868663,6.423089645076663
100,0.1,1,8,-1,2,GA,127.5509157133203,33339.744504254195,0.0027254336687048387,0.9995095422533748,10.053048429898029
100,0.1,1,16,-1,0,HEFT,57.0420609782792,28398.12264545748,0.0022540112322516626,0.9995943602722447,12.371886495108365
100,0.1,1,16,-1,0,GA,91.8656737231282,37672.08330093541,0.0025883558069889918,0.999534204471178,11.437697660300964
100,0.1,1,16,-1,1,HEFT,64.95924415334298,31016.32568170729,0.0023958851168301605,0.9995688336579055,11.235126826685814
100,0.1,1,16,-1,1,GA,102.90567251276018,40965.984265160536,0.0027400639719264326,0.9995069100938591,10.839269400468034
100,0.1,1,16,-1,2,HEFT,53.81089983458451,26537.10649456721,0.002093722703659817,0.9996232009199525,10.851351344033157
100,0.1,1,16,-1,2,GA,91.50241168766718,36229.835022279,0.002411029971349729,0.999566108763197,10.660090624408873
100,0.1,1,32,-1,0,HEFT,59.24127055376476,38926.7013798016,0.0020901877890382335,0.9996238369650348,13.290212246221195
100,0.1,1,32,-1,0,GA,94.44541804387332,58088.66564025266,0.0028193314097422874,0.9994926490922661,7.925161189752955
100,0.1,1,32,-1,1,HEFT,58.213803778712204,38973.71129727842,0.0021472365176037392,0.9996135721093289,13.77721013216451
100,0.1,1,32,-1,1,GA,93.46582893305595,57474.67274874472,0.0027886039326164387,0.9994981772473064,9.121678396988791
100,0.1,1,32,-1,2,HEFT,52.88389521397927,35367.92048420473,0.001945801643673991,0.9996498170325123,12.562710328919328
100,0.1,1,32,-1,2,GA,77.93592425094758,49944.61738685268,0.0025862044540683224,0.9995345915344027,6.607179804160608
100,0.1,2,4,-1,0,HEFT,148.70588458662837,31790.107550674184,0.0031850420013586596,0.9994268567491329,3.0569313041775943
100,0.1,2,4,-1,0,GA,189.9439146237853,33667.80716190136,0.0031718991291937552,0.9994292211130256,8.987334993223403
100,0.1,2,4,-1,1,HEFT,130.88999872061396,28307.000319735056,0.00284551426112992,0.999487938581217,1.793457650345502
100,0.1,2,4,-1,1,GA,150.89750100517645,28562.54827575088,0.0027544532593672356,0.99950432130261,12.929990248019251
100,0.1,2,4,-1,2,HEFT,108.3612955115095,23464.80273356092,0.0023596202259700857,0.9995753585450393,0.5492992689543623
100,0.1,2,4,-1,2,GA,126.78334776809064,24643.252879816697,0.002397629481517874,0.9995685198076903,7.816015761740395
100,0.1,2,8,-1,0,HEFT,64.25430134966491,25423.60852759606,0.0024877513692542932,0.9995523049988629,4.972705302628341
100,0.1,2,8,-1,0,GA,93.2372906475625,29390.04899987662,0.00264073244156468,0.9995247811128,9.27562884377149
100,0.1,2,8,-1,1,HEFT,64.30707025916973,26339.21796457211,0.002605392664042871,0.9995311392700327,3.220133494184463
100,0.1,2,8,-1,1,GA,94.92659629234322,29902.020154852347,0.0026859259574660717,0.9995166501788363,12.7239163738509
100,0.1,2,8,-1,2,HEFT,60.25092722309084,25479.916193456385,0.002544680514217011,0.9995420623928881,1.8063742118561736
100,0.1,2,8,-1,2,GA,90.92211584050015,29615.026336965784,0.0026985146274260685,0.9995143853160604,9.87143713363108
100,0.1,2,16,-1,0,HEFT,40.16706806539369,27949.226044888972,0.002614618730792427,0.9995294793580295,4.951655061964523
100,0.1,2,16,-1,0,GA,67.05176564754564,34773.67167452426,0.002829422825606654,0.9994908335606393,12.02993441025034
100,0.1,2,16,-1,1,HEFT,37.901640942250616,26878.15123840356,0.002532433614662977,0.9995442658277408,3.403502605931833
100,0.1,2,16,-1,1,GA,62.031001760205434,33162.58460010708,0.002745818121724501,0.9995058748581475,9.33132244163721
100,0.1,2,16,-1,2,HEFT,40.504324119651976,27873.928305924215,0.0025965242990892805,0.9995327348285529,4.652422260757452
100,0.1,2,16,-1,2,GA,78.90608548748587,37288.672882789935,0.00286029773503781,0.9994852789220605,9.769304396570453
100,0.1,2,32,-1,0,HEFT,32.80727151902593,31128.89997684035,0.0023941741231956583,0.9995691415040173,6.510702239542411
100,0.1,2,32,-1,0,GA,59.18472794424781,45900.812419625945,0.0029940409417357618,0.9994612178257575,8.444959558392235
100,0.1,2,32,-1,1,HEFT,30.36786370717895,28945.193847993254,0.0022330664320977436,0.9995981288140879,5.9253416715433564
100,0.1,2,32,-1,1,GA,56.90143645592995,43967.816192289785,0.0028575794048078403,0.9994857679697703,8.297530095630854
100,0.1,2,32,-1,2,HEFT,29.080493733783484,28480.060123096606,0.002236841153659399,0.9995974496374896,5.2781968330830775
100,0.1,2,32,-1,2,GA,44.1017179912525,37974.793214686695,0.0027183118224865287,0.9995108235577812,6.81384253891436
100,0.1,4,4,-1,0,HEFT,134.36228853512657,29433.403861009625,0.0029695108541761693,0.9994656308723143,0.6042255162423221
100,0.1,4,4,-1,0,GA,151.6001132945109,29605.20874920792,0.0028848066293373897,0.999480869601557,17.067577145212883
100,0.1,4,4,-1,1,HEFT,110.93862710202762,24301.2714388892,0.0024517076664072194,0.9995587899818261,0.4714634935164522
100,0.1,4,4,-1,1,GA,129.5557987147822,25281.13426386341,0.002462849602784736,0.9995567853201562,5.119458645998489
100,0.1,4,4,-1,2,HEFT,144.30529167662496,31655.235228647543,0.0031949071354224223,0.9994250820443217,0.35014146999010004
100,0.1,4,4,-1,2,GA,162.86918510757135,32100.476305824985,0.003137306901894258,0.999435444179301,12.892077368200805
100,0.1,4,8,-1,0,HEFT,58.527209378556826,25513.211037291076,0.0025703616197609333,0.9995374419214328,0.5898509361949152
100,0.1,4,8,-1,0,GA,89.79008788478791,28971.32727428565,0.0026293900306648592,0.9995268217786221,12.226259883891213
100,0.1,4,8,-1,1,HEFT,57.21222602809765,24821.43160447501,0.002497294303072046,0.9995505880412674,0.6824540018730759
100,0.1,4,8,-1,1,GA,85.58790019053262,28664.58391547517,0.0026418792632020723,0.9995245747830248,10.294633744640743
100,0.1,4,8,-1,2,HEFT,61.96189707505206,26783.6809677466,0.002691904243997623,0.9995155746079669,0.945264535266857
100,0.1,4,8,-1,2,GA,85.14594051699027,29810.532684863138,0.0027954163301333428,0.9994969516318564,14.87123320948744
100,0.1,4,16,-1,0,HEFT,31.39263097729422,25547.63889424974,0.0025219966080890503,0.9995461436345168,2.055695429803475
100,0.1,4,16,-1,0,GA,59.717188065481764,31346.903000587496,0.002568630864601421,0.9995377533133059,10.230042021331748
100,0.1,4,16,-1,1,HEFT,31.327733504021616,26140.907842042478,0.0026002562027481043,0.9995320634000012,1.0429443999046026
100,0.1,4,16,-1,1,GA,59.258311755664785,32271.47372332091,0.0026994674245779423,0.9995142138958724,10.005992278131242
100,0.1,4,16,-1,2,HEFT,33.532960909460485,28012.12231271009,0.0027873118628028003,0.999498409703189,1.3415400572267193
100,0.1,4,16,-1,2,GA,70.62911054689177,36199.21779716758,0.002924861572631054,0.9994736634806153,11.592311359756375
100,0.1,4,32,-1,0,HEFT,20.300447741095994,26324.64526505313,0.0023939629628517136,0.9995691794965026,3.3557177190740157
100,0.1,4,32,-1,0,GA,48.988084018578604,40294.72663541236,0.0027756204615346476,0.9995005131020586,7.984531952831309
100,0.1,4,32,-1,1,HEFT,20.98282006784857,27223.428271754852,0.00247623066740323,0.9995543777989464,2.8150391983131047
100,0.1,4,32,-1,1,GA,47.10363758912603,41204.084788715336,0.002986600510916142,0.9994625563826232,8.666297367065173
100,0.1,4,32,-1,2,HEFT,20.856869860728622,25179.581570731723,0.0022184164785803533,0.9996007647494654,3.4579861051883647
100,0.1,4,32,-1,2,GA,43.95021874179113,37197.77718260328,0.00262543839609244,0.9995275327365295,6.51948062415042
100,0.5,0.5,16,-1,1,HEFT,116.47633716301236,43953.59649394573,0.002789423741427307,0.9994980297557833,14.551340367109384
100,0.5,0.5,16,-1,1,GA,194.23302005923125,63377.03698967349,0.003370064229754664,0.9993935723902397,13.286214775441168
100,0.5,0.8,4,-1,0,HEFT,137.12104888598157,27263.664578252206,0.00267207419014536,0.9995191422949155,4.890030027177816
100,0.5,0.8,4,-1,0,GA,180.21425131781498,28473.629554192856,0.00256115574818317,0.9995390982132039,22.406933980733033
100,0.5,0.8,4,-1,1,HEFT,130.71509479173955,25096.1076383787,0.002431754920978708,0.9995623798978458,10.208766051763842
100,0.5,0.8,4,-1,1,GA,174.13031397951582,27677.290691601313,0.0024959994341840507,0.9995508210129478,11.236033799205373
100,0.5,0.8,8,-1,0,HEFT,107.4489863670166,30173.638634777613,0.0025657023182873414,0.9995382802081133,11.235073053471092
100,0.5,0.8,8,-1,0,GA,142.37980418970304,34556.43296109657,0.0026987043616130595,0.9995143511804921,17.760278663455995
100,0.5,0.8,8,-1,1,HEFT,90.2237259790008,25612.46993079676,0.0021900506765907854,0.99960586856842,15.90853355603838
100,0.5,0.8,8,-1,1,GA,128.79646413624872,30841.24758161212,0.002387181786115277,0.9995703995831952,13.60641371395122
100,0.5,0.8,16,-1,0,HEFT,105.30430462433952,41387.606323719614,0.002735036154502122,0.9995078146551541,18.980499786529823
100,0.5,0.8,16,-1,0,GA,152.53625235945606,53353.59528807465,0.0031093843456148685,0.9994404674145634,10.689507462007292
100,0.5,0.8,16,-1,1,HEFT,81.75790129780313,33076.15787621822,0.0022453024324341113,0.9995959272215644,17.080780294042725
100,0.5,0.8,16,-1,1,GA,145.65464165700567,49117.46731507275,0.0027327876120061567,0.9995082191936795,12.361457112057794
100,0.5,0.8,16,-1,2,HEFT,83.43338390353539,33633.670273690586,0.0022757700987353735,0.9995904452726706,13.952086726314011
100,0.5,0.8,16,-1,2,GA,124.93398012976199,44632.23146502224,0.0026673006821844873,0.9995200011135489,9.73542535771929
100,0.5,0.8,32,-1,0,HEFT,77.54002485145243,47478.82837467523,0.0022872685829092364,0.9995883763953274,11.897854578975933
100,0.5,0.8,32,-1,0,GA,116.15937913014147,66666.77076932631,0.0028503319358335884,0.9994870718441965,9.094322930694934
100,0.5,0.8,32,-1,1,HEFT,67.18315419729008,42050.75119868782,0.0020997958639442423,0.9996221081636031,8.466226906109478
100,0.5,0.8,32,-1,1,GA,110.59927056181797,63645.26134673554,0.002735806389017756,0.9995076760811891,8.931459210360499
100,0.5,0.8,32,-1,2,HEFT,77.64501143298995,46242.67333019759,0.0021223499922389468,0.9996180499628912,14.201946390737882
100,0.5,0.8,32,-1,2,GA,110.73619284053709,62869.087743856275,0.002628732518487085,0.9995269400748189,9.346988005268559
100,0.5,1,4,-1,0,HEFT,121.22292688798251,25486.94589548053,0.0025411169773717534,0.9995427035359882,3.355433596208491
100,0.5,1,4,-1,0,GA,189.21569975227,29573.106740583586,0.002647384128226696,0.9995235843788981,8.076637208686092
100,0.5,1,4,-1,1,HEFT,133.7458944118628,28080.241647429302,0.0027985062940129053,0.9994963957183044,2.857359153261369
100,0.5,1,4,-1,1,GA,195.4468553917446,31643.143201752395,0.002876187873765976,0.9994824201733971,6.457142092698557
100,0.5,1,4,-1,2,HEFT,152.4251701998387,31735.8162619773,0.003154962285837861,0.999432268009379,4.69164278011786
100,0.5,1,4,-1,2,GA,194.99723925602294,34190.360993236885,0.0032080740967632792,0.9994227133566729,9.149224154826047
100,0.5,1,8,-1,0,HEFT,89.64228623072013,29948.59373548196,0.0027574850461670325,0.999503775851638,8.22624146116647
100,0.5,1,8,-1,0,GA,140.68737505835028,35651.64973272469,0.002861196605571455,0.9994851172086584,14.404191830509939
100,0.5,1,8,-1,1,HEFT,84.0520988817705,28117.86835134575,0.002590292875800489,0.9995338559612625,9.382639472805295
100,0.5,1,8,-1,1,GA,117.62777333962191,31972.129241468585,0.0026718169251763414,0.9995191885803427,10.823400001779323
100,0.5,1,8,-1,2,HEFT,88.56433019075637,30984.105962258065,0.0029046421529645284,0.9994773010671747,9.37269012306566
100,0.5,1,8,-1,2,GA,143.61573712479606,36688.23443296176,0.0029588015076203278,0.9994675575264578,15.437902535145513
100,0.5,1,16,-1,0,HEFT,75.86253714715767,33198.953872640246,0.0024074091395847514,0.999566760230338,12.670027081309842
100,0.5,1,16,-1,0,GA,111.51506213905353,42819.63496305929,0.0027659874718812677,0.9995022461756186,11.633113618020436
100,0.5,1,16,-1,1,HEFT,62.63924631498619,27527.121761982125,0.002002633910788731,0.9996395908590424,13.795101383404734
100,0.5,1,16,-1,1,GA,95.19152201787035,36417.774593242335,0.0023437987552727686,0.9995782052044986,9.975551175227144
100,0.5,1,16,-1,2,HEFT,69.5612744250444,31373.8622971159,0.0023279195875332524,0.999581062253178,13.764708720694895
100,0.5,1,16,-1,2,GA,102.42090800294964,40335.40852133151,0.0026706194037164305,0.9995194040305888,8.721522948775796
100,0.5,1,32,-1,0,HEFT,58.70227500707611,38246.77112671278,0.0020290823674412864,0.9996348318639802,13.258799113327655
100,0.5,1,32,-1,0,GA,84.7532337588276,52594.10379643965,0.002590292252332022,0.999533856073435,7.894277559959752
100,0.5,1,32,-1,1,HEFT,63.511898895662476,39850.12475794412,0.001997617000259655,0.9996404935778794,12.248687361841693
100,0.5,1,32,-1,1,GA,94.57848699601773,57176.902772897556,0.002694930719176582,0.9995150301064812,6.082392216391148
100,0.5,1,32,-1,2,HEFT,72.37132475397196,45362.42896626561,0.0022702635995788594,0.9995914360370722,14.13344292646208
100,0.5,1,32,-1,2,GA,108.11443316986204,64301.45604942015,0.0029438648206967866,0.9994702447021889,8.433105085744428
100,0.5,2,4,-1,0,HEFT,147.86163491512684,32196.80110497914,0.0032428220450972933,0.9994164623562372,1.0138520104308002
100,0.5,2,4,-1,0,GA,177.17688012869476,33737.19842522791,0.003260039816414801,0.9994133649706987,9.471133226789819
100,0.5,2,4,-1,1,HEFT,130.1729872952227,28400.848300044192,0.002862085905668411,0.9994849572170729,1.8466861021008365
100,0.5,2,4,-1,1,GA,160.67629457331654,29572.295939509913,0.002824267932815338,0.9994917609693271,10.391905192234798
100,0.5,2,4,-1,2,HEFT,155.70853405710525,33372.833293296986,0.003346101247875443,0.9993978831205488,3.091576443730674
100,0.5,2,4,-1,2,GA,193.3026761873254,34267.05866399262,0.0032284922748063312,0.9994190402130615,21.14853851031922
100,0.5,2,8,-1,0,HEFT,64.00346664146574,26015.470594486273,0.0025673304647164806,0.9995379872771135,3.2688207193435734
100,0.5,2,8,-1,0,GA,90.47319129620047,29286.623392047863,0.0026616533627406482,0.999521017143638,10.923791921612718
100,0.5,2,8,-1,1,HEFT,58.89137382641634,24685.59314544413,0.002458917475207773,0.9995574927896708,1.8117579117159957
100,0.5,2,8,-1,1,GA,106.73538376652432,29836.34359189365,0.0025309750323394466,0.9995445282529417,11.294713956046701
100,0.5,2,8,-1,2,HEFT,63.13912805578287,26219.650935849262,0.0026044308323635796,0.9995313123185762,2.6920597699749806
100,0.5,2,8,-1,2,GA,95.63414175278307,29597.52796863574,0.002637810124078626,0.9995253068801123,11.441993075510819
100,0.5,2,16,-1,0,HEFT,45.94800715449034,30428.839735881058,0.0027915791165657507,0.9994976419830817,4.785613690877485
100,0.5,2,16,-1,0,GA,86.79049884098524,40306.801588525974,0.003054654497552559,0.9994503133235478,9.467940176112608
100,0.5,2,16,-1,1,HEFT,35.78983714870301,23847.922652655696,0.002193317043941178,0.9996052808541985,4.906601448271498
100,0.5,2,16,-1,1,GA,67.81995822316242,32209.149983118696,0.0024790333338852084,0.9995538735439153,9.232769946910995
100,0.5,2,16,-1,2,HEFT,40.26297708366408,26059.962132953384,0.002368148647660191,0.999573824082187,6.057277971724015
100,0.5,2,16,-1,2,GA,64.2641940877911,32867.29902407988,0.0026522705115276475,0.999522705249322,6.026960237142455
100,0.5,2,32,-1,0,HEFT,36.97330250647284,30910.13558870341,0.002159223181681891,0.9996114153458774,7.216729797576692
100,0.5,2,32,-1,0,GA,55.684785439158865,41249.6323496261,0.0025667538425050507,0.9995380910211639,7.620843361399938
100,0.5,2,32,-1,1,HEFT,37.86244459787813,31491.21269812458,0.002190185267769945,0.9996058443515565,7.838825791494286
100,0.5,2,32,-1,1,GA,59.256003233702224,42889.627386265944,0.0026014628093700633,0.9995318463124647,8.213208169885853
100,0.5,2,32,-1,2,HEFT,33.39014723254852,29873.086316095825,0.0022030064313691465,0.9996035374544068,5.769351034997712
100,0.5,2,32,-1,2,GA,52.83481634235432,40589.33097372667,0.0026228374028763064,0.9995280006942182,7.7319160420916475
100,0.5,4,4,-1,0,HEFT,114.38774880560723,25105.55691014444,0.0025342306159528804,0.9995439425149729,0.2182779712664913
100,0.5,4,4,-1,0,GA,135.08159313276653,25823.96769515411,0.002498714628524718,0.9995503324976144,15.963290274314092
100,0.5,4,4,-1,1,HEFT,118.80677104112577,26016.97200983256,0.0026245797157439955,0.999527687225978,0.44062644268475354
100,0.5,4,4,-1,1,GA,135.6174170126183,26931.133734346964,0.0026384363976409936,0.9995251942043891,6.673838425204343
100,0.5,4,4,-1,2,HEFT,143.42777149367484,31434.049495210413,0.0031717721529087883,0.9994292439557118,0.4272353801689032
100,0.5,4,4,-1,2,GA,169.76092370255836,32339.020427774718,0.003125387091737974,0.9994375885361382,18.97504437516919
100,0.5,4,8,-1,0,HEFT,54.30602870192205,23366.383292547005,0.0023453494234060065,0.9995779262020044,1.4127080420435951
100,0.5,4,8,-1,0,GA,75.33012244265002,25690.42113607876,0.0023848487573106406,0.9995708193480599,9.88322044013025
100,0.5,4,8,-1,1,HEFT,55.68180790767019,24127.483584444293,0.0024266188663188567,0.9995633039835377,0.8484716135457713
100,0.5,4,8,-1,1,GA,73.16334973162277,26122.794137609253,0.0024675856025030323,0.9995559332184011,9.863177833843345
100,0.5,4,8,-1,2,HEFT,63.05118728039605,27026.52800831714,0.0027097692544443305,0.9995123604690218,1.0240957507748465
100,0.5,4,8,-1,2,GA,92.67349971057376,30006.820729433086,0.0027274114673408274,0.9995091864242885,10.6670696114958
100,0.5,4,16,-1,0,HEFT,34.73265297132693,27880.913856735373,0.002740600062821783,0.9995068136450839,1.208427132134606
100,0.5,4,16,-1,0,GA,60.625998596200276,34645.432131736554,0.002972253281817325,0.9994651374992457,12.07294528714446
100,0.5,4,16,-1,1,HEFT,34.695731209360694,27524.34113402479,0.002695447124267124,0.9995149371986493,2.258390395673338
100,0.5,4,16,-1,1,GA,60.08056932491246,33773.57337653809,0.0028731400602267304,0.9994829684960367,9.794624029947187
100,0.5,4,16,-1,2,HEFT,30.997689487638077,24913.347532704247,0.0024498438179686994,0.9995591253265783,1.7261155224892524
100,0.5,4,16,-1,2,GA,70.84730874239676,35564.84422942076,0.0028374884949458113,0.9994893824804298,9.076142456794688
100,0.5,4,32,-1,0,HEFT,22.698093346356902,25358.49737994939,0.0021501846944377697,0.9996130416427068,3.706490811691407
100,0.5,4,32,-1,0,GA,43.98263616012474,36288.14807402031,0.0025063069494227915,0.9995489664953097,7.7664567758970895
100,0.5,4,32,-1,1,HEFT,21.83073079854194,24532.054079590776,0.0020864410145931102,0.9996245111309706,4.07114338779454
100,0.5,4,32,-1,1,GA,40.038181048658956,34140.031032072126,0.0024244663448820527,0.99956369126827,6.89068360786756
100,0.5,4,32,-1,2,HEFT,22.3914398477383,24234.565151098035,0.0020201876291429622,0.9996364323335015,3.7512321654205643
100,0.5,4,32,-1,2,GA,40.14789218971883,33501.02404680195,0.0023364642695025734,0.9995795248559506,6.0091739369667065
100,0.8,0.8,4,-1,0,HEFT,148.02535837888385,27559.10715787844,0.0026426214413038775,0.9995244412544894,9.873388526117765
100,0.8,0.8,4,-1,0,GA,212.15828423632422,30732.732610430983,0.0026549269983317087,0.9995222273100386,29.18574349152401
100,0.8,0.8,4,-1,1,HEFT,142.5893182825833,27263.305217034,0.0026381160128514216,0.999525251846272,10.780074824261622
100,0.8,0.8,4,-1,1,GA,222.60951005556205,32325.426453092456,0.0027958875930782262,0.9994968668472014,15.80144421151584
100,0.8,0.8,4,-1,2,HEFT,137.85786607178318,27168.405067273903,0.00265519735088221,0.9995221786698296,5.434527341399397
100,0.8,0.8,4,-1,2,GA,205.1882476597623,29892.34717741981,0.0025895751020350417,0.9995339851003238,22.05464622496698
100,0.8,0.8,8,-1,0,HEFT,118.60074421698711,33323.49672191197,0.002834344351044083,0.9994899481375108,18.734911652465197
100,0.8,0.8,8,-1,0,GA,168.18181862186236,40320.64638631797,0.0031234097931032534,0.9994379442497849,11.177250033879634
100,0.8,0.8,8,-1,1,HEFT,107.4869509587541,29032.883271985815,0.0024178470258327425,0.999564882226557,17.142903379480455
100,0.8,0.8,8,-1,1,GA,154.4324864086098,34799.97156687793,0.002580678665588035,0.9995355857139081,12.351815729353588
100,0.8,0.8,8,-1,2,HEFT,104.97334455260192,29480.66820779508,0.00250687689027717,0.999548863952233,16.477807543909723
100,0.8,0.8,8,-1,2,GA,159.63387622110153,36090.59530258875,0.00268291255624845,0.9995171923290278,13.054593377325938
100,0.8,0.8,16,-1,0,HEFT,87.24765197125015,33918.34853289729,0.0022179327331288447,0.9996008517888877,12.875213094217795
100,0.8,0.8,16,-1,0,GA,115.96320898900359,41362.447371804505,0.0024673787139426117,0.9995559704418059,8.78783580057715
100,0.8,0.8,16,-1,1,HEFT,104.61611865535647,39756.5343952923,0.0025413746270625138,0.9995426571802531,18.909198846239846
100,0.8,0.8,16,-1,1,GA,148.0127766489588,51617.123493547304,0.0029972442347477027,0.9994606415438403,11.014163450217602
100,0.8,0.8,32,-1,0,HEFT,75.28384319023544,44412.961571136075,0.0020030963547914295,0.9996395076491259,11.56145464805983
100,0.8,0.8,32,-1,0,GA,100.86139971935675,58442.0008501393,0.0025466696844840186,0.99954170450627,7.551124306165354
100,0.8,0.8,32,-1,1,HEFT,82.07592873153887,48322.57218453588,0.0021712423193313893,0.9996092527441225,13.177083482503635
100,0.8,0.8,32,-1,1,GA,108.93056035808219,62740.04313890549,0.0027016418554782857,0.9995138226885224,8.530783309781114
100,0.8,0.8,32,-1,2,HEFT,77.13910877116601,43880.45561475854,0.001842252951761084,0.9996684494437206,10.976017514977396
100,0.8,0.8,32,-1,2,GA,102.72319110992643,57456.09052631356,0.002326923144715996,0.9995812415377613,7.848430607601298
100,0.8,1,4,-1,0,HEFT,148.116965491152,29845.290825559263,0.0029374259020651127,0.9994714030942253,8.563306692323634
100,0.8,1,4,-1,0,GA,202.64106289841786,32583.373953391358,0.0029530494747115376,0.9994685923416438,9.471633912630205
100,0.8,1,4,-1,1,HEFT,134.2616490077983,27566.902124222488,0.002728984880083743,0.9995089033490406,3.8692214494877515
100,0.8,1,4,-1,1,GA,180.30048833950318,29410.097340521188,0.0026816116150161547,0.9995174263854175,16.259658568717505
100,0.8,1,4,-1,2,HEFT,136.0304337417137,28068.517368384862,0.002782823843511965,0.9994992171417821,3.1989268037194916
100,0.8,1,4,-1,2,GA,212.42093096476603,32444.28163305732,0.0028744285460915444,0.999482736688521,4.163720658336675
100,0.8,1,8,-1,0,HEFT,108.72464724740149,33211.230655167885,0.0029423339172373825,0.9994705201188683,14.05057175464516
100,0.8,1,8,-1,0,GA,158.67270418684527,38291.24855383352,0.0029791561953354485,0.9994638956401625,14.126561589313113
100,0.8,1,8,-1,1,HEFT,91.1010123163672,27516.213770215127,0.0024251313420986915,0.9995635716210048,9.969122967349929
100,0.8,1,8,-1,1,GA,134.40736031262895,32946.362235671026,0.002589567912875794,0.9995339863937694,8.210953657782293
100,0.8,1,8,-1,2,HEFT,89.39095816171826,27918.22083416761,0.0024982802132613247,0.9995504106572035,14.548527299972228
100,0.8,1,8,-1,2,GA,136.13732583482286,33361.37263920071,0.0026217298913511254,0.9995281999522188,16.730730676138354
100,0.8,1,16,-1,0,HEFT,82.24583595962909,35722.23911120867,0.0025750695874625176,0.9995365948795921,14.194816149007575
100,0.8,1,16,-1,0,GA,130.08138968610098,48107.093812217085,0.002988561626936137,0.99946220357152,10.314993733853656
100,0.8,1,16,-1,1,HEFT,76.13079768590688,32301.758613383783,0.002284837914430189,0.9995888137356557,12.34572497661335
100,0.8,1,16,-1,1,GA,129.08302046357042,46287.92973955362,0.0027782932571767567,0.9995000322392622,12.020999680690569
100,0.8,1,16,-1,2,HEFT,73.160417773033,31147.224618050015,0.0022093571583498292,0.9996023947774124,14.243321347812875
100,0.8,1,16,-1,2,GA,108.55446861804258,40773.28222611327,0.0025750418929520787,0.9995365998622935,10.309089886625632
100,0.8,1,32,-1,0,HEFT,76.4430956190262,45648.05364692745,0.0021051556756099994,0.9996211437625454,13.318152458255183
100,0.8,1,32,-1,0,GA,101.04556288691401,59235.04913081375,0.0026399939253538463,0.999524913982554,8.511973052301666
100,0.8,1,32,-1,1,HEFT,72.82097796158651,43069.10856317094,0.0019516605976643057,0.999648762790657,13.421139372291512
100,0.8,1,32,-1,1,GA,113.71716709422861,64404.3468434373,0.002679193111014666,0.999517861506154,8.92549435795519
100,0.8,1,32,-1,2,HEFT,69.04584442489164,42025.57713121327,0.002004130862022594,0.9996393215049683,14.942179724895253
100,0.8,1,32,-1,2,GA,104.90142518360585,60528.656894309664,0.0026158281167706736,0.9995292617710047,8.071142278610122
100,0.8,2,4,-1,0,HEFT,127.95548914559448,27461.91311306953,0.002754528376496253,0.9995043077882286,1.6039649748501532
100,0.8,2,4,-1,0,GA,157.438562621432,28710.66708225228,0.0027330253328712584,0.9995081764249676,10.301900859409999
100,0.8,2,4,-1,1,HEFT,115.85727548670745,24940.4435389894,0.0025037847953007035,0.9995494202783918,0.848864207314712
100,0.8,2,4,-1,1,GA,140.8649479596394,25989.87595240208,0.0024842840375115484,0.9995529288393555,6.754430550284484
100,0.8,2,4,-1,2,HEFT,118.90085983675829,25863.214904010714,0.0026041309601868624,0.999531366270271,1.2550208414366997
100,0.8,2,4,-1,2,GA,139.65847171274368,26526.368568402188,0.0025610803522209936,0.9995391117782217,15.33332050443686
100,0.8,2,8,-1,0,HEFT,71.27959991482463,28279.940738715257,0.0027696510525700374,0.9995015870595539,6.20160734872872
100,0.8,2,8,-1,0,GA,106.31295468695467,33239.00787717368,0.002975835171476232,0.9994644931041611,9.637207695742678
100,0.8,2,8,-1,1,HEFT,74.19181015583665,28594.90987095719,0.0027742243018083817,0.9995007642853154,4.097001211734322
100,0.8,2,8,-1,1,GA,106.39264075354329,32549.145888510295,0.0028857173612622912,0.9994807057549263,13.072731560517722
100,0.8,2,8,-1,2,HEFT,70.07028508074922,27806.624181073003,0.002723498296294713,0.9995098904496097,4.7590344298070635
100,0.8,2,8,-1,2,GA,96.03293707672167,30619.65752326949,0.0027649219074811636,0.9995024378817602,8.27119892497371
100,0.8,2,16,-1,0,HEFT,38.91159236177252,24219.296101940723,0.0021638592207339014,0.9996105811834646,4.782792492680344
100,0.8,2,16,-1,0,GA,64.23031614908088,30329.349604752566,0.00232521045272985,0.9995815496932696,6.385679450112988
100,0.8,2,16,-1,1,HEFT,35.25796846441453,23106.713219408815,0.002110747193054422,0.9996201376712205,4.253635694383645
100,0.8,2,16,-1,1,GA,64.42495278371193,30458.244089532272,0.0023370352913513674,0.9995794221152409,11.017613082741128
100,0.8,2,16,-1,2,HEFT,38.000622096260905,26240.36198149682,0.002447576555428259,0.9995595332539946,4.534742918877504
100,0.8,2,16,-1,2,GA,70.86032533287131,34572.23993416202,0.0027089221537791638,0.9995125128728,9.951687274281376
100,0.8,2,32,-1,0,HEFT,39.586516965502945,32661.947731714285,0.002255907650770175,0.9995940190554362,6.565387292250749
100,0.8,2,32,-1,0,GA,63.12150378693452,45616.58563388794,0.0027620062247680987,0.9995029624436539,7.398909614628403
100,0.8,2,32,-1,1,HEFT,38.212615975435,32060.095221739823,0.0022463114582910574,0.9995957456703178,7.692896664959501
100,0.8,2,32,-1,1,GA,66.07281698829087,46699.84630273418,0.0027555406433114327,0.9995041256705378,8.130828337409946
100,0.8,2,32,-1,2,HEFT,36.34569934370713,30774.750533220267,0.0021728684735447972,0.9996089601507806,6.11805715578898
100,0.8,2,32,-1,2,GA,57.78664909908101,42711.81140284028,0.002651387357725215,0.9995228641411448,8.18739850973865
100,0.8,4,4,-1,0,HEFT,125.68721766382136,27488.455989957394,0.002772024488642632,0.9995011600540832,0.6514623006655423
100,0.8,4,4,-1,0,GA,140.24457801640725,28151.769298407078,0.002767445678762213,0.9995019838290642,10.612175285646941
100,0.8,4,4,-1,1,HEFT,115.98954831405524,25364.196163597,0.0025577128998090885,0.9995397176404756,0.458452016527386
100,0.8,4,4,-1,1,GA,133.8542744932795,25686.620758387675,0.0024885808246395687,0.9995521557637452,8.43700187724696
100,0.8,4,4,-1,2,HEFT,115.14676431963376,25223.640201815466,0.0025447797822316606,0.9995420445328288,0.21236896745875697
100,0.8,4,4,-1,2,GA,156.97105336844132,27952.797029882084,0.002638008587622339,0.9995252711736331,10.796609886586008
100,0.8,4,8,-1,0,HEFT,63.4872262569487,27182.863942914668,0.0027245594602387075,0.9995096995337335,1.5875049843087965
100,0.8,4,8,-1,0,GA,91.22586520189124,30310.429030555577,0.0027845925027356615,0.9994988989426011,14.602314649382526
100,0.8,4,8,-1,1,HEFT,60.53597285467733,26086.458662040583,0.002619509724546713,0.999528599393778,1.375324107022059
100,0.8,4,8,-1,1,GA,90.85100134660665,29949.227978521973,0.002742575174321413,0.9995064583004145,7.564976260418096
100,0.8,4,8,-1,2,HEFT,58.522036070526845,25307.64681334923,0.0025438670995579656,0.9995422087404892,0.7159999297933356
100,0.8,4,8,-1,2,GA,81.8828011203046,28006.116567436948,0.002602760679572055,0.9995316128052242,7.780714505075045
100,0.8,4,16,-1,0,HEFT,32.10494727330719,25094.48082827314,0.0024457791927387806,0.9995598566368293,1.7844346128202602
100,0.8,4,16,-1,0,GA,59.912167132420954,31744.721854868534,0.002615191959359653,0.999529376225442,8.78870061287425
100,0.8,4,16,-1,1,HEFT,36.35568390823681,27677.25830963654,0.002674026744089803,0.9995187910042699,2.1752189748001816
100,0.8,4,16,-1,1,GA,68.35864296212392,35762.159271884,0.0029247157394258665,0.9994736897167763,11.11986672874942
100,0.8,4,16,-1,2,HEFT,36.86091574090564,29214.696540134733,0.002860129291715873,0.9994853092262536,2.0358582842824093
100,0.8,4,16,-1,2,GA,77.1748739746206,39407.244234286845,0.0031769597456278663,0.999428310722411,10.860392812869458
100,0.8,4,32,-1,0,HEFT,25.66085980402561,27244.18710701718,0.0022468238943503032,0.9995956534691184,4.0571387875287055
100,0.8,4,32,-1,0,GA,45.679212684625,38252.54242308218,0.0026759334305150105,0.9995184479659245,6.976320814345419
100,0.8,4,32,-1,1,HEFT,26.499234868679597,29475.572693438997,0.0024935228041170587,0.9995512666062173,4.436984192552001
100,0.8,4,32,-1,1,GA,49.4658255545784,42029.852112472465,0.002976094974097462,0.9994644463647335,8.746793247550093
100,0.8,4,32,-1,2,HEFT,25.616275238962327,27974.583641048026,0.0023434023190292623,0.9995782765329255,3.076000023913035
100,0.8,4,32,-1,2,GA,44.76097820516138,38038.153517054736,0.0026937904245830447,0.9995152352599881,7.704498347253989
100,1,0.5,4,-1,2,HEFT,187.49293925820157,30887.67985048636,0.002827909401303964,0.9994911058383462,14.24132924956503
100,1,0.5,4,-1,2,GA,231.66090490318848,33167.7255200956,0.0028485790807160926,0.9994873871963318,15.707995323789012
100,1,0.5,16,-1,1,HEFT,123.8287060346748,41398.19757546051,0.002276884498294954,0.9995902447629234,18.15258442310464
100,1,0.5,16,-1,1,GA,179.39771591802742,54364.40025732965,0.0025736484239106457,0.9995368505705211,9.57318655795609
100,1,0.5,32,-1,1,HEFT,105.19722611703432,56952.355292286644,0.002139098251078226,0.9996150364323022,11.4898311164266
100,1,0.5,32,-1,1,GA,169.66301797763168,87042.39183707457,0.0028283970198532305,0.9994910181116765,9.024461905756494
100,1,0.8,4,-1,0,HEFT,154.921375724106,29106.784093301354,0.0027998137026542975,0.9994961605032909,13.651649538923266
100,1,0.8,4,-1,0,GA,253.1907163803849,34902.91253067678,0.002939245238296939,0.9994710757868625,12.833724348038954
100,1,0.8,4,-1,1,HEFT,140.44201453412714,27881.585184084484,0.0027313137579388085,0.9995084843569807,9.532733551225569
100,1,0.8,4,-1,1,GA,217.07497796882953,32610.88506842058,0.0028670912307386,0.9994840567229984,15.61517136299561
100,1,0.8,4,-1,2,HEFT,155.12320283186946,29985.585583096,0.0029121023058354357,0.9994759589424541,9.07266542653692
100,1,0.8,4,-1,2,GA,242.98919218549463,34640.65377993345,0.002968626945094277,0.9994657898909411,19.766560118957667
100,1,0.8,8,-1,0,HEFT,117.60193507854353,33055.824060194675,0.002812149650213759,0.9994939411539565,11.769992255259304
100,1,0.8,8,-1,0,GA,180.7455377344519,41191.25163680104,0.003080062017350603,0.9994457424943481,10.718448241269114
100,1,0.8,8,-1,1,HEFT,98.87270850892696,27332.099322662565,0.002304950814703563,0.999585194908784,14.475184026846417
100,1,0.8,8,-1,1,GA,142.54238399217934,32161.064441048053,0.0023872087309817617,0.9995703947352029,13.301205703636787
100,1,0.8,8,-1,2,HEFT,110.35449122372225,30194.61489977883,0.002532375160504069,0.9995442763446946,13.703072064805628
100,1,0.8,8,-1,2,GA,147.1986576166885,34940.342768794406,0.002688536387285829,0.999516180528693,7.426120431330585
100,1,0.8,16,-1,1,HEFT,109.80670072337676,40296.52178247041,0.002482381814416288,0.9995532710864931,16.828292114206718
100,1,0.8,16,-1,1,GA,163.91875748867233,53671.522467611125,0.002868103492220418,0.9994838746099571,10.515235162817113
100,1,0.8,16,-1,2,HEFT,97.34947868705528,38793.270499015896,0.0025971796629329818,0.9995326169181903,19.66700456135127
100,1,0.8,16,-1,2,GA,154.0211224698434,54688.89372501476,0.0032450695362796936,0.9994160580439753,12.446047574440056
100,1,0.8,32,-1,0,HEFT,85.25745786249587,49767.83123326303,0.002200124988897237,0.9996040559085577,13.840544805880937
100,1,0.8,32,-1,0,GA,120.02271222200052,67884.910096431,0.002816045039170905,0.9994932403390222,7.554611923168813
100,1,0.8,32,-1,1,HEFT,92.91111435241486,53482.99914796701,0.0023004045525374297,0.9995860128968618,16.424505664384025
100,1,0.8,32,-1,1,GA,144.401159488906,78538.10148665152,0.002982953002960158,0.9994632125814114,8.802119512484643
100,1,0.8,32,-1,2,HEFT,79.74721893412087,46164.24048198073,0.0020079209833692917,0.9996386395294204,11.196751690090085
100,1,0.8,32,-1,2,GA,112.34841791418208,62227.11742170785,0.0024658042561578725,0.999556253718408,7.580785569197261
100,1,1,4,-1,0,HEFT,125.91484914697568,26102.649080454663,0.002591568000180857,0.9995336265458915,1.1757304657778929
100,1,1,4,-1,0,GA,161.02955314608508,27720.141874572917,0.0025827807911577307,0.999535207507105,5.724103382061924
100,1,1,4,-1,1,HEFT,142.67642195649952,28972.144444997877,0.002858356097039522,0.9994856282370701,5.543404415903106
100,1,1,4,-1,1,GA,207.55559787685567,33134.95591515027,0.0029938355577598446,0.9994612547749566,15.429892944676768
100,1,1,4,-1,2,HEFT,140.582918207945,28137.40495838586,0.0027634915871323647,0.9995026952113542,6.537640896973056
100,1,1,4,-1,2,GA,201.45402992170767,31555.339284896738,0.002827589902926973,0.9994911633187891,14.980508742818866
100,1,1,8,-1,0,HEFT,99.61371374616922,31617.535899058974,0.0028494340283497068,0.9994872333846564,8.370722864606957
100,1,1,8,-1,0,GA,149.9289424481961,36515.526606747044,0.0028581845131421457,0.9994856591062846,11.11141562457634
100,1,1,8,-1,1,HEFT,94.64066082740956,28574.066966985087,0.0025179022645418305,0.9995468802821436,18.218734254528673
100,1,1,8,-1,1,GA,168.69126756770322,38386.243337502856,0.002867168171964257,0.9994840428807235,11.530601889875783
100,1,1,8,-1,2,HEFT,87.51351512516048,27034.2098531869,0.00240735302340717,0.999566770326874,7.142585307293268
100,1,1,8,-1,2,GA,135.07710509137377,32681.524331606684,0.002547044217420517,0.9995416371212397,11.674303937339932
100,1,1,16,-1,0,HEFT,77.976258365882,32783.60885648841,0.002301313598222102,0.9995858493363917,13.299074153355134
100,1,1,16,-1,0,GA,119.66352502515171,44280.16596860416,0.0027525541555264888,0.9995046629719179,13.374261152650424
100,1,1,16,-1,1,HEFT,84.17615317617748,35142.068324745895,0.002452228283581372,0.9995586963120854,14.509761425420718
100,1,1,16,-1,1,GA,119.11307513803119,44695.146134309514,0.002819823734858854,0.9994925605187106,10.370545084605192
100,1,1,16,-1,2,HEFT,85.74050779966109,36082.13895109035,0.002534878740769434,0.9995438259057168,14.946854932700974
100,1,1,16,-1,2,GA,124.82789319146616,46127.92422311519,0.00286317425456766,0.9994847614151887,11.093484298407818
100,1,1,32,-1,0,HEFT,81.61883815572722,49171.38080241695,0.0023035848773407873,0.9995854406755522,12.784907395419516
100,1,1,32,-1,0,GA,112.0359294795366,64908.28843334793,0.0028277120818095453,0.9994911413377808,8.677519250585506
100,1,1,32,-1,1,HEFT,70.77535981743492,42558.322914121505,0.00198715565170885,0.9996423759454254,13.013072581477523
100,1,1,32,-1,1,GA,102.06011288486283,59016.77476189949,0.0025614588390325795,0.9995390436819962,8.715323063874703
100,1,1,32,-1,2,HEFT,85.3671649040829,52063.79216997049,0.0024913179388633927,0.9995516633039511,14.767644758387613
100,1,1,32,-1,2,GA,121.3450971752909,71054.27555793413,0.0031599170856101335,0.9994313766521574,8.003515512860744
100,1,2,4,-1,0,HEFT,111.13825882139423,24088.03318889783,0.0024229194787430113,0.9995639695827309,1.0168669707327989
100,1,2,4,-1,0,GA,132.4508478737043,24602.81429391445,0.0023572575705396175,0.999575783642518,9.309144646267795
100,1,2,4,-1,1,HEFT,122.91331298904167,26306.808356876732,0.0026365593454008704,0.9995255319134275,1.7251530842354033
100,1,2,4,-1,1,GA,146.72071352838216,27113.22831085526,0.002593105175903477,0.9995333499833418,14.727001582780067
100,1,2,4,-1,2,HEFT,118.3493076527307,25272.483653629177,0.00253122957187314,0.9995444824566952,3.7108087072118887
100,1,2,4,-1,2,GA,173.40323800006715,29080.245120947784,0.002681768694695679,0.9995173981247204,18.973854987347494
100,1,2,8,-1,0,HEFT,65.7952729224718,25170.034777966626,0.0024358770771846687,0.9995616382347126,4.5345936229150725
100,1,2,8,-1,0,GA,98.51666360986101,29053.0190647949,0.0025317079274222534,0.9995443963919224,11.635550391504033
100,1,2,8,-1,1,HEFT,70.03390590329556,27034.32272682283,0.0026241689612540643,0.9995277611268673,4.7955361925651
100,1,2,8,-1,1,GA,109.38677702953257,31887.97651843707,0.0027631583880622663,0.9995027551573625,13.527815248522991
100,1,2,8,-1,2,HEFT,65.66394284662545,25882.584018098267,0.00252956660269021,0.9995447816548412,5.202536040290772
100,1,2,8,-1,2,GA,107.42316622385648,31104.850617993994,0.0026863341938635366,0.9995165767318042,8.709446644136369
100,1,2,16,-1,0,HEFT,47.274187177563604,29624.154503547827,0.0026547171273198465,0.9995222650687728,8.256449234573589
100,1,2,16,-1,0,GA,83.74549147138204,38074.50443804009,0.0028417790795264514,0.9994886105698564,12.290312640883544
100,1,2,16,-1,1,HEFT,51.53258946061279,30330.390110262248,0.0026403272524321186,0.9995248540121856,8.186774616320783
100,1,2,16,-1,1,GA,86.08160263831434,38621.682903347115,0.0028545239272339483,0.9994863176730641,12.044388129521389
100,1,2,16,-1,2,HEFT,46.02330630613574,28400.42814977002,0.0025276425502573597,0.9995451278266839,6.390194893455255
100,1,2,16,-1,2,GA,77.99248959572367,36468.70277150012,0.0027770212880001512,0.9995002610792716,9.176540660621706
100,1,2,32,-1,0,HEFT,43.31004420243424,35739.5432136383,0.0024687966718221653,0.9995557153227517,7.426822692381845
100,1,2,32,-1,0,GA,71.68860323570027,51006.26666988067,0.0030333130526320113,0.9994541526794086,7.054161900695874
100,1,2,32,-1,1,HEFT,43.92408735159142,33666.02207493194,0.002170435727638351,0.9996093978739065,7.747207632244533
100,1,2,32,-1,1,GA,71.62681203191474,48392.625459962495,0.0026986989198588157,0.9995143521595317,7.704697961993276
100,1,2,32,-1,2,HEFT,41.57190526345802,32644.062549051574,0.0021550970191064204,0.9996121577668119,6.615325093989252
100,1,2,32,-1,2,GA,61.8304554759502,44018.23581356277,0.0026195530892503737,0.999528591591811,6.778272152631554
100,1,4,4,-1,0,HEFT,141.3017018307306,30763.305815540494,0.003098297690912846,0.999442461897797,1.4181098201856166
100,1,4,4,-1,0,GA,177.92205536364344,33093.95647220254,0.0031723123791663637,0.9994291467704904,13.488165087668513
100,1,4,4,-1,1,HEFT,119.42776473332451,26173.050346015654,0.0026408937517850236,0.9995247520907586,0.29748013746499197
100,1,4,4,-1,1,GA,137.37483696575296,26769.552212651153,0.0026066615036556867,0.9995309109860127,8.47182347616599
100,1,4,4,-1,2,HEFT,129.2576865622488,28288.28643395287,0.002853219312527768,0.9994865523831092,0.4137058487375421
100,1,4,4,-1,2,GA,139.50184977914716,28290.654438140544,0.0027899955618529045,0.9994979268797782,8.667547063849767
100,1,4,8,-1,0,HEFT,65.51820688910004,28324.9160674292,0.002846920956857312,0.9994876855056758,1.1118869728241034
100,1,4,8,-1,0,GA,94.98745043795034,32253.373751652012,0.0029889636317324,0.9994621312495753,10.20060354453163
100,1,4,8,-1,1,HEFT,67.39060488408543,29143.854186912315,0.0029295033744237875,0.9994728283964082,0.9035635753680048
100,1,4,8,-1,1,GA,96.27157558872096,32297.20507406011,0.002978699459630866,0.999463977808519,13.389116293718859
100,1,4,8,-1,2,HEFT,52.326792466387445,22482.672945057693,0.0022557236263933463,0.9995940521663763,1.3224299105186663
100,1,4,8,-1,2,GA,80.86419174797653,25726.525425344345,0.002320873774875788,0.9995823299689438,12.382338222145115
100,1,4,16,-1,0,HEFT,32.865309244339365,25518.50660338922,0.002481701192309569,0.9995533935437512,2.1568828984979036
100,1,4,16,-1,0,GA,56.57389666337478,31448.067883268443,0.0026596743829328784,0.9995213731894462,9.180905993138392
100,1,4,16,-1,1,HEFT,29.040515769697947,22759.643083972278,0.0022201374749599837,0.9996004550938395,1.4473448844779397
100,1,4,16,-1,1,GA,56.885485789350824,29169.093134157793,0.0023575038582173686,0.9995757393295426,7.697752601867949
100,1,4,16,-1,2,HEFT,32.68135817696137,25140.821841375313,0.0024374678386820067,0.9995613520232037,2.4102924840869204
100,1,4,16,-1,2,GA,60.57123978954026,31558.755838889363,0.0025748162531392294,0.9995366404586403,9.76488699009544
100,1,4,32,-1,0,HEFT,29.03797444579026,30074.66283151051,0.002444971659473779,0.9995600019288506,4.195782246460358
100,1,4,32,-1,0,GA,51.91685029856189,42647.32607583316,0.0029342707443391985,0.9994719707225715,8.35256454567652
100,1,4,32,-1,1,HEFT,25.84241804160686,27267.935384735687,0.0022408846068163635,0.9995967221091705,4.099216450740506
100,1,4,32,-1,1,GA,48.827491000126,39167.249677079875,0.002637919009435593,0.9995252872900516,7.282671150951663
100,1,4,32,-1,2,HEFT,30.15233513592188,31499.723562133207,0.0025738019211807754,0.9995368229538099,3.5993231758328075
100,1,4,32,-1,2,GA,49.86740124007197,40933.734178442275,0.0028145545351750175,0.9994935084938186,8.554389992591682
100,2,0.8,4,-1,0,HEFT,159.9574295635441,28992.59203921754,0.0027538288656547057,0.9995044336377752,7.167602340308237
100,2,0.8,4,-1,0,GA,210.70542208332307,32173.719635115336,0.002850111030376723,0.999487111586784,14.344023709869692
100,2,0.8,4,-1,1,HEFT,164.25392715376125,28290.596137775523,0.0026364867744696364,0.9995255449699971,15.050188304498993
100,2,0.8,4,-1,1,GA,239.64819082883596,32898.700583766775,0.002764287780876312,0.9995025519677619,10.704662387797187
100,2,0.8,4,-1,2,HEFT,173.78728934828774,30310.92461277038,0.0028383894992315985,0.999489220382484,12.779174967197804
100,2,0.8,4,-1,2,GA,231.18146032720117,32926.51237879034,0.0028203878918714067,0.9994924590219827,19.941454836155945
100,2,0.8,8,-1,0,HEFT,116.33939689432412,31005.41399873523,0.0025628981778914872,0.9995387847204618,9.19915343994445
100,2,0.8,8,-1,0,GA,166.62413419319637,36261.21839930307,0.0026182560099168245,0.9995288249560561,12.721737642206383
100,2,0.8,8,-1,1,HEFT,127.32615679006211,33672.8952124432,0.002771264103436336,0.9995012968551539,21.327704469989314
100,2,0.8,8,-1,1,GA,180.63919728894857,40404.50693307459,0.002979734366064022,0.9994637916252297,16.949240689409944
100,2,0.8,8,-1,2,HEFT,128.6016537316378,31571.80043289544,0.0024839847124881412,0.9995529826937728,23.783636130381048
100,2,0.8,8,-1,2,GA,176.33072601113065,37435.71632942521,0.0026496080920357457,0.9995231842562081,11.17328235439072
100,2,0.8,16,-1,0,HEFT,126.86109243721037,42379.01882688105,0.0023283836019298014,0.9995809787655808,19.325044560812902
100,2,0.8,16,-1,0,GA,166.76900575311268,52450.82299402113,0.0026396865490211237,0.9995249692840107,9.793075594387043
100,2,0.8,16,-1,1,HEFT,104.64914913093399,37629.001278151176,0.002265680186694037,0.9995922607146597,15.817317740908239
100,2,0.8,16,-1,1,GA,149.83216816277633,48615.34872440565,0.002564285844593359,0.9995385350556877,11.528299901813945
100,2,0.8,16,-1,2,HEFT,106.58114900045993,37231.79193563231,0.002166435572034109,0.9996101176209297,11.530928464342432
100,2,0.8,16,-1,2,GA,145.85287028482924,47081.525567995755,0.002464828743321517,0.999556429232816,9.204462181512982
100,2,0.8,32,-1,1,HEFT,109.5929646782804,58380.54828151684,0.0021055361556921413,0.999621075302079,12.7080303185653
100,2,0.8,32,-1,1,GA,142.5829762338514,75468.81513703143,0.0026766088195390807,0.9995183264544495,7.9703446032536975
100,2,0.8,32,-1,2,HEFT,112.49017453418767,60082.419893830505,0.0021816786657238288,0.9996073749375706,16.15466595062614
100,2,0.8,32,-1,2,GA,176.1018916179265,89569.8326608348,0.002835491767383852,0.9994897417079341,8.156936440960534
100,2,1,4,-1,0,HEFT,124.83302399945339,24681.886441368184,0.0024147159288623286,0.9995654455789397,6.11120569989338
100,2,1,4,-1,0,GA,168.16965821331667,26710.337616326342,0.0024080354033704323,0.9995666475517011,19.192814749599716
100,2,1,4,-1,1,HEFT,142.38664721783798,26569.485188042112,0.0025497320570524408,0.9995411535319848,2.5630862392592193
100,2,1,4,-1,1,GA,184.8247150024392,28673.2438317943,0.0025583536836792267,0.9995396023524754,5.107132146204344
100,2,1,4,-1,2,HEFT,163.02203099330276,31931.145535894037,0.0031144816599761637,0.9994395504117795,5.129567348989289
100,2,1,4,-1,2,GA,236.85339117386425,35360.50450987727,0.00309968239451315,0.9994422127901451,23.69697123255765
100,2,1,8,-1,0,HEFT,118.38501572773527,31542.540171756198,0.0026069223077381932,0.9995308640632999,16.606280572708314
100,2,1,8,-1,0,GA,173.52955702939127,37932.12809685571,0.0027484871604695287,0.99950539466868,13.209940140010284
100,2,1,8,-1,1,HEFT,110.71641137165429,29981.393333334476,0.002500338222436132,0.9995500403821669,12.99213539421674
100,2,1,8,-1,1,GA,165.9868373823458,35266.950986719356,0.0024977021444462736,0.999550514662815,14.605945454469236
100,2,1,8,-1,2,HEFT,98.26150006180124,27777.885042343423,0.002370126748890246,0.9995734681757725,9.664914385091095
100,2,1,8,-1,2,GA,140.3436418577746,32230.06528163524,0.002423394788538615,0.9995638840642761,16.99528919719473
100,2,1,16,-1,0,HEFT,96.41830059047906,36736.93555910898,0.002354602305650774,0.9995762613875582,17.182434432646136
100,2,1,16,-1,0,GA,141.13307264995848,47862.64910230151,0.0026828293479986415,0.9995172072992815,11.940362593796165
100,2,1,16,-1,1,HEFT,99.77228940598707,37133.7351912959,0.0023226686854452695,0.9995820070200365,16.555628587011704
100,2,1,16,-1,1,GA,138.46043899517522,46986.44288553451,0.002635922299542748,0.9995256465272815,9.058693333384124
100,2,1,16,-1,2,HEFT,89.55348945279577,35292.161631583454,0.00233822889620758,0.9995792073567511,14.237541268129137
100,2,1,16,-1,2,GA,136.3538776585211,47142.77087365945,0.0027083754991244703,0.9995126112226743,8.646564026656565
100,2,1,32,-1,0,HEFT,110.27630539182938,58831.40461641588,0.0021298841532239533,0.9996166943328147,15.638005893397843
100,2,1,32,-1,0,GA,136.89063904392629,73583.91107656882,0.0027154916904006633,0.9995113309333675,6.787764549308143
100,2,1,32,-1,1,HEFT,87.47041145976469,48920.10976395532,0.001980810305349571,0.9996435176999567,14.788776295148423
100,2,1,32,-1,1,GA,121.87731845321105,66481.09770984692,0.00254266245785709,0.9995424254767531,6.83817477931733
100,2,1,32,-1,2,HEFT,102.29551265587928,56172.049393844325,0.0021822445134349723,0.9996072731249783,16.1796926000045
100,2,1,32,-1,2,GA,139.1068628767497,74709.70237131232,0.002750990571917369,0.9995049442775971,8.92254367917859
100,2,2,4,-1,0,HEFT,128.44253412946756,27275.445920670427,0.0027274165739607217,0.9995091855055481,1.2175332023055498
100,2,2,4,-1,0,GA,164.10676296031033,28390.04242948445,0.002650247778732501,0.999523069167512,14.637952835880089
100,2,2,4,-1,1,HEFT,124.604030911112,26475.722305882744,0.0026478977806394534,0.999523491965517,3.674928978826322
100,2,2,4,-1,1,GA,160.20855196536593,28182.88837681307,0.0026476586411467063,0.9995235349901148,13.782006956516886
100,2,2,4,-1,2,HEFT,142.10955787607742,30549.030433811567,0.0030656035730955884,0.9994483435752322,3.262858830150994
100,2,2,4,-1,2,GA,181.98683606946366,32430.308108416928,0.0030613617541450483,0.9994491066817301,5.0039867842851145
100,2,2,8,-1,0,HEFT,70.6058539613325,25947.33991025577,0.0024766379754480425,0.9995543045161733,4.2533381397483225
100,2,2,8,-1,0,GA,103.77931252128421,29356.214571674718,0.002505607308737911,0.9995490923738398,8.363196551804185
100,2,2,8,-1,1,HEFT,72.07534942592332,26234.687764107413,0.002495536720829299,0.999550904263944,6.7042909906263635
100,2,2,8,-1,1,GA,111.00395939867121,31066.20653165607,0.0026369284792485317,0.9995254655008621,14.442024126338575
100,2,2,8,-1,2,HEFT,79.74452012522224,31029.813981269668,0.0030199405748382864,0.9994565584144269,4.16683540465884
100,2,2,8,-1,2,GA,129.80047862524972,37091.07059692596,0.0031821995670416004,0.9994273680941987,13.085602255108727
100,2,2,16,-1,0,HEFT,63.91719434325253,32857.99148466649,0.00265967573265659,0.9995213729466118,6.070645609981095
100,2,2,16,-1,0,GA,102.82661605054925,43304.4250246945,0.0030441491916006515,0.9994522032409738,11.417406612999127
100,2,2,16,-1,1,HEFT,58.38629284389499,30811.47403119546,0.0025324684502800545,0.9995442595601868,6.326273235760069
100,2,2,16,-1,1,GA,80.12636605532603,36544.25511420517,0.0027338492030468437,0.999508028201283,11.476615225457193
100,2,2,16,-1,2,HEFT,67.89073973930005,34877.798923076916,0.0028220641980789794,0.9994921574400532,8.006428957342647
100,2,2,16,-1,2,GA,100.63171356049966,44113.9722021992,0.003203189043744608,0.9994235921589895,10.57351499895749
100,2,2,32,-1,0,HEFT,60.207915862368296,41391.11610790594,0.0023606300280047173,0.9995751768578756,8.369419342839853
100,2,2,32,-1,0,GA,80.34001050989949,52939.965680742695,0.0028539278611035258,0.9994864249098587,6.522537899052328
100,2,2,32,-1,1,HEFT,56.35171281532009,40713.618559754905,0.0024644135450480613,0.999556503935358,8.03065289950594
100,2,2,32,-1,1,GA,84.67558075151214,54234.841111638554,0.00280612636990412,0.999495024796335,8.070208178437017
100,2,2,32,-1,2,HEFT,55.11510820240182,37499.754515051725,0.002110536558828091,0.9996201755709799,10.241664346375968
100,2,2,32,-1,2,GA,79.92171693157948,51872.68270867169,0.0027367885538688843,0.99950749937857,8.847560765020708
100,2,4,4,-1,0,HEFT,117.99914197238503,25579.176650264424,0.0025730255601537394,0.9995369626340774,2.426176958732887
100,2,4,4,-1,0,GA,134.68119054259893,26628.87258138373,0.0026051906247207984,0.9995311756200614,7.188611163696338
100,2,4,4,-1,1,HEFT,107.66631390583426,23608.013754011856,0.002382432905236668,0.9995712540148969,0.3447568513401938
100,2,4,4,-1,1,GA,145.57781598970354,26275.483399684832,0.002491957135940447,0.9995515483000672,14.21126506577799
100,2,4,4,-1,2,HEFT,122.95242412437184,26860.02024961239,0.0027077912004706125,0.9995127163451771,1.5172407050655383
100,2,4,4,-1,2,GA,171.7152973255036,29852.030489559827,0.002791950415753961,0.9994975751828044,10.25815845481268
100,2,4,8,-1,0,HEFT,66.9135175755334,27991.63067968167,0.002786554650184815,0.9994985459331048,2.315545932184439
100,2,4,8,-1,0,GA,109.26650990352431,33148.54371039806,0.0029275140516356237,0.9994731862858057,8.024279434394527
100,2,4,8,-1,1,HEFT,59.30695734169885,25035.55526117044,0.002498977694621105,0.9995502851670112,1.3164007101170523
100,2,4,8,-1,1,GA,88.04412111636904,28159.30803767368,0.0025461333863697998,0.9995418009956937,14.989229916199584
100,2,4,8,-1,2,HEFT,61.7854385623459,25976.299508347038,0.0025897800266617347,0.9995339482310809,1.5716321717208066
100,2,4,8,-1,2,GA,92.56245416739742,29352.856216155138,0.002644297237220283,0.999524139754718,6.71786128351158
100,2,4,16,-1,0,HEFT,37.66626664635824,24798.883783835714,0.0022696331508701463,0.9995915494714814,2.5472701647415272
100,2,4,16,-1,0,GA,64.38223682872783,31385.702423947318,0.0024579215701332788,0.9995576719732747,8.341038138514104
100,2,4,16,-1,1,HEFT,37.07184545670731,25147.716147448242,0.0023294472635349405,0.9995807873867364,2.457328317416966
100,2,4,16,-1,1,GA,59.24978636789597,30342.692356111398,0.0024504823479942336,0.9995590104418522,8.258188199048018
100,2,4,16,-1,2,HEFT,40.62789147667659,26868.285376316053,0.002463531035244722,0.9995566627166849,2.4622250740884057
100,2,4,16,-1,2,GA,63.6103901255201,32506.568117366383,0.0026218828440912824,0.9995281724337156,8.25696388587453
100,2,4,32,-1,0,HEFT,41.61022808202504,33428.597591697864,0.002254556848604684,0.9995942621011438,5.779334067074437
100,2,4,32,-1,0,GA,54.55961113390506,40840.16033944659,0.0025696730832076293,0.9995375658006919,8.03649543806641
100,2,4,32,-1,1,HEFT,39.06867394542576,31811.102418685055,0.0021716707524084716,0.9996091756563052,6.08700915421812
100,2,4,32,-1,1,GA,48.90166078141796,38592.57564831251,0.002559991977809821,0.9995393075953433,6.764806150248086
100,2,4,32,-1,2,HEFT,33.11588172093622,29788.971654561912,0.0022057458751579334,0.9996030445501416,4.456157860702177
100,2,4,32,-1,2,GA,52.171959651481615,40037.48098080795,0.0025844248675244205,0.9995349117109501,6.516761266155929
100,5,0.8,4,-1,0,HEFT,222.5802299394423,33793.78816637823,0.002985779990863696,0.9994627039968663,22.79123001915924
100,5,0.8,4,-1,0,GA,317.2498625177837,37717.36519041569,0.002905603590382697,0.999477128098912,34.05524526470447
100,5,0.8,4,-1,1,HEFT,188.3641406208911,27432.794990223778,0.002376139049150001,0.9995723864239097,11.164962489680768
100,5,0.8,4,-1,1,GA,303.92996569034585,33451.09805657186,0.002437010297601454,0.999561434344476,15.790879840955258
100,5,0.8,4,-1,2,HEFT,234.1743573054873,34671.24459427768,0.0030272448893558512,0.9994552443531826,25.61452808461175
100,5,0.8,4,-1,2,GA,356.96714563334695,40024.87138469724,0.0029574222731649337,0.9994678056565052,19.194576647554513
100,5,0.8,8,-1,0,HEFT,207.96028728577312,40868.42439840905,0.0027008057905652245,0.9995139731070526,27.68212667950922
100,5,0.8,8,-1,0,GA,306.3035836994862,51419.47543517759,0.0028442288630525733,0.9994881698344212,13.992577735248805
100,5,0.8,8,-1,1,HEFT,215.0362097187507,40541.541907157254,0.0025708095315448553,0.9995373613346076,37.04046652391633
100,5,0.8,8,-1,1,GA,311.81921851932543,53488.22744072953,0.003043098509415284,0.9994523922601841,12.03877681730534
100,5,0.8,8,-1,2,HEFT,181.33525112071152,37350.36833179979,0.002576509589691407,0.9995363357993395,21.644117542960387
100,5,0.8,8,-1,2,GA,276.1708884358979,48864.40227763083,0.00288785490798251,0.9994803211963939,13.634991345958303
100,5,0.8,16,-1,0,HEFT,210.5760895830396,59555.32870831821,0.0024708939933300524,0.9995553379726771,28.311460915855214
100,5,0.8,16,-1,0,GA,290.4395669389427,78776.59454941397,0.00297315215725284,0.9994649757882192,11.417364859914594
100,5,0.8,16,-1,1,HEFT,190.64805939348003,53029.597143967796,0.002122114953542588,0.9996180922536994,26.342599018191425
100,5,0.8,16,-1,1,GA,263.1328597171104,69984.12109146695,0.0025145493573361434,0.9995474835321543,9.72087934862231
100,5,0.8,16,-1,2,HEFT,153.79137303482096,46678.91928380984,0.002215888328310622,0.9996012196349385,15.834888663935837
100,5,0.8,16,-1,2,GA,228.36830654176282,63947.39487793457,0.002596987082934898,0.9995326515663877,10.37160449234642
100,5,0.8,32,-1,0,HEFT,166.01264933414924,79929.65343925942,0.002090542131129987,0.9996237732074523,16.07278654691486
100,5,0.8,32,-1,0,GA,220.59905686080566,104455.12293694486,0.0025510445868728022,0.9995409173850489,8.207033529056519
100,5,0.8,32,-1,1,HEFT,198.56888773836675,92500.51296722122,0.0020994909658512135,0.9996221630245226,20.504192956149254
100,5,0.8,32,-1,1,GA,277.6731033777033,127924.99661872914,0.002751747405903241,0.9995048081149308,8.54467082496978
100,5,0.8,32,-1,2,HEFT,210.56153702667484,98261.62161466759,0.0022488360977292584,0.999595291419029,18.448445309322775
100,5,0.8,32,-1,2,GA,266.710886060109,124688.78014168027,0.0028774935264339043,0.9994821852775841,9.511172116754064
100,5,1,4,-1,0,HEFT,188.03211948403634,29804.756801632982,0.0026846531093539065,0.9995168791807806,11.151018649510553
100,5,1,4,-1,0,GA,257.2653915208184,33548.76606465774,0.002739021611325383,0.9995070976262681,4.972485007095195
100,5,1,4,-1,1,HEFT,180.44461876161054,28201.46689177012,0.0025245639781928697,0.9995456817177445,7.464813434116506
100,5,1,4,-1,1,GA,297.7137115491003,34416.10865359738,0.0026002390825892205,0.9995320664801887,23.405910787738428
100,5,1,4,-1,2,HEFT,211.969122421991,32832.11233996007,0.002927337786008334,0.9994732179969048,13.573776466465084
100,5,1,4,-1,2,GA,297.13564773515054,36246.700798136655,0.0028403345874482466,0.9994888704454986,16.237483147974196
100,5,1,8,-1,0,HEFT,174.748215389979,37284.8245976879,0.002649741074967688,0.9995231603306952,23.513194124985095
100,5,1,8,-1,0,GA,252.12051368039042,45963.46453462326,0.002811355971744932,0.9994940839437941,9.590439776875257
100,5,1,8,-1,1,HEFT,220.9325862100302,46243.13865302362,0.0032343165861577166,0.999417992446632,25.1471352308535
100,5,1,8,-1,1,GA,325.60733860314207,57203.87553957563,0.0033521409604229968,0.9993967966274706,13.370009717845107
100,5,1,8,-1,2,HEFT,171.43464696017418,35751.29742896741,0.002492709472970373,0.9995514129401405,24.662436442786305
100,5,1,8,-1,2,GA,234.2979596016148,41986.562668772225,0.0025185992954802595,0.9995467548734343,15.186583862543765
100,5,1,16,-1,0,HEFT,167.55067066356335,53910.28306724872,0.00280885714468276,0.9994945335052103,25.007514149393256
100,5,1,16,-1,0,GA,232.19478627106145,68117.60034322628,0.0030408528913672475,0.9994527962501649,7.465752347215129
100,5,1,16,-1,1,HEFT,160.2210619704862,48635.94613954963,0.002309238015661019,0.9995844235330124,21.093752115902706
100,5,1,16,-1,1,GA,223.51119525092645,63820.08080666298,0.0027010247181505306,0.9995139337192421,6.858099569946857
100,5,1,16,-1,2,HEFT,163.32094620707625,49268.39116298738,0.0023140529058435057,0.9995835572133267,22.869977906237466
100,5,1,16,-1,2,GA,233.40989604409404,68036.44141888276,0.003000224984291565,0.9994601052984499,11.764571207088805
100,5,1,32,-1,0,HEFT,160.56507943427383,77371.25277970928,0.0020302664440501462,0.9996346188080434,19.000529760630663
100,5,1,32,-1,0,GA,220.5945885234022,104661.27296504838,0.002577900642385262,0.9995360855259824,7.041532428299743
100,5,1,32,-1,1,HEFT,159.87385122925343,78559.27991850955,0.0022180518147902114,0.9996008303627443,17.48585130454423
100,5,1,32,-1,1,GA,207.01214457086127,101675.20277985584,0.0028659611453029877,0.9994842600334453,9.17750602118359
100,5,1,32,-1,2,HEFT,177.51179101719376,86313.14484595928,0.0023447825704595456,0.9995780281924729,18.72412026710577
100,5,1,32,-1,2,GA,245.9006956609378,116114.60137844506,0.0028021620471117502,0.9994957380143517,7.426172917361847
100,5,2,4,-1,0,HEFT,114.84683597303594,23883.71849956251,0.002373523303986665,0.9995728570568152,2.4394963753991115
100,5,2,4,-1,0,GA,184.08925678965375,27353.621638051183,0.002392420841362765,0.9995694569588222,18.505420329238248
100,5,2,4,-1,1,HEFT,140.55410150579866,28461.83545272451,0.0028055863799026064,0.9994951219454571,6.378610487790299
100,5,2,4,-1,1,GA,203.35190530913945,30873.457841916745,0.00272772175543644,0.999509130599845,16.380911429311723
100,5,2,4,-1,2,HEFT,146.48855976599978,30644.965776395715,0.003050841719331747,0.9994509992466131,3.5190475366760987
100,5,2,4,-1,2,GA,215.6229899549597,34045.80841979635,0.0030614864214416376,0.9994490842539789,11.686000340887354
100,5,2,8,-1,0,HEFT,99.10175269522918,28681.933079566785,0.0024765070827939,0.9995543280663499,8.75983346152521
100,5,2,8,-1,0,GA,141.0370611512454,32953.53504252159,0.0025082657844963862,0.9995486140640886,12.97545911634534
100,5,2,8,-1,1,HEFT,101.19567807023583,29601.278544727218,0.0025693143992228137,0.9995376303339548,7.207943435258231
100,5,2,8,-1,1,GA,150.61629960011538,35254.193891815965,0.002686696270052312,0.9995165115895995,14.415087394104397
100,5,2,8,-1,2,HEFT,109.18271188887107,32384.36504164429,0.0028298223127018957,0.9994907616895793,7.643124964557931
100,5,2,8,-1,2,GA,183.16857836344425,41013.11157804291,0.0030269932887793615,0.9994552896166161,11.897883154002459
100,5,2,16,-1,0,HEFT,90.14429872302705,36205.59748878679,0.0024415881310033065,0.9995606106961852,11.398834531180709
100,5,2,16,-1,0,GA,129.1509827922601,45618.78155260614,0.002690154115825866,0.9995158894784834,7.329559507251536
100,5,2,16,-1,1,HEFT,95.38650938690915,37953.99929411523,0.002537440502820242,0.9995433649990032,14.568131043453196
100,5,2,16,-1,1,GA,155.06801065293138,53540.123933445284,0.0030706803472974747,0.9994474302604075,9.487396149231243
100,5,2,16,-1,2,HEFT,94.29216835001507,38340.43410523959,0.002614513925327739,0.999529498214137,7.451589856871011
100,5,2,16,-1,2,GA,125.09406007664862,46132.247081868336,0.002857130174050621,0.9994858487897279,9.360792495427173
100,5,2,32,-1,0,HEFT,91.17782933481482,51707.312308454566,0.002156980083189364,0.9996118189467951,13.914534247505788
100,5,2,32,-1,0,GA,113.47285513658939,64395.686727359905,0.0026901951362932274,0.9995158820983733,8.110540284813052
100,5,2,32,-1,1,HEFT,107.80027580676855,57840.0773349484,0.002124647470949519,0.999617636574763,13.248622027275175
100,5,2,32,-1,1,GA,128.16885675729083,69959.95067251063,0.0026799883304536127,0.999517718435678,7.49342164588036
100,5,2,32,-1,2,HEFT,102.1995665889907,57398.01992674876,0.002345398754079631,0.99957791732623,15.182020390660881
100,5,2,32,-1,2,GA,131.71456607702504,73747.39418795134,0.0029934109579294213,0.9994613311617532,8.498560809986571
100,5,4,4,-1,0,HEFT,119.1374133898122,25442.03810193473,0.0025482483539048762,0.9995414204760441,1.7165515693059121
100,5,4,4,-1,0,GA,161.99339883273373,27210.367129971437,0.0025109410834625607,0.9995481327277574,7.376299955240154
100,5,4,4,-1,1,HEFT,141.74538183614138,30188.897056980273,0.0030213331691014843,0.9994563078837145,2.90099187696716
100,5,4,4,-1,1,GA,167.43779438462684,30744.727957749055,0.002933813155980229,0.9994720530449881,12.770135900021245
100,5,4,4,-1,2,HEFT,144.12289652100193,30442.01941047615,0.0030392920384325656,0.9994530770499933,3.7620462938554406
100,5,4,4,-1,2,GA,185.40586919596433,31913.650314800878,0.002973406795012221,0.9994649299779461,10.741608189154617
100,5,4,8,-1,0,HEFT,80.82762809040138,27922.309189535263,0.002605020270394926,0.9995312062694641,5.8081086793573276
100,5,4,8,-1,0,GA,119.44208530839441,32479.684021019384,0.002714889383903556,0.9995114392955644,6.723772732451262
100,5,4,8,-1,1,HEFT,86.85778085672548,31825.036192821368,0.003034455972942599,0.9994539470660688,5.500396662252831
100,5,4,8,-1,1,GA,143.23539525726233,38398.8471540883,0.003184528321626759,0.9994269491584954,12.17973797845543
100,5,4,8,-1,2,HEFT,84.90542998419147,31861.032690359294,0.0030633218878393944,0.9994487540520958,3.3689731610511418
100,5,4,8,-1,2,GA,133.2754504963894,36631.07132298096,0.0030796677099906434,0.9994458134303371,9.876090179369191
100,5,4,16,-1,0,HEFT,66.36527951995171,32008.45439155264,0.0024891887239950794,0.9995520463908716,7.251193393219801
100,5,4,16,-1,0,GA,98.59340164538922,40408.11793597812,0.002774959279077958,0.9995006320554631,9.122331374150324
100,5,4,16,-1,1,HEFT,66.4365697127407,31101.40050568409,0.002370229860573369,0.9995734496235866,6.0633274345474275
100,5,4,16,-1,1,GA,87.93840228968546,36937.35281154196,0.0025908500738917773,0.9995337557123638,8.368090155343467
100,5,4,16,-1,2,HEFT,57.76239727871134,29676.111564377275,0.0024012572722047413,0.9995678670873372,7.083365329454158
100,5,4,16,-1,2,GA,88.90291710582768,35892.8092368581,0.002431970174746666,0.9995623411691249,8.97537775985237
100,5,4,32,-1,0,HEFT,73.36133912061423,47810.13140602417,0.002537387233037248,0.9995433745831859,10.607638323290436
100,5,4,32,-1,0,GA,98.78882669446661,61235.15574581314,0.003010367738389918,0.9994582805900623,8.008768180893933
100,5,4,32,-1,1,HEFT,61.55922543931961,39684.75371990459,0.0020731280557113514,0.9996269065666427,10.208228114118366
100,5,4,32,-1,1,GA,84.67026285977543,52803.29186483945,0.0026214355202436278,0.999528252914021,7.03794200797655
100,5,4,32,-1,2,HEFT,62.94168115582362,41749.32965955997,0.0022712821829100386,0.9995912527669969,9.393663833570027
100,5,4,32,-1,2,GA,88.75838269490288,55564.397378662594,0.002775346049589133,0.9995005624715381,7.655051447745167
100,8,0.5,4,-1,1,HEFT,369.748809754315,41081.0343967952,0.0030146113086031113,0.9994575171615034,48.549066076605975
100,8,0.5,4,-1,1,GA,510.31063700036367,48379.82730609333,0.0030859065542733696,0.9994446910613428,10.31766203249107
100,8,0.8,4,-1,0,HEFT,292.31443077411365,36170.50847772879,0.00286038963831671,0.9994852623879852,29.484165331917893
100,8,0.8,4,-1,0,GA,429.22257351605396,42970.55291337127,0.0028899056052455662,0.9994799522627809,27.355797073022124
100,8,0.8,4,-1,1,HEFT,289.85108100681515,38765.23664942769,0.003210902423914801,0.9994222045518119,26.17552626781911
100,8,0.8,4,-1,1,GA,468.41721886654176,48093.025635003374,0.003308656218269946,0.9994046191902463,14.544474994454331
100,8,0.8,4,-1,2,HEFT,228.27792968876642,29116.96940685958,0.0023462052689662526,0.9995777722148365,26.537577797350192
100,8,0.8,4,-1,2,GA,304.12543703124567,33102.6942995154,0.0023907846669270812,0.999569751343463,11.629042779142289
100,8,0.8,8,-1,0,HEFT,214.99403712272363,38065.26952391672,0.002251400770043314,0.9995948299649489,24.898992273351062
100,8,0.8,8,-1,0,GA,322.3247774799315,50166.39561651044,0.002483619764655945,0.9995530483550201,13.115703383811224
100,8,0.8,8,-1,1,HEFT,270.7100074896321,47601.72053647772,0.0027924495888208057,0.9994974853767998,38.82186475543037
100,8,0.8,8,-1,1,GA,376.4250688244205,58528.06877053661,0.0028929279280868526,0.9994794085277324,16.871377817133965
100,8,0.8,16,-1,1,HEFT,274.0745540098874,72420.0010902671,0.0025578406615463485,0.9995396946539482,32.50406584257917
100,8,0.8,16,-1,1,GA,384.14646074070254,95885.74052481694,0.0028591240390958717,0.9994854900786103,9.701175838739816
100,8,0.8,16,-1,2,HEFT,277.6399374808404,72170.95701385611,0.0024372208032990643,0.9995613964700688,38.90788955960486
100,8,0.8,16,-1,2,GA,414.4680566461624,100313.86690980814,0.0026790697718016747,0.999517883696508,9.58397881283121
100,8,0.8,32,-1,0,HEFT,220.8122847507158,101855.30845198246,0.0022045724945358655,0.9996032556748362,18.84450715603896
100,8,0.8,32,-1,0,GA,336.6429723154209,150136.5645716894,0.0026958221191948056,0.9995148697323059,8.973433662065926
100,8,0.8,32,-1,1,HEFT,276.41569297902834,124524.69488086653,0.0023748150874573206,0.999572624635137,22.57919913567661
100,8,0.8,32,-1,1,GA,376.5977528084294,166533.84119320335,0.0028320806349827476,0.9994903553986549,9.433060975569438
100,8,0.8,32,-1,2,HEFT,272.25126939971597,123957.82183102492,0.0025081827366322984,0.9995486290059572,18.349229695460107
100,8,0.8,32,-1,2,GA,402.6717715402965,178815.79084261053,0.003125301107381995,0.9994376040046172,9.079971551666125
100,8,1,4,-1,0,HEFT,227.05589657988259,31170.889437757818,0.002619148113943598,0.9995286644530045,11.462046906714004
100,8,1,4,-1,0,GA,348.12146546309964,37386.62568243209,0.002671420586589574,0.9995192598869901,12.230069392881553
100,8,1,4,-1,1,HEFT,261.5321107698056,35210.8666039875,0.0029273030086610892,0.9994732242535295,42.67107012054499
100,8,1,4,-1,1,GA,377.9319289616445,41455.50758348551,0.0030122448311791436,0.9994579428964511,24.441870193951374
100,8,1,4,-1,2,HEFT,266.6634834757065,34766.54644382314,0.002838074836820314,0.9994892769927894,39.02098567902401
100,8,1,4,-1,2,GA,377.43511298190424,40440.549644634186,0.002884194343863408,0.9994809797557341,16.224754118808534
100,8,1,8,-1,0,HEFT,251.02586959726875,45831.259277852296,0.002807852170092312,0.999494714309217,29.4509385220526
100,8,1,8,-1,0,GA,333.21803970043777,54989.45398947767,0.0029716436922785075,0.9994652471666794,11.737321467737868
100,8,1,8,-1,1,HEFT,209.52064446264333,39844.12060318137,0.002549113531623723,0.9995412648154822,35.29166889103377
100,8,1,8,-1,1,GA,295.15251288793945,49610.83074072077,0.002748861692955889,0.9995053272861796,18.90356167144079
100,8,1,8,-1,2,HEFT,207.46559748505067,37283.11266630635,0.002243722907976935,0.9995962114211248,37.502395607437556
100,8,1,8,-1,2,GA,294.7832127139335,47055.69497536651,0.0024233212603138104,0.9995638972935834,9.842753856012152
100,8,1,16,-1,0,HEFT,231.2114528080158,59724.79278606328,0.0019809035977938296,0.9996435009133036,23.005107043212245
100,8,1,16,-1,0,GA,322.16666604980577,81008.04298774745,0.0024744241739256775,0.999554702822923,8.552868688360759
100,8,1,16,-1,1,HEFT,227.33517156123966,61511.66577966878,0.0023079215555440267,0.9995846603973845,21.022570093696128
100,8,1,16,-1,1,GA,336.33460747437783,84439.19865664633,0.0025662731294012657,0.9995381775095575,8.139241160806318
100,8,1,16,-1,2,HEFT,248.9558513000081,67000.62217090798,0.0024807621086959217,0.9995535625033232,23.738046562182433
100,8,1,16,-1,2,GA,321.5242858696184,83817.15719884448,0.0028532938387438945,0.9994865389752796,12.204545408445442
100,8,1,32,-1,0,HEFT,238.74118455410817,108432.01647822115,0.002164780569695556,0.9996104154052488,22.06228882170757
100,8,1,32,-1,0,GA,314.7680342144089,141159.40947584482,0.0026212512063968733,0.9995282860748623,7.927164130251238
100,8,1,32,-1,1,HEFT,219.2496058811898,101717.1465364348,0.0022642503718421064,0.9995925179764281,22.575584902081374
100,8,1,32,-1,1,GA,306.5277631183841,139239.60465966177,0.0027820340597160564,0.9994993592316838,7.796743894373239
100,8,1,32,-1,2,HEFT,204.1419163255911,94349.2278048169,0.002061851671290688,0.999628935560612,19.672404572185926
100,8,1,32,-1,2,GA,290.4925537016572,131856.21471888854,0.00262365298416695,0.9995278539588877,7.737820596563769
100,8,2,4,-1,0,HEFT,140.52023824978647,26637.11599672476,0.0025700445168908275,0.9995374989735486,4.919788393435236
100,8,2,4,-1,0,GA,239.80429408957465,32357.60349953548,0.0026934105146299604,0.999515303610632,16.19896227505845
100,8,2,4,-1,1,HEFT,169.83793896197207,30661.9823990445,0.0029082378977868016,0.9994766541716248,9.152501884669531
100,8,2,4,-1,1,GA,251.08203140381326,35385.430333690776,0.0030146631558537126,0.9994575078340616,26.01634536357124
100,8,2,4,-1,2,HEFT,181.00550238193148,32789.26637796819,0.0031138245818650486,0.9994396686195601,3.016623837126633
100,8,2,4,-1,2,GA,271.7418291762768,37114.46718003505,0.003109930152399712,0.9994403692243173,8.829722572593916
100,8,2,8,-1,0,HEFT,132.17940264119824,33414.435206575705,0.0026776760404419475,0.9995181344472356,9.802167851635772
100,8,2,8,-1,0,GA,207.30477453891467,41838.12689427976,0.002834220741413948,0.9994899703758959,12.55902639895296
100,8,2,8,-1,1,HEFT,165.29613172981337,37665.22197117856,0.0028161231686196996,0.9994932262828488,12.3133473049436
100,8,2,8,-1,1,GA,197.88847595829083,40854.66146633841,0.0028239493248504517,0.9994918182896148,19.331285138241977
100,8,2,8,-1,2,HEFT,154.86649495246198,36261.45255928634,0.0027641174475258384,0.9995025826125135,10.468741580110109
100,8,2,8,-1,2,GA,230.12589192938972,45243.502035861566,0.002991139071142138,0.9994617398811753,10.165842722835293
100,8,2,16,-1,0,HEFT,120.48779207712676,40384.65837128752,0.0022288116656949855,0.9995988943645577,19.14653099968669
100,8,2,16,-1,0,GA,151.54734193147175,48442.255071063075,0.00249937537728947,0.9995502136163251,8.741030209901242
100,8,2,16,-1,1,HEFT,134.36971604560455,43099.800961685556,0.0022352474781562643,0.9995977363836445,19.768146194658925
100,8,2,16,-1,1,GA,195.358792303717,58332.077772216726,0.0026903345800908356,0.9995158570106416,10.00921694520984
100,8,2,16,-1,2,HEFT,147.13651678443557,48747.96967118085,0.002648289205241502,0.9995234215426633,13.154973615502483
100,8,2,16,-1,2,GA,186.35265345115002,57775.484466865026,0.0028418313958971857,0.9994886011577252,8.917780581324267
100,8,2,32,-1,0,HEFT,142.6421760159149,71761.34791093142,0.0021946708424832153,0.9996050372666768,18.66090533344786
100,8,2,32,-1,0,GA,184.45568124109724,92156.22879220228,0.0027551998960750573,0.9995041869746277,6.910697262723791
100,8,2,32,-1,1,HEFT,136.5920292897258,69353.03699427997,0.0021836818794606304,0.9996070145007342,19.206480477477044
100,8,2,32,-1,1,GA,178.6766577751444,89010.40459694245,0.0026354739032670538,0.9995257272003295,7.7765823455899
100,8,2,32,-1,2,HEFT,138.49537873726808,69997.53573410564,0.002172520710464432,0.9996090227236598,16.333310727808506
100,8,2,32,-1,2,GA,181.13317005098097,90270.80114573071,0.0026764423573842422,0.9995183564032063,9.060376257219453
100,8,4,4,-1,0,HEFT,143.76840894189044,29026.253738639694,0.002858574949538625,0.999485588863883,2.0406604249853624
100,8,4,4,-1,0,GA,208.20443770252726,33487.75469368149,0.003035392982423796,0.9994537784964748,6.539504316894693
100,8,4,4,-1,1,HEFT,117.79798666456192,23719.133545469987,0.0023339573883166685,0.9995799759049312,4.807463002175205
100,8,4,4,-1,1,GA,168.29316345501752,26237.076929547547,0.002346124687817404,0.9995777867133191,9.834942432504171
100,8,4,4,-1,2,HEFT,127.51784000832889,25446.584672225006,0.002496864128142793,0.9995506654379596,7.299948761370446
100,8,4,4,-1,2,GA,164.98209193807054,27008.377392788367,0.00246630968730762,0.9995561627811768,7.678780331690391
100,8,4,8,-1,0,HEFT,108.73653386506071,32973.57632377695,0.0029114817923425224,0.9994760705763577,5.852188818815617
100,8,4,8,-1,0,GA,150.00012297449106,37258.5813317465,0.0029533035563559895,0.9994685466312521,14.858302784696917
100,8,4,8,-1,1,HEFT,103.31843941089451,29358.62674573002,0.0025116352147653937,0.9995480078405886,7.321168020209162
100,8,4,8,-1,1,GA,143.53252494444018,33359.24941299448,0.0025297321729106236,0.9995447518657687,13.838469882184384
100,8,4,8,-1,2,HEFT,112.63158973350002,35005.35228881863,0.003125674376537807,0.9994375368539576,4.933808450236494
100,8,4,8,-1,2,GA,156.1818732173143,39184.049883451975,0.0031253992318591474,0.9994375863521451,14.466857370870951
100,8,4,16,-1,0,HEFT,91.10585613575158,36915.722989544025,0.0025094830247389815,0.9995483950597696,9.83480105201046
100,8,4,16,-1,0,GA,113.65344766221438,42908.0683679932,0.002724367754114734,0.999509734023918,10.76551405409534
100,8,4,16,-1,1,HEFT,87.44818880346303,35486.44386800303,0.002415554472575986,0.999565294706673,10.781653458296686
100,8,4,16,-1,1,GA,112.83420217211818,41533.76594964313,0.002567131670878093,0.9995380230434732,7.340549503423456
100,8,4,16,-1,2,HEFT,83.56118289312751,33734.01631459949,0.002285564496010208,0.9995886830047562,9.882351761424047
100,8,4,16,-1,2,GA,127.31136937144127,44906.86302548785,0.0026438087992469153,0.9995242276317196,11.58864373970287
100,8,4,32,-1,0,HEFT,96.26481741896387,55994.40940399135,0.002458490893424964,0.999557569540417,13.13783655568119
100,8,4,32,-1,0,GA,120.66947726571865,68387.96299388973,0.0028489513855108222,0.9994873202158232,9.284848201721717
100,8,4,32,-1,1,HEFT,99.33313549844196,57783.10931245146,0.0025373624394121118,0.9995433790440015,10.4914706251172
100,8,4,32,-1,1,GA,118.86190287548018,68608.0026233786,0.002967058387492793,0.9994660720805204,7.460650355600741
100,8,4,32,-1,2,HEFT,93.5073181093169,54673.60989439151,0.0024246511292524324,0.9995636580215969,10.629694899781416
100,8,4,32,-1,2,GA,126.46434296838191,70393.30276060296,0.002820541997512185,0.9994924312970461,9.308304410388459
100,10,0.8,4,-1,1,HEFT,335.3784344691671,39682.8303103736,0.003047114399981084,0.9994516697959867,36.21793430665769
100,10,0.8,4,-1,1,GA,483.39244256037927,46999.97555057341,0.003074565672826254,0.9994467312885014,20.18203665498528
100,10,0.8,4,-1,2,HEFT,329.00437297560944,37462.04635767679,0.002799720472202524,0.999496177276317,62.33980901084285
100,10,0.8,4,-1,2,GA,475.2636816123816,45719.465575592185,0.0029595360281909388,0.9994674253831598,21.7790885896813
100,10,0.8,8,-1,0,HEFT,254.35041217601042,43072.58520352599,0.0024101996943965104,0.9995662581482151,34.97314808633924
100,10,0.8,8,-1,0,GA,352.0175556449723,53617.575222587046,0.0025612260827738635,0.9995390855588119,15.761766020719799
100,10,0.8,16,-1,0,HEFT,309.8971381072872,78718.21462881615,0.002482941099769637,0.9995531704601076,31.829664903032842
100,10,0.8,16,-1,0,GA,426.82989590616563,103819.76628724013,0.002825378071480146,0.9994915612459461,7.846195603467117
100,10,0.8,16,-1,1,HEFT,332.84906494512757,84537.68927616955,0.002665461086137603,0.9995203320819518,36.722308971087294
100,10,0.8,16,-1,1,GA,509.0709093892788,122147.61073786707,0.0031532294748224214,0.9994325797383313,10.672330357625155
100,10,0.8,16,-1,2,HEFT,271.4110700031391,70259.59722898115,0.002344789636741401,0.9995780269210797,37.77686118192967
100,10,0.8,16,-1,2,GA,415.3383775548587,100951.72800643819,0.0027398914103236856,0.999506941139631,13.16641004684016
100,10,0.8,32,-1,1,HEFT,262.5601701386445,118859.08285163331,0.002330229653539256,0.9995806466155828,26.762330917042952
100,10,0.8,32,-1,1,GA,409.48096309378815,179873.64883774612,0.0029241549108180243,0.9994737906127998,10.382559705463306
100,10,0.8,32,-1,2,HEFT,314.4092020577712,136891.3524764662,0.0020876251791062117,0.999624298061417,22.727214015390203
100,10,0.8,32,-1,2,GA,442.6140804399144,189428.57603781967,0.0025148280554124743,0.9995474333892025,7.4070522708396345
100,10,1,4,-1,0,HEFT,266.5453836120462,34562.8690226537,0.0028124923267797775,0.9994938795033902,19.73199322334172
100,10,1,4,-1,0,GA,396.098313358367,41019.66098158018,0.002843274152503689,0.9994883415943783,21.854136982397204
100,10,1,4,-1,1,HEFT,334.09907121553914,40410.16533434548,0.0031490193689921973,0.9994333371276652,56.21462388568579
100,10,1,4,-1,1,GA,466.4567848328277,46136.3230987796,0.0030680100034630327,0.9994479106568145,19.763119523902244
100,10,1,4,-1,2,HEFT,263.41955820589766,32905.25945001045,0.0026177158470448796,0.999528922139566,26.54648202247287
100,10,1,4,-1,2,GA,408.99901549741367,40709.03335656193,0.0027231370300628004,0.9995099554456629,4.208457483616466
100,10,1,8,-1,0,HEFT,256.06991621745215,44698.13983693187,0.002598892490963368,0.9995323087532902,23.731328963831267
100,10,1,8,-1,0,GA,350.0211358825629,54436.41650512476,0.0026917813256329103,0.9995155967225549,14.481439426612182
100,10,1,8,-1,1,HEFT,311.0011391006776,51594.808951594045,0.002808617519112273,0.9994945766160127,34.76666759098921
100,10,1,8,-1,1,GA,406.8886025472006,62725.43207005727,0.0030573806492927664,0.9994498228860907,10.673906546230258
100,10,1,8,-1,2,HEFT,277.06538197860135,47966.54553141436,0.002760758250835741,0.9995031869673352,25.25801414115796
100,10,1,8,-1,2,GA,376.19541337446867,58916.63326697644,0.0029459784990991528,0.9994698644417007,8.217963445816515
100,10,1,16,-1,0,HEFT,262.3194865224518,67598.96758928239,0.00222656668953122,0.9995992982982638,33.464280297544434
100,10,1,16,-1,0,GA,333.62948208736555,84615.86335413111,0.002656201911286424,0.9995219979353739,10.222619956493705
100,10,1,16,-1,1,HEFT,262.18285364954625,68729.56033047286,0.002376027445705423,0.9995724065039402,35.42997525429288
100,10,1,16,-1,1,GA,403.4862374080691,99145.46093353812,0.00280053014873241,0.9994960316079802,11.17664707678304
100,10,1,16,-1,2,HEFT,228.23579089200078,59764.396100454316,0.002059835174313975,0.9996292983954496,34.679083626915094
100,10,1,16,-1,2,GA,346.49925288498423,86062.69329466908,0.0025238807158594456,0.9995458046490973,10.915265693964333
100,10,1,32,-1,0,HEFT,236.92710004165153,106385.02363442435,0.0019903123021227597,0.999641807951713,20.740120102567772
100,10,1,32,-1,0,GA,299.81197970913183,133883.6222916172,0.0024232328273011074,0.9995639132045854,7.9795113308391485
100,10,1,32,-1,1,HEFT,315.30113910588716,137419.07806358073,0.0021115556391369562,0.9996199922062142,22.164104227619703
100,10,1,32,-1,1,GA,397.41357901864876,172814.4336569776,0.002610803528916857,0.9995301657714796,7.773066592233084
100,10,1,32,-1,2,HEFT,231.634177669735,103977.420618618,0.0019418470792557819,0.999650528605093,21.10821756808763
100,10,1,32,-1,2,GA,332.68440392237653,146531.8236662403,0.002426487410858874,0.9995633276351873,7.568307460016236
100,10,2,4,-1,0,HEFT,168.8083722696349,29186.2017530238,0.0027239534733955206,0.9995098085578906,9.019793824224674
100,10,2,4,-1,0,GA,251.8969000146083,32468.760270303053,0.002632778949560964,0.9995262120620493,13.027406119975488
100,10,2,4,-1,1,HEFT,200.11975733205688,33020.1867375739,0.0030251212384541566,0.9994556264021809,7.980629959129204
100,10,2,4,-1,1,GA,303.0758192002558,36784.96641101506,0.002873039675633435,0.99948298655592,17.686755659917562
100,10,2,4,-1,2,HEFT,177.41430489940788,30020.87552608711,0.002778422337327588,0.999500009016453,6.982247871664452
100,10,2,4,-1,2,GA,254.7946166124155,32677.230193473762,0.0026417427126715527,0.9995245993504345,22.14855263718227
100,10,2,8,-1,0,HEFT,207.66886607280574,45378.42351130319,0.0032871075411258187,0.9994084956503109,13.49472897093383
100,10,2,8,-1,0,GA,280.7423855651464,52499.91010475578,0.0033008580220286465,0.9994060220308331,15.139438481417303
100,10,2,8,-1,1,HEFT,152.26239755656147,35220.50477741783,0.0026619269524532207,0.9995209679210797,9.888588665666434
100,10,2,8,-1,1,GA,211.70934939209707,41487.64303558397,0.002734308203351764,0.999507945621878,13.280176541045767
100,10,2,8,-1,2,HEFT,160.43762448271912,36242.42419252501,0.0026925597212124,0.9995154566792313,13.951094716402704
100,10,2,8,-1,2,GA,217.74261885048483,41990.66296589885,0.002724466609334924,0.9995097162387019,7.253944521177321
100,10,2,16,-1,0,HEFT,160.8330249552624,47528.72543642463,0.0021510057680896966,0.9996128939066488,21.91050790529306
100,10,2,16,-1,0,GA,211.42261557079593,59584.88010632209,0.0024537129091381483,0.9995584291974513,10.952951660045878
100,10,2,16,-1,1,HEFT,181.66217456369446,53333.589016956954,0.002384296059525532,0.9995709187909692,22.27814667057643
100,10,2,16,-1,1,GA,223.78965919975195,63928.91039428631,0.0027081777555470195,0.9995126467991703,11.808142382430306
100,10,2,16,-1,2,HEFT,133.39456795339126,42252.92790573921,0.0021500220747659037,0.9996130709029201,23.41038191293941
100,10,2,16,-1,2,GA,191.55983370254557,56703.98846213129,0.002574224856749681,0.9995367468606701,7.537456757437298
100,10,2,32,-1,0,HEFT,155.44133606137675,76970.2356560528,0.002232656667762808,0.99959820254203,16.04659368437245
100,10,2,32,-1,0,GA,217.51819877775802,104104.27216643443,0.0026585638030717507,0.9995215729981605,7.89818862066153
100,10,2,32,-1,1,HEFT,171.9949761827334,82996.41210273973,0.0021899665695827002,0.9996058837017151,15.233472379500778
100,10,2,32,-1,1,GA,205.8213429579203,99793.16854832869,0.0026818827974789796,0.9995173775961314,6.895194125911005
100,10,2,32,-1,2,HEFT,150.16364956474558,72938.18237676105,0.001973558261485626,0.9996448226033634,16.401227309687847
100,10,2,32,-1,2,GA,205.8961415601161,98154.29351695911,0.0024664308989501968,0.9995561409727647,7.05137620014234
100,10,4,4,-1,0,HEFT,174.3995508100244,32750.81850539414,0.0031498242979990914,0.9994331923225575,5.487307984029521
100,10,4,4,-1,0,GA,238.4122474850017,35924.313156008255,0.003162858562884777,0.9994308474874543,8.409135170260202
100,10,4,4,-1,1,HEFT,172.23641662171198,32847.082889711826,0.0031756763426188175,0.9994285416029116,7.88680501704799
100,10,4,4,-1,1,GA,224.98831813800246,35070.87206952651,0.0031358440308659414,0.9994357073474646,17.266584212896603
100,10,4,4,-1,2,HEFT,156.19658030655444,29755.98219717668,0.0028757811811966493,0.9994824933401723,2.5246973765174308
100,10,4,4,-1,2,GA,216.88026683283567,31571.388144743556,0.0027339968135358457,0.9995080016444673,20.4350678491502
100,10,4,8,-1,0,HEFT,133.5799279012789,38731.978997277125,0.003347326346092293,0.9993976627356704,6.548163004700476
100,10,4,8,-1,0,GA,185.48437521494967,42873.9444085078,0.0032386879054099003,0.9994172060674215,16.584465701025007
100,10,4,8,-1,1,HEFT,108.08445020383053,30814.972682900174,0.0026406802924202116,0.9995247904951847,3.4779506925842005
100,10,4,8,-1,1,GA,151.58391309691038,34832.32443957706,0.0026201897651516354,0.9995284770441794,8.940208512495335
100,10,4,8,-1,2,HEFT,122.00733066899919,32555.261654400427,0.0026928369392992904,0.9995154068041564,5.876243147313531
100,10,4,8,-1,2,GA,181.00860134992547,39958.793561682935,0.0029175669033708125,0.9994749758308425,16.89305924330726
100,10,4,16,-1,0,HEFT,100.76961323477144,38147.31332942432,0.002428882117357649,0.999562896776336,9.887105664183327
100,10,4,16,-1,0,GA,131.30546341752705,44768.833743772004,0.0025268972567967446,0.999545261918493,5.734349387046485
100,10,4,16,-1,1,HEFT,117.78339192351358,44759.17708568669,0.0028610808574124147,0.9994851380325991,7.714732536022305
100,10,4,16,-1,1,GA,147.88575533708152,52283.356966683335,0.0030864718271270907,0.9994445893687373,10.239422788741253
100,10,4,16,-1,2,HEFT,115.27884437795741,42821.98042771021,0.002672925362679894,0.9995189891575439,11.512883652502701
100,10,4,16,-1,2,GA,144.30662726749478,49566.05928230897,0.002824184347151159,0.9994917760070995,11.1426122753532
100,10,4,32,-1,0,HEFT,114.32067562397843,63419.68629085567,0.002522034476905421,0.9995461368212247,12.124176734002933
100,10,4,32,-1,0,GA,129.11678667048403,72596.29962059553,0.002973572808673082,0.9994649001114767,8.751030936107021
100,10,4,32,-1,1,HEFT,126.9250336376934,68671.45173434568,0.002575224653420079,0.999536566980655,10.579294059644491
100,10,4,32,-1,1,GA,144.7540134539469,78948.3518994737,0.003018450999116032,0.9994568263923848,8.223683260767327
100,10,4,32,-1,2,HEFT,110.39323995791244,59855.02144831611,0.0022563329850746423,0.9995939425263466,10.598369674772895
100,10,4,32,-1,2,GA,148.11751381068152,77049.26698062112,0.002606219854950831,0.9995309904454921,7.809314630793924
